#ifndef COMICNEUE_TTF_H
#define COMICNEUE_TTF_H
#include <stdint.h>
/* Comic Neue Regular (SIL OFL 1.1) embedded as a byte array.
   Font (c) 2014 The Comic Neue Project Authors. See assets/OFL.txt. */
static const unsigned char comicneue_ttf[] = {
  0x00,0x01,0x00,0x00,0x00,0x12,0x01,0x00,0x00,0x04,0x00,0x20,0x44,0x53,0x49,0x47,0x00,0x00,0x00,0x01,
  0x00,0x00,0xdf,0x98,0x00,0x00,0x00,0x08,0x47,0x44,0x45,0x46,0x0f,0xd1,0x0f,0x9b,0x00,0x00,0xba,0xf8,
  0x00,0x00,0x00,0xc4,0x47,0x50,0x4f,0x53,0x06,0x81,0x02,0x67,0x00,0x00,0xbb,0xbc,0x00,0x00,0x20,0x36,
  0x47,0x53,0x55,0x42,0x29,0xc3,0x2a,0x83,0x00,0x00,0xdb,0xf4,0x00,0x00,0x03,0xa2,0x4f,0x53,0x2f,0x32,
  0x6a,0x17,0x84,0x30,0x00,0x00,0x01,0xa8,0x00,0x00,0x00,0x60,0x63,0x6d,0x61,0x70,0x00,0xc0,0xfc,0x72,
  0x00,0x00,0x06,0xf4,0x00,0x00,0x01,0xbc,0x63,0x76,0x74,0x20,0x06,0x5c,0x11,0x98,0x00,0x00,0x17,0x7c,
  0x00,0x00,0x00,0x4a,0x66,0x70,0x67,0x6d,0x9e,0x36,0x12,0xcc,0x00,0x00,0x08,0xb0,0x00,0x00,0x0e,0x15,
  0x67,0x61,0x73,0x70,0x00,0x00,0x00,0x10,0x00,0x00,0xba,0xf0,0x00,0x00,0x00,0x08,0x67,0x6c,0x79,0x66,
  0xbb,0x6f,0x2a,0xee,0x00,0x00,0x1a,0x5c,0x00,0x00,0x94,0x2c,0x68,0x65,0x61,0x64,0x16,0x69,0x68,0x25,
  0x00,0x00,0x01,0x2c,0x00,0x00,0x00,0x36,0x68,0x68,0x65,0x61,0x06,0x1e,0x03,0xd7,0x00,0x00,0x01,0x64,
  0x00,0x00,0x00,0x24,0x68,0x6d,0x74,0x78,0x35,0x90,0x24,0x1d,0x00,0x00,0x02,0x08,0x00,0x00,0x04,0xea,
  0x6c,0x6f,0x63,0x61,0x85,0x68,0x61,0x4a,0x00,0x00,0x17,0xc8,0x00,0x00,0x02,0x92,0x6d,0x61,0x78,0x70,
  0x02,0x86,0x0f,0x26,0x00,0x00,0x01,0x88,0x00,0x00,0x00,0x20,0x6e,0x61,0x6d,0x65,0xa6,0xa2,0x96,0x1d,
  0x00,0x00,0xae,0x88,0x00,0x00,0x06,0x19,0x70,0x6f,0x73,0x74,0x15,0x5c,0x25,0x94,0x00,0x00,0xb4,0xa4,
  0x00,0x00,0x06,0x4c,0x70,0x72,0x65,0x70,0x6a,0xbd,0xd6,0xa8,0x00,0x00,0x16,0xc8,0x00,0x00,0x00,0xb2,
  0x00,0x01,0x00,0x00,0x00,0x02,0x00,0xc4,0xd2,0x2f,0xdf,0xb4,0x5f,0x0f,0x3c,0xf5,0x00,0x0f,0x03,0xe8,
  0x00,0x00,0x00,0x00,0xda,0x20,0x11,0xd4,0x00,0x00,0x00,0x00,0xda,0x8e,0x11,0xe0,0xfe,0x9a,0xff,0x29,
  0x03,0xfd,0x03,0xa0,0x00,0x00,0x00,0x07,0x00,0x02,0x00,0x00,0x00,0x00,0x00,0x00,0x00,0x01,0x00,0x00,
  0x03,0x84,0xff,0x06,0x00,0x00,0x04,0x1e,0xfe,0x9a,0xff,0x85,0x03,0xfd,0x00,0x01,0x00,0x00,0x00,0x00,
  0x00,0x00,0x00,0x00,0x00,0x00,0x00,0x00,0x00,0x00,0x01,0x2d,0x00,0x01,0x00,0x00,0x01,0x48,0x00,0x59,
  0x00,0x05,0x00,0x66,0x00,0x04,0x00,0x02,0x00,0x24,0x00,0x4e,0x00,0x8d,0x00,0x00,0x00,0x80,0x0e,0x15,
  0x00,0x03,0x00,0x02,0x00,0x04,0x01,0xed,0x01,0x90,0x00,0x05,0x00,0x00,0x02,0x8a,0x02,0x58,0x00,0x00,
  0x00,0x4b,0x02,0x8a,0x02,0x58,0x00,0x00,0x01,0x5e,0x00,0x32,0x01,0x24,0x00,0x00,0x02,0x00,0x00,0x00,
  0x00,0x00,0x00,0x00,0x00,0x00,0x00,0x00,0x00,0x07,0x00,0x00,0x00,0x00,0x00,0x00,0x00,0x00,0x00,0x00,
  0x00,0x00,0x55,0x4b,0x57,0x4e,0x00,0xc0,0x00,0x0d,0x22,0x15,0x03,0x84,0xff,0x06,0x00,0x00,0x03,0xe8,
  0x01,0x5e,0x00,0x00,0x00,0x03,0x00,0x00,0x00,0x00,0x01,0xe7,0x02,0x9e,0x00,0x00,0x00,0x20,0x00,0x03,
  0x01,0xf8,0x00,0x12,0x02,0x58,0x00,0x00,0x02,0x58,0x00,0x00,0x01,0x4e,0x00,0x00,0x00,0xf5,0x00,0x53,
  0x01,0x13,0x00,0x2c,0x02,0xe4,0x00,0x3b,0x02,0x5a,0x00,0x32,0x02,0xd0,0x00,0x3b,0x02,0x84,0x00,0x3a,
  0x00,0xc4,0x00,0x44,0x01,0x5a,0x00,0x3c,0x01,0x5a,0x00,0x2b,0x01,0x8a,0x00,0x3f,0x01,0xbc,0x00,0x35,
  0x00,0xa4,0x00,0x1f,0x01,0x92,0x00,0x31,0x00,0x99,0x00,0x22,0x01,0xb4,0x00,0x1f,0x02,0x61,0x00,0x42,
  0x01,0x8c,0x00,0x3f,0x02,0x0b,0x00,0x3c,0x01,0xfa,0x00,0x24,0x01,0xe4,0x00,0x22,0x02,0x1e,0x00,0x33,
  0x02,0x1e,0x00,0x3b,0x01,0xd9,0x00,0x26,0x02,0x03,0x00,0x33,0x02,0x13,0x00,0x30,0x00,0xb5,0x00,0x22,
  0x00,0xc7,0x00,0x1f,0x01,0xff,0x00,0x3f,0x01,0xce,0x00,0x3b,0x02,0x1d,0x00,0x49,0x01,0xf5,0x00,0x1c,
  0x03,0x40,0x00,0x45,0x02,0x45,0x00,0x1b,0x02,0x6c,0x00,0x53,0x02,0x66,0x00,0x30,0x02,0x75,0x00,0x53,
  0x02,0x5b,0x00,0x53,0x02,0x41,0x00,0x53,0x02,0xcc,0x00,0x30,0x02,0xd3,0x00,0x53,0x01,0x88,0x00,0x25,
  0x01,0xc9,0x00,0x12,0x02,0x30,0x00,0x53,0x01,0xf4,0x00,0x53,0x03,0x46,0x00,0x29,0x02,0x92,0x00,0x53,
  0x02,0x83,0x00,0x30,0x02,0x30,0x00,0x53,0x02,0xc4,0x00,0x30,0x02,0x54,0x00,0x53,0x02,0x28,0x00,0x1c,
  0x02,0x0a,0x00,0x09,0x02,0xb3,0x00,0x43,0x02,0x18,0x00,0x0d,0x03,0x63,0x00,0x0f,0x02,0xad,0x00,0x32,
  0x02,0x52,0x00,0x0c,0x02,0x46,0x00,0x14,0x01,0x3e,0x00,0x44,0x02,0x25,0x00,0x43,0x01,0x3e,0x00,0x39,
  0x01,0xf8,0x00,0x63,0x01,0xee,0xff,0xe5,0x00,0xb5,0x00,0x00,0x02,0x04,0x00,0x2e,0x02,0x17,0x00,0x4e,
  0x01,0xe2,0x00,0x2e,0x02,0x12,0x00,0x2e,0x01,0xf5,0x00,0x2e,0x01,0x17,0xff,0xf3,0x02,0x12,0x00,0x2e,
  0x02,0x18,0x00,0x4e,0x00,0xe3,0x00,0x4e,0x00,0xec,0xff,0xa3,0x01,0xe4,0x00,0x4d,0x00,0xdb,0x00,0x4e,
  0x03,0x3b,0x00,0x4e,0x02,0x29,0x00,0x4e,0x02,0x11,0x00,0x2e,0x02,0x13,0x00,0x4e,0x02,0x08,0x00,0x2e,
  0x01,0x8d,0x00,0x4e,0x01,0xa0,0x00,0x17,0x01,0x1e,0xff,0xd9,0x01,0xff,0x00,0x3f,0x01,0xa2,0xff,0xfb,
  0x02,0x56,0x00,0x0f,0x01,0xd9,0xff,0xf3,0x01,0xbf,0xff,0xfd,0x01,0xb2,0x00,0x0b,0x01,0x75,0x00,0x3c,
  0x00,0xc5,0x00,0x42,0x01,0x75,0x00,0x30,0x02,0x67,0x00,0x36,0x00,0xf5,0x00,0x53,0x01,0xe0,0x00,0x27,
  0x02,0x95,0x00,0x0f,0x01,0xfb,0x00,0x2c,0x01,0xee,0x00,0x21,0x00,0xdf,0x00,0x50,0x01,0xa5,0x00,0x14,
  0x01,0x09,0x00,0x00,0x02,0x23,0x00,0x2c,0x01,0x2e,0x00,0x0e,0x01,0xde,0x00,0x26,0x02,0x2b,0x00,0x30,
  0x01,0x07,0x00,0x00,0x00,0xf7,0xff,0xff,0x01,0xbd,0x00,0x39,0x00,0xf9,0x00,0x04,0x00,0xf5,0x00,0x02,
  0x00,0xb5,0x00,0x00,0x02,0x2d,0x00,0x3e,0x00,0xb0,0x00,0x30,0x00,0xac,0x00,0x00,0x00,0xb0,0x00,0x03,
  0x01,0x19,0xff,0xff,0x02,0xad,0x00,0x3b,0x02,0xe5,0x00,0x3b,0x02,0xde,0x00,0x3a,0x01,0xe5,0x00,0x41,
  0x02,0x45,0x00,0x1b,0x02,0x45,0x00,0x1b,0x02,0x45,0x00,0x1b,0x02,0x45,0x00,0x1b,0x02,0x45,0x00,0x1b,
  0x02,0x45,0x00,0x1b,0x04,0x14,0x00,0x33,0x02,0x66,0x00,0x30,0x02,0x5b,0x00,0x53,0x02,0x5b,0x00,0x53,
  0x02,0x5b,0x00,0x53,0x02,0x5b,0x00,0x53,0x01,0x88,0x00,0x25,0x01,0x88,0x00,0x25,0x01,0x88,0x00,0x25,
  0x01,0x88,0x00,0x25,0x02,0x7a,0x00,0x0f,0x02,0x92,0x00,0x53,0x02,0x83,0x00,0x30,0x02,0x83,0x00,0x30,
  0x02,0x83,0x00,0x30,0x02,0x83,0x00,0x30,0x02,0x83,0x00,0x30,0x01,0x78,0x00,0x40,0x02,0x7b,0x00,0x2f,
  0x02,0xb3,0x00,0x43,0x02,0xb3,0x00,0x43,0x02,0xb3,0x00,0x43,0x02,0xb3,0x00,0x43,0x02,0x52,0x00,0x0c,
  0x02,0x1e,0x00,0x43,0x02,0x0e,0x00,0x49,0x02,0x04,0x00,0x2e,0x02,0x04,0x00,0x2e,0x02,0x04,0x00,0x2e,
  0x02,0x04,0x00,0x2e,0x02,0x04,0x00,0x2e,0x02,0x04,0x00,0x2e,0x03,0x36,0x00,0x30,0x01,0xe2,0x00,0x2e,
  0x01,0xf5,0x00,0x2e,0x01,0xf5,0x00,0x2e,0x01,0xf5,0x00,0x2e,0x01,0xf5,0x00,0x2e,0x00,0xe4,0xff,0xf9,
  0x00,0xe4,0x00,0x35,0x00,0xe4,0xff,0xda,0x00,0xe4,0xff,0xec,0x01,0xd6,0x00,0x28,0x02,0x29,0x00,0x4e,
  0x02,0x11,0x00,0x2e,0x02,0x11,0x00,0x2e,0x02,0x11,0x00,0x2e,0x02,0x11,0x00,0x2e,0x02,0x11,0x00,0x2e,
  0x01,0xb0,0x00,0x3b,0x02,0x11,0x00,0x2e,0x01,0xff,0x00,0x3f,0x01,0xff,0x00,0x3f,0x01,0xff,0x00,0x3f,
  0x01,0xff,0x00,0x3f,0x01,0xbf,0xff,0xfd,0x02,0x13,0x00,0x4e,0x01,0xbf,0xff,0xfd,0x02,0x04,0x00,0x2e,
  0x02,0x45,0x00,0x1b,0x02,0x04,0x00,0x2e,0x02,0x45,0x00,0x1b,0x01,0xfa,0x00,0x30,0x02,0x66,0x00,0x30,
  0x01,0xe2,0x00,0x2e,0x02,0x66,0x00,0x30,0x01,0xe2,0x00,0x2e,0x02,0x66,0x00,0x30,0x01,0xe2,0x00,0x2e,
  0x02,0x75,0x00,0x53,0x02,0x2a,0x00,0x2e,0x02,0x93,0x00,0x23,0x02,0x23,0x00,0x2e,0x02,0x5b,0x00,0x53,
  0x02,0x05,0x00,0x31,0x02,0x5b,0x00,0x53,0x01,0xf5,0x00,0x2e,0x02,0xcc,0x00,0x30,0x02,0x12,0x00,0x2e,
  0x02,0xd3,0x00,0x53,0x02,0x18,0xff,0xd8,0x01,0xc9,0x00,0x12,0x00,0xec,0xff,0xa3,0x01,0xf4,0x00,0x49,
  0x00,0xdb,0x00,0x31,0x01,0xf4,0x00,0x53,0x00,0xf0,0x00,0x4e,0x01,0xf5,0x00,0x10,0x01,0x0f,0x00,0x0f,
  0x02,0x92,0x00,0x53,0x02,0x29,0x00,0x4e,0x02,0x92,0x00,0x53,0x02,0x29,0x00,0x4e,0x02,0x83,0x00,0x30,
  0x02,0x11,0x00,0x2e,0x04,0x1e,0x00,0x2f,0x03,0x5a,0x00,0x30,0x02,0x54,0x00,0x53,0x01,0x8d,0x00,0x4e,
  0x02,0x54,0x00,0x53,0x01,0x8d,0x00,0x32,0x02,0x28,0x00,0x1c,0x01,0xa0,0x00,0x17,0x02,0x28,0x00,0x1c,
  0x01,0xa0,0x00,0x17,0x02,0x28,0x00,0x1c,0x01,0xa0,0x00,0x17,0x02,0x28,0x00,0x1c,0x01,0xa0,0x00,0x17,
  0x02,0x0a,0x00,0x09,0x01,0x1e,0xff,0xd9,0x02,0x0a,0x00,0x09,0x01,0x2f,0xff,0xd9,0x02,0xb3,0x00,0x43,
  0x01,0xff,0x00,0x3f,0x02,0xb3,0x00,0x43,0x01,0xff,0x00,0x3f,0x02,0xb3,0x00,0x43,0x01,0xff,0x00,0x3f,
  0x02,0x52,0x00,0x0c,0x02,0x46,0x00,0x14,0x01,0xb2,0x00,0x0b,0x02,0x46,0x00,0x14,0x01,0xb2,0x00,0x0b,
  0x02,0x46,0x00,0x14,0x01,0xb2,0x00,0x0b,0x01,0x2e,0x00,0x00,0x01,0x2e,0x00,0x00,0x01,0x41,0x00,0x00,
  0x00,0x70,0x00,0x02,0x00,0xf1,0x00,0x00,0x00,0xcd,0x00,0x00,0x01,0x68,0x00,0x03,0x01,0x5e,0x00,0x00,
  0x02,0x58,0x00,0x49,0x03,0x38,0x00,0x32,0x00,0xb9,0x00,0x3b,0x00,0xb9,0x00,0x21,0x01,0x09,0x00,0x58,
  0x01,0x34,0x00,0x2a,0x01,0x46,0x00,0x21,0x01,0x75,0x00,0x47,0x01,0x39,0x00,0x41,0x02,0x98,0x00,0x29,
  0x01,0x59,0x00,0x3a,0x01,0x5a,0x00,0x30,0x00,0xa0,0xff,0x84,0x01,0xe7,0x00,0x0b,0x01,0xbe,0x00,0x36,
  0x02,0x41,0x00,0x32,0x02,0x41,0x00,0x84,0x02,0x41,0x00,0x58,0x02,0x41,0x00,0x48,0x02,0x41,0x00,0x4a,
  0x02,0x41,0x00,0x45,0x02,0x41,0x00,0x4d,0x02,0x41,0x00,0x4d,0x02,0x41,0x00,0x52,0x02,0x41,0x00,0x46,
  0x00,0xe4,0x00,0x4d,0x00,0xec,0xff,0xa3,0x01,0x06,0x00,0x02,0x01,0x92,0x00,0x31,0x02,0x33,0x00,0x3a,
  0x02,0x2f,0x00,0x30,0x01,0x4e,0x00,0x00,0x02,0x9b,0x00,0x3d,0x01,0x8a,0x00,0x32,0x01,0xf8,0x00,0x42,
  0x00,0x00,0xfe,0xf7,0xff,0x92,0xff,0x4b,0xff,0x4b,0xfe,0x9a,0xff,0xa4,0xfe,0xd2,0xfe,0xd2,0xfe,0xbf,
  0xff,0x0f,0xfe,0x9b,0xfe,0xf9,0xff,0xa4,0xff,0x54,0xff,0x33,0xfe,0xf7,0xff,0x92,0xff,0x38,0xff,0x49,
  0xfe,0x9a,0xfe,0xd2,0xfe,0xd2,0xfe,0xbf,0xff,0x0f,0xfe,0x9b,0xfe,0xf9,0xff,0x54,0xff,0x33,0x00,0x00,
  0x00,0x00,0x00,0x02,0x00,0x00,0x00,0x03,0x00,0x00,0x00,0x14,0x00,0x03,0x00,0x01,0x00,0x00,0x00,0x14,
  0x00,0x04,0x01,0xa8,0x00,0x00,0x00,0x5e,0x00,0x40,0x00,0x05,0x00,0x1e,0x00,0x0d,0x00,0x7e,0x00,0xa0,
  0x00,0xaa,0x00,0xad,0x00,0xb4,0x00,0xb5,0x00,0xba,0x00,0xbb,0x00,0xff,0x01,0x09,0x01,0x11,0x01,0x1d,
  0x01,0x25,0x01,0x31,0x01,0x35,0x01,0x3a,0x01,0x3e,0x01,0x44,0x01,0x48,0x01,0x55,0x01,0x61,0x01,0x63,
  0x01,0x65,0x01,0x71,0x01,0x7e,0x02,0x1b,0x02,0x37,0x02,0xc7,0x02,0xdd,0x03,0x04,0x03,0x08,0x03,0x0c,
  0x03,0x28,0x20,0x14,0x20,0x1a,0x20,0x1e,0x20,0x22,0x20,0x26,0x20,0x3a,0x20,0x44,0x20,0x74,0x20,0xac,
  0x21,0x22,0x22,0x12,0x22,0x15,0xff,0xff,0x00,0x00,0x00,0x0d,0x00,0x20,0x00,0xa0,0x00,0xa1,0x00,0xab,
  0x00,0xae,0x00,0xb5,0x00,0xb6,0x00,0xbb,0x00,0xbc,0x01,0x01,0x01,0x0c,0x01,0x18,0x01,0x24,0x01,0x31,
  0x01,0x34,0x01,0x39,0x01,0x3d,0x01,0x41,0x01,0x47,0x01,0x50,0x01,0x58,0x01,0x63,0x01,0x64,0x01,0x6c,
  0x01,0x78,0x02,0x1a,0x02,0x37,0x02,0xc6,0x02,0xd8,0x03,0x00,0x03,0x06,0x03,0x0a,0x03,0x26,0x20,0x13,
  0x20,0x18,0x20,0x1c,0x20,0x22,0x20,0x26,0x20,0x39,0x20,0x44,0x20,0x74,0x20,0xac,0x21,0x22,0x22,0x12,
  0x22,0x15,0xff,0xff,0xff,0xf5,0xff,0xe3,0x00,0x00,0xff,0xc1,0x00,0x00,0xff,0xbf,0x00,0x00,0xff,0xbe,
  0x00,0x6c,0xff,0xbd,0xff,0xbc,0xff,0xba,0xff,0xb4,0xff,0xae,0xff,0xf1,0xff,0xa0,0xff,0x9d,0xff,0x9b,
  0xff,0x99,0xff,0x97,0xff,0x90,0xff,0x8e,0xff,0x8d,0xff,0x8e,0xff,0x88,0xff,0x82,0xfe,0xd6,0xfe,0xec,
  0xfe,0x3b,0xfe,0x2b,0x00,0x00,0x00,0x00,0x00,0x00,0xfe,0x12,0xe0,0xf6,0xe0,0xf3,0xe0,0xf2,0xe0,0xef,
  0xe0,0xec,0xe0,0xda,0xe0,0xd1,0xe0,0xb0,0xe0,0x7d,0xdf,0xf4,0xdf,0x05,0xdf,0x15,0x00,0x01,0x00,0x00,
  0x00,0x00,0x00,0x5a,0x00,0x00,0x00,0x58,0x00,0x00,0x00,0x5a,0x00,0x00,0x00,0x00,0x00,0x00,0x00,0x00,
  0x00,0x00,0x00,0x00,0x00,0x00,0x00,0x00,0x00,0x00,0x00,0x00,0x00,0x00,0x00,0x00,0x00,0x00,0x00,0x00,
  0x00,0x00,0x00,0x00,0x00,0x00,0x00,0x00,0x00,0x00,0x00,0x00,0x00,0x00,0x00,0x00,0x00,0x00,0x00,0x2c,
  0x00,0x34,0x00,0x38,0x00,0x00,0x00,0x00,0x00,0x00,0x00,0x00,0x00,0x00,0x00,0x00,0x00,0x00,0x00,0x00,
  0x00,0x00,0x00,0x00,0x00,0x00,0x00,0x00,0x00,0x00,0x00,0x00,0x01,0x28,0x01,0x26,0x00,0x6c,0x01,0x25,
  0x01,0x2b,0x01,0x2e,0x01,0x2f,0x01,0x32,0x01,0x36,0x01,0x37,0x01,0x34,0x01,0x2d,0x01,0x2c,0x01,0x35,
  0x01,0x30,0x01,0x33,0xb0,0x00,0x2c,0x20,0xb0,0x00,0x55,0x58,0x45,0x59,0x20,0x20,0x4b,0xb8,0x00,0x0e,
  0x51,0x4b,0xb0,0x06,0x53,0x5a,0x58,0xb0,0x34,0x1b,0xb0,0x28,0x59,0x60,0x66,0x20,0x8a,0x55,0x58,0xb0,
  0x02,0x25,0x61,0xb9,0x08,0x00,0x08,0x00,0x63,0x63,0x23,0x62,0x1b,0x21,0x21,0xb0,0x00,0x59,0xb0,0x00,
  0x43,0x23,0x44,0xb2,0x00,0x01,0x00,0x43,0x60,0x42,0x2d,0xb0,0x01,0x2c,0xb0,0x20,0x60,0x66,0x2d,0xb0,
  0x02,0x2c,0x23,0x21,0x23,0x21,0x2d,0xb0,0x03,0x2c,0x20,0x64,0xb3,0x03,0x14,0x15,0x00,0x42,0x43,0xb0,
  0x13,0x43,0x20,0x60,0x60,0x42,0xb1,0x02,0x14,0x43,0x42,0xb1,0x25,0x03,0x43,0xb0,0x02,0x43,0x54,0x78,
  0x20,0xb0,0x0c,0x23,0xb0,0x02,0x43,0x43,0x61,0x64,0xb0,0x04,0x50,0x78,0xb2,0x02,0x02,0x02,0x43,0x60,
  0x42,0xb0,0x21,0x65,0x1c,0x21,0xb0,0x02,0x43,0x43,0xb2,0x0e,0x15,0x01,0x42,0x1c,0x20,0xb0,0x02,0x43,
  0x23,0x42,0xb2,0x13,0x01,0x13,0x43,0x60,0x42,0x23,0xb0,0x00,0x50,0x58,0x65,0x59,0xb2,0x16,0x01,0x02,
  0x43,0x60,0x42,0x2d,0xb0,0x04,0x2c,0xb0,0x03,0x2b,0xb0,0x15,0x43,0x58,0x23,0x21,0x23,0x21,0xb0,0x16,
  0x43,0x43,0x23,0xb0,0x00,0x50,0x58,0x65,0x59,0x1b,0x20,0x64,0x20,0xb0,0xc0,0x50,0xb0,0x04,0x26,0x5a,
  0xb2,0x28,0x01,0x0d,0x43,0x45,0x63,0x45,0xb0,0x06,0x45,0x58,0x21,0xb0,0x03,0x25,0x59,0x52,0x5b,0x58,
  0x21,0x23,0x21,0x1b,0x8a,0x58,0x20,0xb0,0x50,0x50,0x58,0x21,0xb0,0x40,0x59,0x1b,0x20,0xb0,0x38,0x50,
  0x58,0x21,0xb0,0x38,0x59,0x59,0x20,0xb1,0x01,0x0d,0x43,0x45,0x63,0x45,0x61,0x64,0xb0,0x28,0x50,0x58,
  0x21,0xb1,0x01,0x0d,0x43,0x45,0x63,0x45,0x20,0xb0,0x30,0x50,0x58,0x21,0xb0,0x30,0x59,0x1b,0x20,0xb0,
  0xc0,0x50,0x58,0x20,0x66,0x20,0x8a,0x8a,0x61,0x20,0xb0,0x0a,0x50,0x58,0x60,0x1b,0x20,0xb0,0x20,0x50,
  0x58,0x21,0xb0,0x0a,0x60,0x1b,0x20,0xb0,0x36,0x50,0x58,0x21,0xb0,0x36,0x60,0x1b,0x60,0x59,0x59,0x59,
  0x1b,0xb0,0x02,0x25,0xb0,0x0c,0x43,0x63,0xb0,0x00,0x52,0x58,0xb0,0x00,0x4b,0xb0,0x0a,0x50,0x58,0x21,
  0xb0,0x0c,0x43,0x1b,0x4b,0xb0,0x1e,0x50,0x58,0x21,0xb0,0x1e,0x4b,0x61,0xb8,0x10,0x00,0x63,0xb0,0x0c,
  0x43,0x63,0xb8,0x05,0x00,0x62,0x59,0x59,0x64,0x61,0x59,0xb0,0x01,0x2b,0x59,0x59,0x23,0xb0,0x00,0x50,
  0x58,0x65,0x59,0x59,0x20,0x64,0xb0,0x16,0x43,0x23,0x42,0x59,0x2d,0xb0,0x05,0x2c,0x20,0x45,0x20,0xb0,
  0x04,0x25,0x61,0x64,0x20,0xb0,0x07,0x43,0x50,0x58,0xb0,0x07,0x23,0x42,0xb0,0x08,0x23,0x42,0x1b,0x21,
  0x21,0x59,0xb0,0x01,0x60,0x2d,0xb0,0x06,0x2c,0x23,0x21,0x23,0x21,0xb0,0x03,0x2b,0x20,0x64,0xb1,0x07,
  0x62,0x42,0x20,0xb0,0x08,0x23,0x42,0xb0,0x06,0x45,0x58,0x1b,0xb1,0x01,0x0d,0x43,0x45,0x63,0xb1,0x01,
  0x0d,0x43,0xb0,0x02,0x60,0x45,0x63,0xb0,0x05,0x2a,0x21,0x20,0xb0,0x08,0x43,0x20,0x8a,0x20,0x8a,0xb0,
  0x01,0x2b,0xb1,0x30,0x05,0x25,0xb0,0x04,0x26,0x51,0x58,0x60,0x50,0x1b,0x61,0x52,0x59,0x58,0x23,0x59,
  0x21,0x59,0x20,0xb0,0x40,0x53,0x58,0xb0,0x01,0x2b,0x1b,0x21,0xb0,0x40,0x59,0x23,0xb0,0x00,0x50,0x58,
  0x65,0x59,0x2d,0xb0,0x07,0x2c,0xb0,0x09,0x43,0x2b,0xb2,0x00,0x02,0x00,0x43,0x60,0x42,0x2d,0xb0,0x08,
  0x2c,0xb0,0x09,0x23,0x42,0x23,0x20,0xb0,0x00,0x23,0x42,0x61,0xb0,0x02,0x62,0x66,0xb0,0x01,0x63,0xb0,
  0x01,0x60,0xb0,0x07,0x2a,0x2d,0xb0,0x09,0x2c,0x20,0x20,0x45,0x20,0xb0,0x0e,0x43,0x63,0xb8,0x04,0x00,
  0x62,0x20,0xb0,0x00,0x50,0x58,0xb0,0x40,0x60,0x59,0x66,0xb0,0x01,0x63,0x60,0x44,0xb0,0x01,0x60,0x2d,
  0xb0,0x0a,0x2c,0xb2,0x09,0x0e,0x00,0x43,0x45,0x42,0x2a,0x21,0xb2,0x00,0x01,0x00,0x43,0x60,0x42,0x2d,
  0xb0,0x0b,0x2c,0xb0,0x00,0x43,0x23,0x44,0xb2,0x00,0x01,0x00,0x43,0x60,0x42,0x2d,0xb0,0x0c,0x2c,0x20,
  0x20,0x45,0x20,0xb0,0x01,0x2b,0x23,0xb0,0x00,0x43,0xb0,0x04,0x25,0x60,0x20,0x45,0x8a,0x23,0x61,0x20,
  0x64,0x20,0xb0,0x20,0x50,0x58,0x21,0xb0,0x00,0x1b,0xb0,0x30,0x50,0x58,0xb0,0x20,0x1b,0xb0,0x40,0x59,
  0x59,0x23,0xb0,0x00,0x50,0x58,0x65,0x59,0xb0,0x03,0x25,0x23,0x61,0x44,0x44,0xb0,0x01,0x60,0x2d,0xb0,
  0x0d,0x2c,0x20,0x20,0x45,0x20,0xb0,0x01,0x2b,0x23,0xb0,0x00,0x43,0xb0,0x04,0x25,0x60,0x20,0x45,0x8a,
  0x23,0x61,0x20,0x64,0xb0,0x24,0x50,0x58,0xb0,0x00,0x1b,0xb0,0x40,0x59,0x23,0xb0,0x00,0x50,0x58,0x65,
  0x59,0xb0,0x03,0x25,0x23,0x61,0x44,0x44,0xb0,0x01,0x60,0x2d,0xb0,0x0e,0x2c,0x20,0xb0,0x00,0x23,0x42,
  0xb3,0x0d,0x0c,0x00,0x03,0x45,0x50,0x58,0x21,0x1b,0x23,0x21,0x59,0x2a,0x21,0x2d,0xb0,0x0f,0x2c,0xb1,
  0x02,0x02,0x45,0xb0,0x64,0x61,0x44,0x2d,0xb0,0x10,0x2c,0xb0,0x01,0x60,0x20,0x20,0xb0,0x0f,0x43,0x4a,
  0xb0,0x00,0x50,0x58,0x20,0xb0,0x0f,0x23,0x42,0x59,0xb0,0x10,0x43,0x4a,0xb0,0x00,0x52,0x58,0x20,0xb0,
  0x10,0x23,0x42,0x59,0x2d,0xb0,0x11,0x2c,0x20,0xb0,0x10,0x62,0x66,0xb0,0x01,0x63,0x20,0xb8,0x04,0x00,
  0x63,0x8a,0x23,0x61,0xb0,0x11,0x43,0x60,0x20,0x8a,0x60,0x20,0xb0,0x11,0x23,0x42,0x23,0x2d,0xb0,0x12,
  0x2c,0x4b,0x54,0x58,0xb1,0x04,0x64,0x44,0x59,0x24,0xb0,0x0d,0x65,0x23,0x78,0x2d,0xb0,0x13,0x2c,0x4b,
  0x51,0x58,0x4b,0x53,0x58,0xb1,0x04,0x64,0x44,0x59,0x1b,0x21,0x59,0x24,0xb0,0x13,0x65,0x23,0x78,0x2d,
  0xb0,0x14,0x2c,0xb1,0x00,0x12,0x43,0x55,0x58,0xb1,0x12,0x12,0x43,0xb0,0x01,0x61,0x42,0xb0,0x11,0x2b,
  0x59,0xb0,0x00,0x43,0xb0,0x02,0x25,0x42,0xb1,0x0f,0x02,0x25,0x42,0xb1,0x10,0x02,0x25,0x42,0xb0,0x01,
  0x16,0x23,0x20,0xb0,0x03,0x25,0x50,0x58,0xb1,0x01,0x00,0x43,0x60,0xb0,0x04,0x25,0x42,0x8a,0x8a,0x20,
  0x8a,0x23,0x61,0xb0,0x10,0x2a,0x21,0x23,0xb0,0x01,0x61,0x20,0x8a,0x23,0x61,0xb0,0x10,0x2a,0x21,0x1b,
  0xb1,0x01,0x00,0x43,0x60,0xb0,0x02,0x25,0x42,0xb0,0x02,0x25,0x61,0xb0,0x10,0x2a,0x21,0x59,0xb0,0x0f,
  0x43,0x47,0xb0,0x10,0x43,0x47,0x60,0xb0,0x02,0x62,0x20,0xb0,0x00,0x50,0x58,0xb0,0x40,0x60,0x59,0x66,
  0xb0,0x01,0x63,0x20,0xb0,0x0e,0x43,0x63,0xb8,0x04,0x00,0x62,0x20,0xb0,0x00,0x50,0x58,0xb0,0x40,0x60,
  0x59,0x66,0xb0,0x01,0x63,0x60,0xb1,0x00,0x00,0x13,0x23,0x44,0xb0,0x01,0x43,0xb0,0x00,0x3e,0xb2,0x01,
  0x01,0x01,0x43,0x60,0x42,0x2d,0xb0,0x15,0x2c,0x00,0xb1,0x00,0x02,0x45,0x54,0x58,0xb0,0x12,0x23,0x42,
  0x20,0x45,0xb0,0x0e,0x23,0x42,0xb0,0x0d,0x23,0xb0,0x02,0x60,0x42,0x20,0xb0,0x14,0x23,0x42,0x20,0x60,
  0xb0,0x01,0x61,0xb7,0x18,0x18,0x01,0x00,0x11,0x00,0x13,0x00,0x42,0x42,0x42,0x8a,0x60,0x20,0xb0,0x14,
  0x43,0x60,0xb0,0x14,0x23,0x42,0xb1,0x14,0x08,0x2b,0xb0,0x8b,0x2b,0x1b,0x22,0x59,0x2d,0xb0,0x16,0x2c,
  0xb1,0x00,0x15,0x2b,0x2d,0xb0,0x17,0x2c,0xb1,0x01,0x15,0x2b,0x2d,0xb0,0x18,0x2c,0xb1,0x02,0x15,0x2b,
  0x2d,0xb0,0x19,0x2c,0xb1,0x03,0x15,0x2b,0x2d,0xb0,0x1a,0x2c,0xb1,0x04,0x15,0x2b,0x2d,0xb0,0x1b,0x2c,
  0xb1,0x05,0x15,0x2b,0x2d,0xb0,0x1c,0x2c,0xb1,0x06,0x15,0x2b,0x2d,0xb0,0x1d,0x2c,0xb1,0x07,0x15,0x2b,
  0x2d,0xb0,0x1e,0x2c,0xb1,0x08,0x15,0x2b,0x2d,0xb0,0x1f,0x2c,0xb1,0x09,0x15,0x2b,0x2d,0xb0,0x2b,0x2c,
  0x23,0x20,0xb0,0x10,0x62,0x66,0xb0,0x01,0x63,0xb0,0x06,0x60,0x4b,0x54,0x58,0x23,0x20,0x2e,0xb0,0x01,
  0x5d,0x1b,0x21,0x21,0x59,0x2d,0xb0,0x2c,0x2c,0x23,0x20,0xb0,0x10,0x62,0x66,0xb0,0x01,0x63,0xb0,0x16,
  0x60,0x4b,0x54,0x58,0x23,0x20,0x2e,0xb0,0x01,0x71,0x1b,0x21,0x21,0x59,0x2d,0xb0,0x2d,0x2c,0x23,0x20,
  0xb0,0x10,0x62,0x66,0xb0,0x01,0x63,0xb0,0x26,0x60,0x4b,0x54,0x58,0x23,0x20,0x2e,0xb0,0x01,0x72,0x1b,
  0x21,0x21,0x59,0x2d,0xb0,0x20,0x2c,0x00,0xb0,0x0f,0x2b,0xb1,0x00,0x02,0x45,0x54,0x58,0xb0,0x12,0x23,
  0x42,0x20,0x45,0xb0,0x0e,0x23,0x42,0xb0,0x0d,0x23,0xb0,0x02,0x60,0x42,0x20,0x60,0xb0,0x01,0x61,0xb5,
  0x18,0x18,0x01,0x00,0x11,0x00,0x42,0x42,0x8a,0x60,0xb1,0x14,0x08,0x2b,0xb0,0x8b,0x2b,0x1b,0x22,0x59,
  0x2d,0xb0,0x21,0x2c,0xb1,0x00,0x20,0x2b,0x2d,0xb0,0x22,0x2c,0xb1,0x01,0x20,0x2b,0x2d,0xb0,0x23,0x2c,
  0xb1,0x02,0x20,0x2b,0x2d,0xb0,0x24,0x2c,0xb1,0x03,0x20,0x2b,0x2d,0xb0,0x25,0x2c,0xb1,0x04,0x20,0x2b,
  0x2d,0xb0,0x26,0x2c,0xb1,0x05,0x20,0x2b,0x2d,0xb0,0x27,0x2c,0xb1,0x06,0x20,0x2b,0x2d,0xb0,0x28,0x2c,
  0xb1,0x07,0x20,0x2b,0x2d,0xb0,0x29,0x2c,0xb1,0x08,0x20,0x2b,0x2d,0xb0,0x2a,0x2c,0xb1,0x09,0x20,0x2b,
  0x2d,0xb0,0x2e,0x2c,0x20,0x3c,0xb0,0x01,0x60,0x2d,0xb0,0x2f,0x2c,0x20,0x60,0xb0,0x18,0x60,0x20,0x43,
  0x23,0xb0,0x01,0x60,0x43,0xb0,0x02,0x25,0x61,0xb0,0x01,0x60,0xb0,0x2e,0x2a,0x21,0x2d,0xb0,0x30,0x2c,
  0xb0,0x2f,0x2b,0xb0,0x2f,0x2a,0x2d,0xb0,0x31,0x2c,0x20,0x20,0x47,0x20,0x20,0xb0,0x0e,0x43,0x63,0xb8,
  0x04,0x00,0x62,0x20,0xb0,0x00,0x50,0x58,0xb0,0x40,0x60,0x59,0x66,0xb0,0x01,0x63,0x60,0x23,0x61,0x38,
  0x23,0x20,0x8a,0x55,0x58,0x20,0x47,0x20,0x20,0xb0,0x0e,0x43,0x63,0xb8,0x04,0x00,0x62,0x20,0xb0,0x00,
  0x50,0x58,0xb0,0x40,0x60,0x59,0x66,0xb0,0x01,0x63,0x60,0x23,0x61,0x38,0x1b,0x21,0x59,0x2d,0xb0,0x32,
  0x2c,0x00,0xb1,0x00,0x02,0x45,0x54,0x58,0xb1,0x0e,0x06,0x45,0x42,0xb0,0x01,0x16,0xb0,0x31,0x2a,0xb1,
  0x05,0x01,0x15,0x45,0x58,0x30,0x59,0x1b,0x22,0x59,0x2d,0xb0,0x33,0x2c,0x00,0xb0,0x0f,0x2b,0xb1,0x00,
  0x02,0x45,0x54,0x58,0xb1,0x0e,0x06,0x45,0x42,0xb0,0x01,0x16,0xb0,0x31,0x2a,0xb1,0x05,0x01,0x15,0x45,
  0x58,0x30,0x59,0x1b,0x22,0x59,0x2d,0xb0,0x34,0x2c,0x20,0x35,0xb0,0x01,0x60,0x2d,0xb0,0x35,0x2c,0x00,
  0xb1,0x0e,0x06,0x45,0x42,0xb0,0x01,0x45,0x63,0xb8,0x04,0x00,0x62,0x20,0xb0,0x00,0x50,0x58,0xb0,0x40,
  0x60,0x59,0x66,0xb0,0x01,0x63,0xb0,0x01,0x2b,0xb0,0x0e,0x43,0x63,0xb8,0x04,0x00,0x62,0x20,0xb0,0x00,
  0x50,0x58,0xb0,0x40,0x60,0x59,0x66,0xb0,0x01,0x63,0xb0,0x01,0x2b,0xb0,0x00,0x16,0xb4,0x00,0x00,0x00,
  0x00,0x00,0x44,0x3e,0x23,0x38,0xb1,0x34,0x01,0x15,0x2a,0x21,0x2d,0xb0,0x36,0x2c,0x20,0x3c,0x20,0x47,
  0x20,0xb0,0x0e,0x43,0x63,0xb8,0x04,0x00,0x62,0x20,0xb0,0x00,0x50,0x58,0xb0,0x40,0x60,0x59,0x66,0xb0,
  0x01,0x63,0x60,0xb0,0x00,0x43,0x61,0x38,0x2d,0xb0,0x37,0x2c,0x2e,0x17,0x3c,0x2d,0xb0,0x38,0x2c,0x20,
  0x3c,0x20,0x47,0x20,0xb0,0x0e,0x43,0x63,0xb8,0x04,0x00,0x62,0x20,0xb0,0x00,0x50,0x58,0xb0,0x40,0x60,
  0x59,0x66,0xb0,0x01,0x63,0x60,0xb0,0x00,0x43,0x61,0xb0,0x01,0x43,0x63,0x38,0x2d,0xb0,0x39,0x2c,0xb1,
  0x02,0x00,0x16,0x25,0x20,0x2e,0x20,0x47,0xb0,0x00,0x23,0x42,0xb0,0x02,0x25,0x49,0x8a,0x8a,0x47,0x23,
  0x47,0x23,0x61,0x20,0x58,0x62,0x1b,0x21,0x59,0xb0,0x01,0x23,0x42,0xb2,0x38,0x01,0x01,0x15,0x14,0x2a,
  0x2d,0xb0,0x3a,0x2c,0xb0,0x00,0x16,0xb0,0x17,0x23,0x42,0xb0,0x04,0x25,0xb0,0x04,0x25,0x47,0x23,0x47,
  0x23,0x61,0xb1,0x0c,0x00,0x42,0xb0,0x0b,0x43,0x2b,0x65,0x8a,0x2e,0x23,0x20,0x20,0x3c,0x8a,0x38,0x2d,
  0xb0,0x3b,0x2c,0xb0,0x00,0x16,0xb0,0x17,0x23,0x42,0xb0,0x04,0x25,0xb0,0x04,0x25,0x20,0x2e,0x47,0x23,
  0x47,0x23,0x61,0x20,0xb0,0x06,0x23,0x42,0xb1,0x0c,0x00,0x42,0xb0,0x0b,0x43,0x2b,0x20,0xb0,0x60,0x50,
  0x58,0x20,0xb0,0x40,0x51,0x58,0xb3,0x04,0x20,0x05,0x20,0x1b,0xb3,0x04,0x26,0x05,0x1a,0x59,0x42,0x42,
  0x23,0x20,0xb0,0x0a,0x43,0x20,0x8a,0x23,0x47,0x23,0x47,0x23,0x61,0x23,0x46,0x60,0xb0,0x06,0x43,0xb0,
  0x02,0x62,0x20,0xb0,0x00,0x50,0x58,0xb0,0x40,0x60,0x59,0x66,0xb0,0x01,0x63,0x60,0x20,0xb0,0x01,0x2b,
  0x20,0x8a,0x8a,0x61,0x20,0xb0,0x04,0x43,0x60,0x64,0x23,0xb0,0x05,0x43,0x61,0x64,0x50,0x58,0xb0,0x04,
  0x43,0x61,0x1b,0xb0,0x05,0x43,0x60,0x59,0xb0,0x03,0x25,0xb0,0x02,0x62,0x20,0xb0,0x00,0x50,0x58,0xb0,
  0x40,0x60,0x59,0x66,0xb0,0x01,0x63,0x61,0x23,0x20,0x20,0xb0,0x04,0x26,0x23,0x46,0x61,0x38,0x1b,0x23,
  0xb0,0x0a,0x43,0x46,0xb0,0x02,0x25,0xb0,0x0a,0x43,0x47,0x23,0x47,0x23,0x61,0x60,0x20,0xb0,0x06,0x43,
  0xb0,0x02,0x62,0x20,0xb0,0x00,0x50,0x58,0xb0,0x40,0x60,0x59,0x66,0xb0,0x01,0x63,0x60,0x23,0x20,0xb0,
  0x01,0x2b,0x23,0xb0,0x06,0x43,0x60,0xb0,0x01,0x2b,0xb0,0x05,0x25,0x61,0xb0,0x05,0x25,0xb0,0x02,0x62,
  0x20,0xb0,0x00,0x50,0x58,0xb0,0x40,0x60,0x59,0x66,0xb0,0x01,0x63,0xb0,0x04,0x26,0x61,0x20,0xb0,0x04,
  0x25,0x60,0x64,0x23,0xb0,0x03,0x25,0x60,0x64,0x50,0x58,0x21,0x1b,0x23,0x21,0x59,0x23,0x20,0x20,0xb0,
  0x04,0x26,0x23,0x46,0x61,0x38,0x59,0x2d,0xb0,0x3c,0x2c,0xb0,0x00,0x16,0xb0,0x17,0x23,0x42,0x20,0x20,
  0x20,0xb0,0x05,0x26,0x20,0x2e,0x47,0x23,0x47,0x23,0x61,0x23,0x3c,0x38,0x2d,0xb0,0x3d,0x2c,0xb0,0x00,
  0x16,0xb0,0x17,0x23,0x42,0x20,0xb0,0x0a,0x23,0x42,0x20,0x20,0x20,0x46,0x23,0x47,0xb0,0x01,0x2b,0x23,
  0x61,0x38,0x2d,0xb0,0x3e,0x2c,0xb0,0x00,0x16,0xb0,0x17,0x23,0x42,0xb0,0x03,0x25,0xb0,0x02,0x25,0x47,
  0x23,0x47,0x23,0x61,0xb0,0x00,0x54,0x58,0x2e,0x20,0x3c,0x23,0x21,0x1b,0xb0,0x02,0x25,0xb0,0x02,0x25,
  0x47,0x23,0x47,0x23,0x61,0x20,0xb0,0x05,0x25,0xb0,0x04,0x25,0x47,0x23,0x47,0x23,0x61,0xb0,0x06,0x25,
  0xb0,0x05,0x25,0x49,0xb0,0x02,0x25,0x61,0xb9,0x08,0x00,0x08,0x00,0x63,0x63,0x23,0x20,0x58,0x62,0x1b,
  0x21,0x59,0x63,0xb8,0x04,0x00,0x62,0x20,0xb0,0x00,0x50,0x58,0xb0,0x40,0x60,0x59,0x66,0xb0,0x01,0x63,
  0x60,0x23,0x2e,0x23,0x20,0x20,0x3c,0x8a,0x38,0x23,0x21,0x59,0x2d,0xb0,0x3f,0x2c,0xb0,0x00,0x16,0xb0,
  0x17,0x23,0x42,0x20,0xb0,0x0a,0x43,0x20,0x2e,0x47,0x23,0x47,0x23,0x61,0x20,0x60,0xb0,0x20,0x60,0x66,
  0xb0,0x02,0x62,0x20,0xb0,0x00,0x50,0x58,0xb0,0x40,0x60,0x59,0x66,0xb0,0x01,0x63,0x23,0x20,0x20,0x3c,
  0x8a,0x38,0x2d,0xb0,0x40,0x2c,0x23,0x20,0x2e,0x46,0xb0,0x02,0x25,0x46,0xb0,0x17,0x43,0x58,0x50,0x1b,
  0x52,0x59,0x58,0x20,0x3c,0x59,0x2e,0xb1,0x30,0x01,0x14,0x2b,0x2d,0xb0,0x41,0x2c,0x23,0x20,0x2e,0x46,
  0xb0,0x02,0x25,0x46,0xb0,0x17,0x43,0x58,0x52,0x1b,0x50,0x59,0x58,0x20,0x3c,0x59,0x2e,0xb1,0x30,0x01,
  0x14,0x2b,0x2d,0xb0,0x42,0x2c,0x23,0x20,0x2e,0x46,0xb0,0x02,0x25,0x46,0xb0,0x17,0x43,0x58,0x50,0x1b,
  0x52,0x59,0x58,0x20,0x3c,0x59,0x23,0x20,0x2e,0x46,0xb0,0x02,0x25,0x46,0xb0,0x17,0x43,0x58,0x52,0x1b,
  0x50,0x59,0x58,0x20,0x3c,0x59,0x2e,0xb1,0x30,0x01,0x14,0x2b,0x2d,0xb0,0x43,0x2c,0xb0,0x3a,0x2b,0x23,
  0x20,0x2e,0x46,0xb0,0x02,0x25,0x46,0xb0,0x17,0x43,0x58,0x50,0x1b,0x52,0x59,0x58,0x20,0x3c,0x59,0x2e,
  0xb1,0x30,0x01,0x14,0x2b,0x2d,0xb0,0x44,0x2c,0xb0,0x3b,0x2b,0x8a,0x20,0x20,0x3c,0xb0,0x06,0x23,0x42,
  0x8a,0x38,0x23,0x20,0x2e,0x46,0xb0,0x02,0x25,0x46,0xb0,0x17,0x43,0x58,0x50,0x1b,0x52,0x59,0x58,0x20,
  0x3c,0x59,0x2e,0xb1,0x30,0x01,0x14,0x2b,0xb0,0x06,0x43,0x2e,0xb0,0x30,0x2b,0x2d,0xb0,0x45,0x2c,0xb0,
  0x00,0x16,0xb0,0x04,0x25,0xb0,0x04,0x26,0x20,0x20,0x20,0x46,0x23,0x47,0x61,0xb0,0x0c,0x23,0x42,0x2e,
  0x47,0x23,0x47,0x23,0x61,0xb0,0x0b,0x43,0x2b,0x23,0x20,0x3c,0x20,0x2e,0x23,0x38,0xb1,0x30,0x01,0x14,
  0x2b,0x2d,0xb0,0x46,0x2c,0xb1,0x0a,0x04,0x25,0x42,0xb0,0x00,0x16,0xb0,0x04,0x25,0xb0,0x04,0x25,0x20,
  0x2e,0x47,0x23,0x47,0x23,0x61,0x20,0xb0,0x06,0x23,0x42,0xb1,0x0c,0x00,0x42,0xb0,0x0b,0x43,0x2b,0x20,
  0xb0,0x60,0x50,0x58,0x20,0xb0,0x40,0x51,0x58,0xb3,0x04,0x20,0x05,0x20,0x1b,0xb3,0x04,0x26,0x05,0x1a,
  0x59,0x42,0x42,0x23,0x20,0x47,0xb0,0x06,0x43,0xb0,0x02,0x62,0x20,0xb0,0x00,0x50,0x58,0xb0,0x40,0x60,
  0x59,0x66,0xb0,0x01,0x63,0x60,0x20,0xb0,0x01,0x2b,0x20,0x8a,0x8a,0x61,0x20,0xb0,0x04,0x43,0x60,0x64,
  0x23,0xb0,0x05,0x43,0x61,0x64,0x50,0x58,0xb0,0x04,0x43,0x61,0x1b,0xb0,0x05,0x43,0x60,0x59,0xb0,0x03,
  0x25,0xb0,0x02,0x62,0x20,0xb0,0x00,0x50,0x58,0xb0,0x40,0x60,0x59,0x66,0xb0,0x01,0x63,0x61,0xb0,0x02,
  0x25,0x46,0x61,0x38,0x23,0x20,0x3c,0x23,0x38,0x1b,0x21,0x20,0x20,0x46,0x23,0x47,0xb0,0x01,0x2b,0x23,
  0x61,0x38,0x21,0x59,0xb1,0x30,0x01,0x14,0x2b,0x2d,0xb0,0x47,0x2c,0xb1,0x00,0x3a,0x2b,0x2e,0xb1,0x30,
  0x01,0x14,0x2b,0x2d,0xb0,0x48,0x2c,0xb1,0x00,0x3b,0x2b,0x21,0x23,0x20,0x20,0x3c,0xb0,0x06,0x23,0x42,
  0x23,0x38,0xb1,0x30,0x01,0x14,0x2b,0xb0,0x06,0x43,0x2e,0xb0,0x30,0x2b,0x2d,0xb0,0x49,0x2c,0xb0,0x00,
  0x15,0x20,0x47,0xb0,0x00,0x23,0x42,0xb2,0x00,0x01,0x01,0x15,0x14,0x13,0x2e,0xb0,0x36,0x2a,0x2d,0xb0,
  0x4a,0x2c,0xb0,0x00,0x15,0x20,0x47,0xb0,0x00,0x23,0x42,0xb2,0x00,0x01,0x01,0x15,0x14,0x13,0x2e,0xb0,
  0x36,0x2a,0x2d,0xb0,0x4b,0x2c,0xb1,0x00,0x01,0x14,0x13,0xb0,0x37,0x2a,0x2d,0xb0,0x4c,0x2c,0xb0,0x39,
  0x2a,0x2d,0xb0,0x4d,0x2c,0xb0,0x00,0x16,0x45,0x23,0x20,0x2e,0x20,0x46,0x8a,0x23,0x61,0x38,0xb1,0x30,
  0x01,0x14,0x2b,0x2d,0xb0,0x4e,0x2c,0xb0,0x0a,0x23,0x42,0xb0,0x4d,0x2b,0x2d,0xb0,0x4f,0x2c,0xb2,0x00,
  0x00,0x46,0x2b,0x2d,0xb0,0x50,0x2c,0xb2,0x00,0x01,0x46,0x2b,0x2d,0xb0,0x51,0x2c,0xb2,0x01,0x00,0x46,
  0x2b,0x2d,0xb0,0x52,0x2c,0xb2,0x01,0x01,0x46,0x2b,0x2d,0xb0,0x53,0x2c,0xb2,0x00,0x00,0x47,0x2b,0x2d,
  0xb0,0x54,0x2c,0xb2,0x00,0x01,0x47,0x2b,0x2d,0xb0,0x55,0x2c,0xb2,0x01,0x00,0x47,0x2b,0x2d,0xb0,0x56,
  0x2c,0xb2,0x01,0x01,0x47,0x2b,0x2d,0xb0,0x57,0x2c,0xb3,0x00,0x00,0x00,0x43,0x2b,0x2d,0xb0,0x58,0x2c,
  0xb3,0x00,0x01,0x00,0x43,0x2b,0x2d,0xb0,0x59,0x2c,0xb3,0x01,0x00,0x00,0x43,0x2b,0x2d,0xb0,0x5a,0x2c,
  0xb3,0x01,0x01,0x00,0x43,0x2b,0x2d,0xb0,0x5b,0x2c,0xb3,0x00,0x00,0x01,0x43,0x2b,0x2d,0xb0,0x5c,0x2c,
  0xb3,0x00,0x01,0x01,0x43,0x2b,0x2d,0xb0,0x5d,0x2c,0xb3,0x01,0x00,0x01,0x43,0x2b,0x2d,0xb0,0x5e,0x2c,
  0xb3,0x01,0x01,0x01,0x43,0x2b,0x2d,0xb0,0x5f,0x2c,0xb2,0x00,0x00,0x45,0x2b,0x2d,0xb0,0x60,0x2c,0xb2,
  0x00,0x01,0x45,0x2b,0x2d,0xb0,0x61,0x2c,0xb2,0x01,0x00,0x45,0x2b,0x2d,0xb0,0x62,0x2c,0xb2,0x01,0x01,
  0x45,0x2b,0x2d,0xb0,0x63,0x2c,0xb2,0x00,0x00,0x48,0x2b,0x2d,0xb0,0x64,0x2c,0xb2,0x00,0x01,0x48,0x2b,
  0x2d,0xb0,0x65,0x2c,0xb2,0x01,0x00,0x48,0x2b,0x2d,0xb0,0x66,0x2c,0xb2,0x01,0x01,0x48,0x2b,0x2d,0xb0,
  0x67,0x2c,0xb3,0x00,0x00,0x00,0x44,0x2b,0x2d,0xb0,0x68,0x2c,0xb3,0x00,0x01,0x00,0x44,0x2b,0x2d,0xb0,
  0x69,0x2c,0xb3,0x01,0x00,0x00,0x44,0x2b,0x2d,0xb0,0x6a,0x2c,0xb3,0x01,0x01,0x00,0x44,0x2b,0x2d,0xb0,
  0x6b,0x2c,0xb3,0x00,0x00,0x01,0x44,0x2b,0x2d,0xb0,0x6c,0x2c,0xb3,0x00,0x01,0x01,0x44,0x2b,0x2d,0xb0,
  0x6d,0x2c,0xb3,0x01,0x00,0x01,0x44,0x2b,0x2d,0xb0,0x6e,0x2c,0xb3,0x01,0x01,0x01,0x44,0x2b,0x2d,0xb0,
  0x6f,0x2c,0xb1,0x00,0x3c,0x2b,0x2e,0xb1,0x30,0x01,0x14,0x2b,0x2d,0xb0,0x70,0x2c,0xb1,0x00,0x3c,0x2b,
  0xb0,0x40,0x2b,0x2d,0xb0,0x71,0x2c,0xb1,0x00,0x3c,0x2b,0xb0,0x41,0x2b,0x2d,0xb0,0x72,0x2c,0xb0,0x00,
  0x16,0xb1,0x00,0x3c,0x2b,0xb0,0x42,0x2b,0x2d,0xb0,0x73,0x2c,0xb1,0x01,0x3c,0x2b,0xb0,0x40,0x2b,0x2d,
  0xb0,0x74,0x2c,0xb1,0x01,0x3c,0x2b,0xb0,0x41,0x2b,0x2d,0xb0,0x75,0x2c,0xb0,0x00,0x16,0xb1,0x01,0x3c,
  0x2b,0xb0,0x42,0x2b,0x2d,0xb0,0x76,0x2c,0xb1,0x00,0x3d,0x2b,0x2e,0xb1,0x30,0x01,0x14,0x2b,0x2d,0xb0,
  0x77,0x2c,0xb1,0x00,0x3d,0x2b,0xb0,0x40,0x2b,0x2d,0xb0,0x78,0x2c,0xb1,0x00,0x3d,0x2b,0xb0,0x41,0x2b,
  0x2d,0xb0,0x79,0x2c,0xb1,0x00,0x3d,0x2b,0xb0,0x42,0x2b,0x2d,0xb0,0x7a,0x2c,0xb1,0x01,0x3d,0x2b,0xb0,
  0x40,0x2b,0x2d,0xb0,0x7b,0x2c,0xb1,0x01,0x3d,0x2b,0xb0,0x41,0x2b,0x2d,0xb0,0x7c,0x2c,0xb1,0x01,0x3d,
  0x2b,0xb0,0x42,0x2b,0x2d,0xb0,0x7d,0x2c,0xb1,0x00,0x3e,0x2b,0x2e,0xb1,0x30,0x01,0x14,0x2b,0x2d,0xb0,
  0x7e,0x2c,0xb1,0x00,0x3e,0x2b,0xb0,0x40,0x2b,0x2d,0xb0,0x7f,0x2c,0xb1,0x00,0x3e,0x2b,0xb0,0x41,0x2b,
  0x2d,0xb0,0x80,0x2c,0xb1,0x00,0x3e,0x2b,0xb0,0x42,0x2b,0x2d,0xb0,0x81,0x2c,0xb1,0x01,0x3e,0x2b,0xb0,
  0x40,0x2b,0x2d,0xb0,0x82,0x2c,0xb1,0x01,0x3e,0x2b,0xb0,0x41,0x2b,0x2d,0xb0,0x83,0x2c,0xb1,0x01,0x3e,
  0x2b,0xb0,0x42,0x2b,0x2d,0xb0,0x84,0x2c,0xb1,0x00,0x3f,0x2b,0x2e,0xb1,0x30,0x01,0x14,0x2b,0x2d,0xb0,
  0x85,0x2c,0xb1,0x00,0x3f,0x2b,0xb0,0x40,0x2b,0x2d,0xb0,0x86,0x2c,0xb1,0x00,0x3f,0x2b,0xb0,0x41,0x2b,
  0x2d,0xb0,0x87,0x2c,0xb1,0x00,0x3f,0x2b,0xb0,0x42,0x2b,0x2d,0xb0,0x88,0x2c,0xb1,0x01,0x3f,0x2b,0xb0,
  0x40,0x2b,0x2d,0xb0,0x89,0x2c,0xb1,0x01,0x3f,0x2b,0xb0,0x41,0x2b,0x2d,0xb0,0x8a,0x2c,0xb1,0x01,0x3f,
  0x2b,0xb0,0x42,0x2b,0x2d,0xb0,0x8b,0x2c,0xb2,0x0b,0x00,0x03,0x45,0x50,0x58,0xb0,0x06,0x1b,0xb2,0x04,
  0x02,0x03,0x45,0x58,0x23,0x21,0x1b,0x21,0x59,0x59,0x42,0x2b,0xb0,0x08,0x65,0xb0,0x03,0x24,0x50,0x78,
  0xb1,0x05,0x01,0x15,0x45,0x58,0x30,0x59,0x2d,0x00,0x00,0x00,0x00,0x4b,0xb8,0x00,0xc8,0x52,0x58,0xb1,
  0x01,0x01,0x8e,0x59,0xb0,0x01,0xb9,0x08,0x00,0x08,0x00,0x63,0x70,0xb1,0x00,0x07,0x42,0xb3,0x00,0x1a,
  0x02,0x00,0x2a,0xb1,0x00,0x07,0x42,0xb5,0x1f,0x04,0x0f,0x08,0x02,0x0a,0x2a,0xb1,0x00,0x07,0x42,0xb5,
  0x23,0x02,0x17,0x06,0x02,0x0a,0x2a,0xb1,0x00,0x09,0x42,0xbb,0x08,0x00,0x04,0x00,0x00,0x02,0x00,0x0b,
  0x2a,0xb1,0x00,0x0b,0x42,0xbb,0x00,0x40,0x00,0x40,0x00,0x02,0x00,0x0b,0x2a,0xb9,0x00,0x03,0x00,0x00,
  0x44,0xb1,0x24,0x01,0x88,0x51,0x58,0xb0,0x40,0x88,0x58,0xb9,0x00,0x03,0x00,0x64,0x44,0xb1,0x28,0x01,
  0x88,0x51,0x58,0xb8,0x08,0x00,0x88,0x58,0xb9,0x00,0x03,0x00,0x00,0x44,0x59,0x1b,0xb1,0x27,0x01,0x88,
  0x51,0x58,0xba,0x08,0x80,0x00,0x01,0x04,0x40,0x88,0x63,0x54,0x58,0xb9,0x00,0x03,0x00,0x00,0x44,0x59,
  0x59,0x59,0x59,0x59,0xb5,0x21,0x02,0x11,0x06,0x02,0x0e,0x2a,0xb8,0x01,0xff,0x85,0xb0,0x04,0x8d,0xb1,
  0x02,0x00,0x44,0xb3,0x05,0x64,0x06,0x00,0x44,0x44,0x00,0x00,0x00,0x00,0x00,0x00,0x00,0x00,0x00,0x00,
  0x00,0x00,0x00,0x00,0x00,0x00,0x00,0x00,0x00,0x00,0x00,0x00,0x00,0x00,0x00,0x00,0x00,0x00,0x00,0x40,
  0x00,0x40,0x00,0x39,0x00,0x39,0x02,0x9e,0xff,0xfb,0x02,0xa9,0x01,0xed,0xff,0xfb,0xff,0x44,0x02,0xa4,
  0xff,0xfa,0x02,0xa9,0x01,0xed,0xff,0xfa,0xff,0x44,0x00,0x18,0x00,0x18,0x00,0x18,0x00,0x18,0x03,0x33,
  0x01,0xaf,0x03,0x33,0x01,0xab,0x00,0x00,0x00,0x00,0x00,0x52,0x00,0x52,0x00,0x52,0x00,0x52,0x00,0x90,
  0x00,0xcc,0x01,0x7e,0x02,0x0c,0x02,0xe0,0x03,0x6c,0x03,0x92,0x03,0xc6,0x03,0xfa,0x04,0x74,0x04,0xb6,
  0x04,0xe8,0x05,0x10,0x05,0x32,0x05,0x64,0x05,0xcc,0x06,0x14,0x06,0x6a,0x06,0xe6,0x07,0x30,0x07,0xbe,
  0x08,0x18,0x08,0x54,0x08,0xe2,0x09,0x3a,0x09,0x76,0x09,0xc6,0x0a,0x00,0x0a,0x44,0x0a,0x7c,0x0a,0xfc,
  0x0b,0xa8,0x0c,0x02,0x0c,0x86,0x0d,0x08,0x0d,0x5e,0x0d,0xa6,0x0d,0xf8,0x0e,0x8a,0x0e,0xce,0x0f,0x10,
  0x0f,0x5c,0x0f,0xa4,0x0f,0xe4,0x10,0x3c,0x10,0x7e,0x10,0xc6,0x11,0x10,0x11,0xde,0x12,0x3c,0x12,0xa0,
  0x12,0xd4,0x13,0x20,0x13,0x5a,0x13,0xae,0x13,0xfc,0x14,0x3c,0x14,0x7c,0x14,0xb4,0x14,0xea,0x15,0x22,
  0x15,0x5c,0x15,0x88,0x15,0xb4,0x16,0x20,0x16,0x90,0x16,0xe6,0x17,0x44,0x17,0x9e,0x17,0xea,0x18,0xcc,
  0x19,0x1e,0x19,0x62,0x19,0xf2,0x1a,0x58,0x1a,0x7e,0x1a,0xe6,0x1b,0x3a,0x1b,0x82,0x1b,0xf0,0x1c,0x54,
  0x1c,0xb2,0x1d,0x4a,0x1d,0x9e,0x1d,0xf0,0x1e,0x36,0x1e,0x8e,0x1e,0xd8,0x1f,0x24,0x1f,0x64,0x1f,0xb4,
  0x1f,0xe4,0x20,0x34,0x20,0x92,0x20,0xe2,0x21,0x5a,0x22,0x46,0x22,0xc8,0x23,0x3a,0x23,0x7e,0x24,0x0a,
  0x24,0x48,0x25,0x02,0x25,0x58,0x25,0x9c,0x26,0x36,0x26,0x62,0x26,0xa8,0x27,0x06,0x27,0x54,0x27,0xbe,
  0x27,0xea,0x28,0x5e,0x28,0x84,0x29,0x04,0x29,0x4a,0x29,0x90,0x29,0xaa,0x29,0xca,0x29,0xe4,0x2a,0x50,
  0x2a,0x5c,0x2a,0x68,0x2a,0x74,0x2a,0x80,0x2a,0x8c,0x2a,0x98,0x2b,0x08,0x2c,0x00,0x2c,0x0c,0x2c,0x18,
  0x2c,0x24,0x2c,0x30,0x2c,0x3c,0x2c,0x48,0x2c,0x54,0x2c,0x60,0x2c,0xfe,0x2d,0x0a,0x2d,0x16,0x2d,0x22,
  0x2d,0x2e,0x2d,0x3a,0x2d,0x46,0x2d,0xa4,0x2e,0x50,0x2e,0x5c,0x2e,0x68,0x2e,0x74,0x2e,0x80,0x2e,0x8c,
  0x2e,0xda,0x2f,0x6a,0x2f,0x76,0x2f,0x82,0x2f,0x8e,0x2f,0x9a,0x2f,0xa6,0x2f,0xb2,0x30,0xbc,0x31,0xa6,
  0x31,0xb2,0x31,0xbe,0x31,0xca,0x31,0xd6,0x31,0xe8,0x31,0xfa,0x32,0x0c,0x32,0x1e,0x32,0xb0,0x32,0xbc,
  0x32,0xc8,0x32,0xd4,0x32,0xe0,0x32,0xec,0x32,0xf8,0x33,0x50,0x33,0xca,0x33,0xd6,0x33,0xe2,0x33,0xee,
  0x33,0xfa,0x34,0x06,0x34,0x76,0x34,0x82,0x34,0x8e,0x34,0x9a,0x34,0xa6,0x35,0x30,0x35,0xd8,0x35,0xe4,
  0x35,0xf0,0x35,0xfc,0x36,0x08,0x36,0x14,0x36,0x20,0x36,0x2c,0x36,0x42,0x36,0xe0,0x37,0x58,0x37,0xe6,
  0x38,0x7e,0x38,0x8a,0x38,0x96,0x38,0xa2,0x38,0xae,0x38,0xba,0x38,0xc6,0x38,0xd2,0x38,0xe4,0x38,0xf0,
  0x38,0xfc,0x39,0x08,0x39,0x1e,0x39,0x90,0x39,0xe0,0x39,0xec,0x39,0xf8,0x3a,0x04,0x3a,0x10,0x3a,0x1c,
  0x3a,0x28,0x3a,0xe2,0x3b,0xa8,0x3b,0xb4,0x3b,0xc0,0x3b,0xcc,0x3b,0xd8,0x3b,0xe4,0x3b,0xf0,0x3b,0xfc,
  0x3c,0x08,0x3c,0xd0,0x3d,0xc0,0x3d,0xcc,0x3d,0xd8,0x3d,0xe4,0x3d,0xf6,0x3e,0x02,0x3e,0x18,0x3e,0x24,
  0x3e,0x30,0x3e,0x3c,0x3e,0x48,0x3e,0x54,0x3e,0x60,0x3e,0x6c,0x3e,0x78,0x3e,0x84,0x3e,0x90,0x3e,0x9c,
  0x3e,0xa8,0x3e,0xb4,0x3e,0xec,0x3f,0x24,0x3f,0x62,0x3f,0x8c,0x3f,0xd2,0x40,0x18,0x40,0x98,0x40,0xfe,
  0x41,0x26,0x41,0x4e,0x41,0x80,0x41,0xb2,0x41,0xe4,0x41,0xf6,0x42,0x08,0x42,0x5c,0x42,0x82,0x42,0xce,
  0x43,0x04,0x43,0x3a,0x43,0x80,0x43,0xfc,0x44,0x24,0x44,0x2c,0x44,0x76,0x44,0x7e,0x44,0x86,0x45,0x22,
  0x45,0x2a,0x45,0x32,0x45,0x6e,0x45,0x76,0x45,0x7e,0x45,0xa4,0x45,0xe6,0x46,0x2e,0x46,0x56,0x46,0x68,
  0x46,0x7a,0x46,0x7a,0x47,0x0c,0x47,0x3c,0x47,0xa8,0x47,0xb8,0x47,0xc0,0x47,0xca,0x47,0xd4,0x47,0xde,
  0x48,0x12,0x48,0x1c,0x48,0x26,0x48,0x30,0x48,0x3a,0x48,0x4a,0x48,0x54,0x48,0x8a,0x48,0x94,0x48,0x9e,
  0x48,0xac,0x48,0xba,0x48,0xe2,0x49,0x0c,0x49,0x5e,0x49,0x6c,0x49,0x7a,0x49,0x88,0x49,0x96,0x49,0xa4,
  0x49,0xb2,0x49,0xc2,0x4a,0x16,0x00,0x00,0x00,0x05,0x00,0x12,0x00,0x00,0x01,0xe2,0x02,0xa9,0x00,0x0f,
  0x00,0x12,0x00,0x15,0x00,0x18,0x00,0x1b,0x00,0x3c,0x40,0x39,0x1a,0x18,0x17,0x16,0x15,0x14,0x12,0x07,
  0x03,0x02,0x01,0x4c,0x00,0x00,0x00,0x02,0x03,0x00,0x02,0x67,0x05,0x01,0x03,0x01,0x01,0x03,0x57,0x05,
  0x01,0x03,0x03,0x01,0x5f,0x04,0x01,0x01,0x03,0x01,0x4f,0x19,0x19,0x00,0x00,0x19,0x1b,0x19,0x1b,0x11,
  0x10,0x00,0x0f,0x00,0x0d,0x35,0x06,0x06,0x17,0x2b,0x32,0x26,0x35,0x11,0x34,0x36,0x33,0x21,0x32,0x16,
  0x15,0x11,0x14,0x06,0x23,0x21,0x01,0x21,0x17,0x07,0x27,0x11,0x01,0x07,0x13,0x07,0x27,0x07,0x2b,0x19,
  0x19,0x12,0x01,0x7a,0x12,0x19,0x1a,0x11,0xfe,0x86,0x01,0x5f,0xfe,0xc4,0x99,0x1d,0x9b,0x01,0x72,0x9f,
  0x9f,0x22,0x99,0xa3,0x1a,0x12,0x02,0x52,0x12,0x19,0x19,0x12,0xfd,0xae,0x13,0x19,0x02,0x7a,0xf9,0x2c,
  0xfc,0xfe,0x16,0x01,0xe0,0xf3,0xfe,0xff,0x24,0xf9,0xf9,0x00,0x00,0x02,0x00,0x53,0xff,0xfa,0x00,0xa2,
  0x02,0xac,0x00,0x0d,0x00,0x19,0x00,0x2c,0x40,0x29,0x04,0x01,0x01,0x01,0x00,0x61,0x00,0x00,0x00,0x13,
  0x4d,0x00,0x02,0x02,0x03,0x61,0x05,0x01,0x03,0x03,0x18,0x03,0x4e,0x0e,0x0e,0x00,0x00,0x0e,0x19,0x0e,
  0x18,0x14,0x12,0x00,0x0d,0x00,0x0c,0x25,0x06,0x07,0x17,0x2b,0x36,0x26,0x35,0x11,0x34,0x36,0x33,0x32,
  0x16,0x15,0x11,0x14,0x06,0x23,0x06,0x26,0x35,0x34,0x36,0x33,0x32,0x16,0x15,0x14,0x06,0x23,0x72,0x13,
  0x14,0x0d,0x0d,0x13,0x12,0x0e,0x19,0x14,0x1b,0x11,0x0f,0x14,0x1b,0x10,0x95,0x13,0x0d,0x01,0xd6,0x0d,
  0x14,0x14,0x0d,0xfe,0x2a,0x0d,0x13,0x9b,0x17,0x11,0x13,0x1e,0x17,0x10,0x15,0x1d,0x00,0x02,0x00,0x2c,
  0x01,0xe6,0x00,0xe7,0x02,0xa9,0x00,0x0d,0x00,0x1b,0x00,0x24,0x40,0x21,0x05,0x03,0x04,0x03,0x01,0x01,
  0x00,0x61,0x02,0x01,0x00,0x00,0x13,0x01,0x4e,0x0e,0x0e,0x00,0x00,0x0e,0x1b,0x0e,0x1a,0x15,0x13,0x00,
  0x0d,0x00,0x0c,0x25,0x06,0x07,0x17,0x2b,0x12,0x26,0x35,0x35,0x34,0x36,0x33,0x32,0x16,0x15,0x15,0x14,
  0x06,0x23,0x32,0x26,0x35,0x35,0x34,0x36,0x33,0x32,0x16,0x15,0x15,0x14,0x06,0x23,0x3f,0x13,0x13,0x0d,
  0x0c,0x13,0x13,0x0c,0x6e,0x12,0x12,0x0d,0x0d,0x13,0x13,0x0d,0x01,0xe6,0x13,0x0d,0x84,0x0d,0x12,0x12,
  0x0d,0x84,0x0d,0x13,0x13,0x0d,0x84,0x0d,0x12,0x12,0x0d,0x84,0x0d,0x13,0x00,0x00,0x00,0x02,0x00,0x3b,
  0xff,0xfa,0x02,0xa8,0x02,0xa8,0x00,0x4b,0x00,0x4f,0x00,0x8d,0x40,0x0b,0x28,0x1d,0x02,0x03,0x04,0x02,
  0x01,0x0b,0x00,0x02,0x4c,0x4b,0xb0,0x24,0x50,0x58,0x40,0x29,0x11,0x0f,0x09,0x03,0x01,0x0c,0x0a,0x02,
  0x00,0x0b,0x01,0x00,0x67,0x06,0x01,0x04,0x04,0x13,0x4d,0x0e,0x08,0x02,0x02,0x02,0x03,0x5f,0x07,0x05,
  0x02,0x03,0x03,0x14,0x4d,0x10,0x0d,0x02,0x0b,0x0b,0x18,0x0b,0x4e,0x1b,0x40,0x27,0x07,0x05,0x02,0x03,
  0x0e,0x08,0x02,0x02,0x01,0x03,0x02,0x68,0x11,0x0f,0x09,0x03,0x01,0x0c,0x0a,0x02,0x00,0x0b,0x01,0x00,
  0x67,0x06,0x01,0x04,0x04,0x13,0x4d,0x10,0x0d,0x02,0x0b,0x0b,0x18,0x0b,0x4e,0x59,0x40,0x22,0x4c,0x4c,
  0x00,0x00,0x4c,0x4f,0x4c,0x4f,0x4e,0x4d,0x00,0x4b,0x00,0x4a,0x47,0x46,0x41,0x3f,0x3c,0x3a,0x36,0x34,
  0x24,0x25,0x23,0x15,0x23,0x24,0x21,0x24,0x25,0x12,0x07,0x1f,0x2b,0x16,0x26,0x35,0x34,0x37,0x37,0x23,
  0x22,0x26,0x35,0x34,0x36,0x33,0x33,0x37,0x23,0x22,0x26,0x35,0x34,0x36,0x33,0x33,0x37,0x36,0x36,0x33,
  0x32,0x16,0x15,0x14,0x07,0x07,0x33,0x37,0x36,0x36,0x33,0x32,0x16,0x15,0x14,0x07,0x07,0x33,0x32,0x16,
  0x15,0x14,0x06,0x23,0x23,0x07,0x33,0x32,0x16,0x15,0x14,0x06,0x23,0x23,0x07,0x06,0x06,0x23,0x22,0x26,
  0x35,0x34,0x37,0x37,0x23,0x07,0x06,0x06,0x23,0x13,0x37,0x23,0x07,0xa8,0x11,0x04,0x2e,0x6e,0x0e,0x12,
  0x13,0x0d,0x80,0x2c,0x80,0x0d,0x12,0x12,0x0d,0x93,0x33,0x03,0x12,0x09,0x0e,0x12,0x03,0x2d,0x8e,0x34,
  0x02,0x13,0x09,0x0e,0x11,0x03,0x2d,0x5f,0x0d,0x12,0x12,0x0d,0x71,0x2c,0x71,0x0c,0x13,0x13,0x0c,0x83,
  0x36,0x03,0x11,0x0a,0x0e,0x11,0x04,0x2d,0x8e,0x36,0x02,0x12,0x0a,0xf4,0x2d,0x8e,0x2d,0x06,0x12,0x0b,
  0x06,0x0e,0x9e,0x12,0x0d,0x0d,0x13,0x99,0x12,0x0d,0x0d,0x12,0xb3,0x09,0x0d,0x12,0x0c,0x07,0x0b,0x99,
  0xb3,0x09,0x0d,0x13,0x0c,0x05,0x0b,0x9a,0x12,0x0d,0x0d,0x12,0x99,0x13,0x0d,0x0d,0x12,0xb9,0x0a,0x0c,
  0x12,0x0d,0x0a,0x09,0x9d,0xb9,0x09,0x0d,0x01,0x0e,0x99,0x99,0x00,0x03,0x00,0x32,0xff,0xb0,0x02,0x07,
  0x02,0xe6,0x00,0x36,0x00,0x3d,0x00,0x44,0x00,0x50,0x40,0x4d,0x1e,0x01,0x06,0x04,0x3a,0x01,0x05,0x06,
  0x43,0x39,0x33,0x19,0x04,0x02,0x05,0x44,0x18,0x02,0x01,0x02,0x03,0x01,0x00,0x01,0x05,0x4c,0x00,0x03,
  0x04,0x03,0x85,0x00,0x05,0x06,0x02,0x06,0x05,0x02,0x80,0x00,0x02,0x01,0x06,0x02,0x01,0x7e,0x00,0x00,
  0x01,0x00,0x86,0x00,0x06,0x06,0x04,0x61,0x00,0x04,0x04,0x11,0x4d,0x00,0x01,0x01,0x12,0x01,0x4e,0x14,
  0x24,0x13,0x2d,0x26,0x13,0x26,0x07,0x07,0x1d,0x2b,0x24,0x06,0x06,0x07,0x15,0x14,0x06,0x23,0x22,0x26,
  0x35,0x35,0x26,0x26,0x27,0x26,0x35,0x34,0x36,0x33,0x32,0x17,0x16,0x16,0x17,0x13,0x26,0x35,0x34,0x36,
  0x37,0x35,0x34,0x36,0x33,0x32,0x16,0x15,0x15,0x16,0x16,0x15,0x14,0x06,0x23,0x22,0x26,0x27,0x26,0x26,
  0x27,0x07,0x16,0x16,0x15,0x00,0x16,0x17,0x27,0x06,0x06,0x15,0x12,0x36,0x35,0x34,0x26,0x27,0x15,0x02,
  0x07,0x35,0x5b,0x36,0x11,0x0c,0x0c,0x10,0x4d,0x6c,0x18,0x05,0x13,0x0e,0x17,0x0a,0x0e,0x52,0x35,0x01,
  0xb3,0x5f,0x53,0x10,0x0c,0x0c,0x12,0x5c,0x66,0x11,0x0d,0x0b,0x11,0x01,0x05,0x49,0x3a,0x01,0x64,0x62,
  0xfe,0x8f,0x38,0x3c,0x01,0x37,0x3c,0xe7,0x4b,0x3e,0x49,0x8b,0x51,0x33,0x06,0x31,0x0d,0x13,0x13,0x0d,
  0x30,0x05,0x49,0x38,0x0f,0x06,0x0d,0x13,0x19,0x29,0x39,0x06,0x01,0x0d,0x38,0x77,0x40,0x58,0x0a,0x2f,
  0x0c,0x13,0x13,0x0c,0x2c,0x02,0x49,0x3c,0x0d,0x12,0x0f,0x0b,0x24,0x2e,0x02,0xea,0x1e,0x5d,0x42,0x01,
  0x18,0x34,0x16,0xd6,0x07,0x36,0x2a,0xfe,0x49,0x46,0x2f,0x29,0x3f,0x17,0xfb,0x00,0x00,0x05,0x00,0x3b,
  0xff,0xf2,0x02,0x8f,0x02,0xad,0x00,0x0f,0x00,0x1f,0x00,0x2b,0x00,0x3b,0x00,0x47,0x00,0xd2,0xb5,0x1a,
  0x01,0x04,0x00,0x01,0x4c,0x4b,0xb0,0x16,0x50,0x58,0x40,0x2e,0x00,0x06,0x00,0x08,0x09,0x06,0x08,0x6a,
  0x00,0x04,0x04,0x00,0x61,0x02,0x01,0x00,0x00,0x13,0x4d,0x0a,0x01,0x01,0x01,0x05,0x61,0x0c,0x01,0x05,
  0x05,0x14,0x4d,0x0e,0x01,0x09,0x09,0x03,0x61,0x0d,0x07,0x0b,0x03,0x03,0x03,0x18,0x03,0x4e,0x1b,0x4b,
  0xb0,0x1e,0x50,0x58,0x40,0x2c,0x0c,0x01,0x05,0x0a,0x01,0x01,0x06,0x05,0x01,0x69,0x00,0x06,0x00,0x08,
  0x09,0x06,0x08,0x6a,0x00,0x04,0x04,0x00,0x61,0x02,0x01,0x00,0x00,0x13,0x4d,0x0e,0x01,0x09,0x09,0x03,
  0x61,0x0d,0x07,0x0b,0x03,0x03,0x03,0x18,0x03,0x4e,0x1b,0x40,0x30,0x0c,0x01,0x05,0x0a,0x01,0x01,0x06,
  0x05,0x01,0x69,0x00,0x06,0x00,0x08,0x09,0x06,0x08,0x6a,0x00,0x04,0x04,0x00,0x61,0x02,0x01,0x00,0x00,
  0x13,0x4d,0x0b,0x01,0x03,0x03,0x18,0x4d,0x0e,0x01,0x09,0x09,0x07,0x61,0x0d,0x01,0x07,0x07,0x18,0x07,
  0x4e,0x59,0x59,0x40,0x2a,0x3c,0x3c,0x2c,0x2c,0x20,0x20,0x10,0x10,0x00,0x00,0x3c,0x47,0x3c,0x46,0x42,
  0x40,0x2c,0x3b,0x2c,0x3a,0x34,0x32,0x20,0x2b,0x20,0x2a,0x26,0x24,0x10,0x1f,0x10,0x1e,0x18,0x16,0x00,
  0x0f,0x00,0x0e,0x26,0x0f,0x07,0x17,0x2b,0x12,0x26,0x26,0x35,0x34,0x36,0x36,0x33,0x32,0x16,0x16,0x15,
  0x14,0x06,0x06,0x23,0x02,0x26,0x35,0x34,0x37,0x01,0x36,0x33,0x32,0x16,0x15,0x14,0x07,0x01,0x06,0x23,
  0x12,0x36,0x35,0x34,0x26,0x23,0x22,0x06,0x15,0x14,0x16,0x33,0x00,0x26,0x26,0x35,0x34,0x36,0x36,0x33,
  0x32,0x16,0x16,0x15,0x14,0x06,0x06,0x23,0x36,0x36,0x35,0x34,0x26,0x23,0x22,0x06,0x15,0x14,0x16,0x33,
  0x9f,0x3f,0x25,0x25,0x3f,0x25,0x25,0x40,0x25,0x25,0x40,0x25,0x18,0x10,0x05,0x01,0x5b,0x09,0x10,0x0c,
  0x11,0x03,0xfe,0xa3,0x07,0x12,0x2b,0x2d,0x2d,0x20,0x20,0x2d,0x2d,0x20,0x01,0x1c,0x3f,0x25,0x25,0x3f,
  0x25,0x25,0x40,0x25,0x25,0x40,0x25,0x20,0x2d,0x2d,0x20,0x1f,0x2e,0x2d,0x20,0x01,0x9a,0x25,0x3f,0x25,
  0x25,0x40,0x25,0x25,0x40,0x25,0x25,0x3f,0x25,0xfe,0x60,0x11,0x0b,0x09,0x09,0x02,0x72,0x0f,0x12,0x0b,
  0x06,0x08,0xfd,0x8b,0x0f,0x01,0xdc,0x2d,0x20,0x20,0x2d,0x2d,0x20,0x20,0x2d,0xfe,0x1c,0x25,0x40,0x25,
  0x25,0x40,0x25,0x25,0x40,0x25,0x25,0x40,0x25,0x3d,0x2d,0x20,0x20,0x2d,0x2d,0x20,0x20,0x2d,0x00,0x00,
  0x00,0x03,0x00,0x3a,0xff,0xf6,0x02,0x4e,0x02,0xa9,0x00,0x2d,0x00,0x3a,0x00,0x46,0x00,0x47,0x40,0x44,
  0x3e,0x3a,0x14,0x07,0x04,0x01,0x04,0x3d,0x2a,0x20,0x15,0x04,0x05,0x01,0x02,0x4c,0x00,0x01,0x04,0x05,
  0x04,0x01,0x05,0x80,0x00,0x04,0x04,0x00,0x61,0x00,0x00,0x00,0x13,0x4d,0x07,0x01,0x05,0x05,0x02,0x61,
  0x06,0x03,0x02,0x02,0x02,0x18,0x02,0x4e,0x3b,0x3b,0x00,0x00,0x3b,0x46,0x3b,0x45,0x35,0x33,0x00,0x2d,
  0x00,0x2c,0x1a,0x2b,0x2c,0x08,0x07,0x19,0x2b,0x16,0x26,0x26,0x35,0x34,0x36,0x36,0x37,0x26,0x35,0x34,
  0x36,0x36,0x33,0x32,0x16,0x16,0x15,0x14,0x06,0x07,0x17,0x36,0x37,0x36,0x36,0x33,0x32,0x16,0x15,0x14,
  0x06,0x07,0x17,0x16,0x15,0x14,0x06,0x23,0x22,0x26,0x27,0x27,0x06,0x06,0x23,0x12,0x36,0x36,0x35,0x34,
  0x26,0x23,0x22,0x06,0x15,0x14,0x16,0x17,0x12,0x36,0x37,0x27,0x0e,0x02,0x15,0x14,0x16,0x16,0x33,0xd4,
  0x5e,0x3c,0x2b,0x42,0x31,0x48,0x2a,0x44,0x26,0x26,0x45,0x2a,0x3c,0x44,0x87,0x08,0x0e,0x06,0x0d,0x0e,
  0x0d,0x10,0x1d,0x0c,0x5d,0x06,0x11,0x0d,0x06,0x0d,0x04,0x50,0x2f,0x6c,0x28,0x3c,0x30,0x0b,0x37,0x22,
  0x20,0x38,0x29,0x1a,0x17,0x55,0x26,0x9e,0x30,0x39,0x23,0x2d,0x43,0x1f,0x0a,0x2f,0x54,0x37,0x35,0x4d,
  0x33,0x1a,0x54,0x47,0x25,0x42,0x28,0x28,0x42,0x23,0x3a,0x4e,0x25,0xa1,0x11,0x2c,0x14,0x0e,0x10,0x0d,
  0x0f,0x50,0x16,0x70,0x08,0x0b,0x0c,0x12,0x06,0x05,0x5f,0x40,0x2e,0x01,0xc1,0x2b,0x22,0x16,0x1f,0x33,
  0x30,0x22,0x1e,0x43,0x1c,0xfe,0x96,0x28,0x39,0xbe,0x1a,0x28,0x38,0x28,0x28,0x39,0x1c,0x00,0x00,0x00,
  0x00,0x01,0x00,0x44,0x01,0xe6,0x00,0x82,0x02,0xa9,0x00,0x0d,0x00,0x19,0x40,0x16,0x02,0x01,0x01,0x01,
  0x00,0x61,0x00,0x00,0x00,0x13,0x01,0x4e,0x00,0x00,0x00,0x0d,0x00,0x0c,0x25,0x03,0x07,0x17,0x2b,0x12,
  0x26,0x35,0x35,0x34,0x36,0x33,0x32,0x16,0x15,0x15,0x14,0x06,0x23,0x56,0x12,0x12,0x0d,0x0d,0x12,0x12,
  0x0d,0x01,0xe6,0x12,0x0e,0x84,0x0d,0x12,0x12,0x0d,0x84,0x0d,0x13,0x00,0x00,0x00,0x00,0x01,0x00,0x3c,
  0xff,0x90,0x01,0x2f,0x03,0x11,0x00,0x19,0x00,0x17,0x40,0x14,0x00,0x00,0x01,0x00,0x85,0x02,0x01,0x01,
  0x01,0x76,0x00,0x00,0x00,0x19,0x00,0x18,0x27,0x03,0x07,0x17,0x2b,0x16,0x27,0x26,0x35,0x34,0x36,0x37,
  0x36,0x33,0x32,0x16,0x15,0x14,0x07,0x0e,0x02,0x15,0x14,0x16,0x17,0x16,0x15,0x14,0x06,0x23,0xf2,0x0b,
  0xab,0x64,0x56,0x10,0x0a,0x0c,0x13,0x0b,0x26,0x4d,0x36,0x57,0x45,0x0a,0x13,0x0b,0x70,0x0d,0xcc,0xef,
  0x7b,0xe0,0x51,0x0d,0x13,0x0d,0x0e,0x0a,0x22,0x71,0x98,0x56,0x74,0xd1,0x4e,0x0a,0x0d,0x0c,0x12,0x00,
  0x00,0x01,0x00,0x2b,0xff,0x90,0x01,0x1e,0x03,0x11,0x00,0x19,0x00,0x17,0x40,0x14,0x00,0x00,0x01,0x00,
  0x85,0x02,0x01,0x01,0x01,0x76,0x00,0x00,0x00,0x19,0x00,0x18,0x2e,0x03,0x07,0x17,0x2b,0x16,0x26,0x35,
  0x34,0x37,0x36,0x36,0x35,0x34,0x26,0x27,0x26,0x35,0x34,0x36,0x33,0x32,0x17,0x16,0x16,0x15,0x14,0x06,
  0x07,0x06,0x23,0x4c,0x13,0x0a,0x40,0x5d,0x62,0x47,0x0c,0x13,0x0d,0x09,0x10,0x56,0x64,0x5f,0x4c,0x09,
  0x12,0x70,0x12,0x0c,0x0e,0x09,0x44,0xda,0x75,0x75,0xca,0x42,0x0c,0x0c,0x0d,0x13,0x0d,0x51,0xe0,0x7b,
  0x82,0xe0,0x59,0x0d,0x00,0x01,0x00,0x3f,0x01,0xb5,0x01,0x4a,0x02,0xb5,0x00,0x38,0x00,0x4d,0x40,0x0a,
  0x34,0x28,0x1d,0x11,0x06,0x05,0x03,0x00,0x01,0x4c,0x4b,0xb0,0x2a,0x50,0x58,0x40,0x15,0x02,0x01,0x00,
  0x01,0x03,0x01,0x00,0x03,0x80,0x05,0x04,0x02,0x03,0x03,0x84,0x00,0x01,0x01,0x13,0x01,0x4e,0x1b,0x40,
  0x11,0x00,0x01,0x00,0x01,0x85,0x02,0x01,0x00,0x03,0x00,0x85,0x05,0x04,0x02,0x03,0x03,0x76,0x59,0x40,
  0x0d,0x00,0x00,0x00,0x38,0x00,0x37,0x2d,0x27,0x28,0x2c,0x06,0x07,0x1a,0x2b,0x12,0x26,0x35,0x34,0x37,
  0x36,0x37,0x26,0x27,0x26,0x35,0x34,0x36,0x33,0x32,0x17,0x16,0x17,0x26,0x26,0x35,0x34,0x36,0x33,0x32,
  0x16,0x15,0x14,0x06,0x07,0x36,0x36,0x33,0x32,0x16,0x15,0x14,0x07,0x06,0x06,0x07,0x16,0x17,0x16,0x15,
  0x14,0x06,0x23,0x22,0x26,0x27,0x26,0x27,0x06,0x07,0x06,0x23,0x6f,0x12,0x16,0x15,0x1d,0x1f,0x21,0x26,
  0x11,0x0e,0x13,0x17,0x07,0x23,0x06,0x09,0x13,0x0e,0x0f,0x12,0x08,0x04,0x16,0x2e,0x0e,0x0d,0x12,0x25,
  0x11,0x24,0x0a,0x13,0x17,0x1b,0x10,0x0d,0x0d,0x14,0x0d,0x0d,0x0e,0x0b,0x10,0x1c,0x13,0x01,0xb5,0x10,
  0x0c,0x14,0x16,0x17,0x11,0x04,0x09,0x0b,0x1a,0x0d,0x12,0x0f,0x04,0x19,0x0b,0x26,0x14,0x13,0x15,0x15,
  0x12,0x13,0x28,0x0b,0x11,0x19,0x11,0x0c,0x1b,0x0b,0x06,0x04,0x02,0x0b,0x16,0x18,0x16,0x0d,0x12,0x10,
  0x12,0x14,0x22,0x1f,0x17,0x22,0x00,0x00,0x00,0x01,0x00,0x35,0x00,0x4e,0x01,0x87,0x01,0x92,0x00,0x1f,
  0x00,0x2c,0x40,0x29,0x00,0x02,0x01,0x05,0x02,0x59,0x03,0x01,0x01,0x04,0x01,0x00,0x05,0x01,0x00,0x67,
  0x00,0x02,0x02,0x05,0x61,0x06,0x01,0x05,0x02,0x05,0x51,0x00,0x00,0x00,0x1f,0x00,0x1e,0x24,0x23,0x23,
  0x24,0x23,0x07,0x07,0x1b,0x2b,0x36,0x26,0x35,0x35,0x23,0x22,0x26,0x35,0x34,0x36,0x33,0x33,0x35,0x34,
  0x36,0x33,0x32,0x16,0x15,0x15,0x33,0x32,0x16,0x15,0x14,0x06,0x23,0x23,0x15,0x14,0x06,0x23,0xd1,0x12,
  0x6b,0x0d,0x12,0x12,0x0d,0x6b,0x12,0x0d,0x0d,0x11,0x6d,0x0c,0x12,0x12,0x0c,0x6d,0x11,0x0d,0x4e,0x11,
  0x0d,0x6b,0x11,0x0d,0x0d,0x11,0x61,0x0d,0x11,0x11,0x0d,0x61,0x11,0x0d,0x0d,0x11,0x6b,0x0d,0x11,0x00,
  0x00,0x01,0x00,0x1f,0xff,0x9e,0x00,0x7c,0x00,0x4d,0x00,0x14,0x00,0x1e,0x40,0x1b,0x05,0x02,0x02,0x01,
  0x00,0x01,0x4c,0x00,0x00,0x01,0x00,0x85,0x02,0x01,0x01,0x01,0x76,0x00,0x00,0x00,0x14,0x00,0x13,0x29,
  0x03,0x07,0x17,0x2b,0x16,0x26,0x35,0x34,0x37,0x37,0x26,0x35,0x34,0x36,0x33,0x32,0x16,0x15,0x14,0x06,
  0x07,0x07,0x06,0x06,0x23,0x2f,0x10,0x02,0x17,0x0b,0x1a,0x11,0x0f,0x15,0x09,0x0d,0x09,0x0b,0x0c,0x0c,
  0x62,0x0f,0x0b,0x04,0x06,0x3d,0x0f,0x0f,0x13,0x1d,0x16,0x0d,0x0d,0x1a,0x20,0x16,0x1d,0x12,0x00,0x00,
  0x00,0x01,0x00,0x31,0x00,0xd6,0x01,0x61,0x01,0x12,0x00,0x0d,0x00,0x1e,0x40,0x1b,0x00,0x00,0x01,0x01,
  0x00,0x57,0x00,0x00,0x00,0x01,0x5f,0x02,0x01,0x01,0x00,0x01,0x4f,0x00,0x00,0x00,0x0d,0x00,0x0b,0x34,
  0x03,0x07,0x17,0x2b,0x36,0x26,0x35,0x34,0x36,0x33,0x33,0x32,0x16,0x15,0x14,0x06,0x23,0x23,0x44,0x13,
  0x13,0x0c,0xf3,0x0d,0x11,0x11,0x0d,0xf3,0xd6,0x12,0x0c,0x0c,0x12,0x11,0x0d,0x0c,0x12,0x00,0x00,0x00,
  0x00,0x01,0x00,0x22,0xff,0xfa,0x00,0x71,0x00,0x53,0x00,0x0b,0x00,0x19,0x40,0x16,0x00,0x00,0x00,0x01,
  0x61,0x02,0x01,0x01,0x01,0x18,0x01,0x4e,0x00,0x00,0x00,0x0b,0x00,0x0a,0x24,0x03,0x07,0x17,0x2b,0x16,
  0x26,0x35,0x34,0x36,0x33,0x32,0x16,0x15,0x14,0x06,0x23,0x36,0x14,0x1a,0x11,0x0f,0x15,0x1a,0x11,0x06,
  0x18,0x11,0x13,0x1d,0x17,0x10,0x15,0x1d,0x00,0x01,0x00,0x1f,0xff,0x86,0x01,0x95,0x02,0xae,0x00,0x11,
  0x00,0x20,0x40,0x1d,0x0a,0x02,0x02,0x01,0x00,0x01,0x4c,0x02,0x01,0x01,0x00,0x01,0x86,0x00,0x00,0x00,
  0x13,0x00,0x4e,0x00,0x00,0x00,0x11,0x00,0x10,0x26,0x03,0x07,0x17,0x2b,0x16,0x26,0x35,0x34,0x37,0x01,
  0x36,0x33,0x32,0x16,0x15,0x14,0x06,0x07,0x01,0x06,0x06,0x23,0x2f,0x10,0x03,0x01,0x3d,0x07,0x13,0x0b,
  0x11,0x08,0x01,0xfe,0xc7,0x02,0x0d,0x09,0x7a,0x10,0x0b,0x08,0x08,0x02,0xef,0x0e,0x11,0x09,0x08,0x10,
  0x01,0xfd,0x19,0x07,0x07,0x00,0x00,0x00,0x00,0x02,0x00,0x42,0xff,0xfa,0x02,0x1f,0x02,0xa7,0x00,0x0f,
  0x00,0x1f,0x00,0x6e,0x4b,0xb0,0x0b,0x50,0x58,0x40,0x17,0x00,0x02,0x02,0x00,0x61,0x00,0x00,0x00,0x13,
  0x4d,0x05,0x01,0x03,0x03,0x01,0x61,0x04,0x01,0x01,0x01,0x18,0x01,0x4e,0x1b,0x4b,0xb0,0x0d,0x50,0x58,
  0x40,0x17,0x00,0x02,0x02,0x00,0x61,0x00,0x00,0x00,0x17,0x4d,0x05,0x01,0x03,0x03,0x01,0x61,0x04,0x01,
  0x01,0x01,0x18,0x01,0x4e,0x1b,0x40,0x17,0x00,0x02,0x02,0x00,0x61,0x00,0x00,0x00,0x13,0x4d,0x05,0x01,
  0x03,0x03,0x01,0x61,0x04,0x01,0x01,0x01,0x18,0x01,0x4e,0x59,0x59,0x40,0x12,0x10,0x10,0x00,0x00,0x10,
  0x1f,0x10,0x1e,0x18,0x16,0x00,0x0f,0x00,0x0e,0x26,0x06,0x07,0x17,0x2b,0x16,0x26,0x26,0x35,0x34,0x36,
  0x36,0x33,0x32,0x16,0x16,0x15,0x14,0x06,0x06,0x23,0x3e,0x02,0x35,0x34,0x26,0x26,0x23,0x22,0x06,0x06,
  0x15,0x14,0x16,0x16,0x33,0xe5,0x68,0x3b,0x43,0x73,0x44,0x40,0x68,0x3b,0x43,0x73,0x43,0x31,0x57,0x35,
  0x2c,0x4c,0x2f,0x32,0x57,0x34,0x2b,0x4c,0x30,0x06,0x59,0x96,0x56,0x5e,0xa6,0x64,0x59,0x96,0x57,0x5f,
  0xa5,0x63,0x3e,0x50,0x88,0x4f,0x46,0x7a,0x4a,0x50,0x89,0x4f,0x45,0x7a,0x4a,0x00,0x00,0x01,0x00,0x3f,
  0x00,0x00,0x01,0x57,0x02,0xa5,0x00,0x1f,0x00,0x30,0x40,0x2d,0x07,0x01,0x01,0x02,0x01,0x4c,0x00,0x01,
  0x02,0x00,0x02,0x01,0x00,0x80,0x00,0x02,0x02,0x17,0x4d,0x03,0x01,0x00,0x00,0x04,0x5f,0x05,0x01,0x04,
  0x04,0x12,0x04,0x4e,0x00,0x00,0x00,0x1f,0x00,0x1d,0x23,0x27,0x23,0x24,0x06,0x07,0x1a,0x2b,0x32,0x26,
  0x35,0x34,0x36,0x33,0x33,0x13,0x07,0x06,0x23,0x22,0x26,0x35,0x34,0x37,0x37,0x36,0x36,0x33,0x32,0x16,
  0x15,0x03,0x33,0x32,0x16,0x15,0x14,0x06,0x23,0x23,0x54,0x12,0x12,0x0d,0x54,0x08,0x48,0x09,0x0e,0x0d,
  0x12,0x09,0x7e,0x04,0x0d,0x05,0x0e,0x12,0x08,0x42,0x0f,0x12,0x13,0x0c,0xd7,0x12,0x0d,0x0d,0x13,0x01,
  0xf5,0x4d,0x0a,0x13,0x0d,0x0c,0x09,0x89,0x04,0x06,0x13,0x0d,0xfd,0xba,0x13,0x0d,0x0d,0x12,0x00,0x00,
  0x00,0x01,0x00,0x3c,0x00,0x00,0x01,0xd2,0x02,0xa2,0x00,0x2d,0x00,0x28,0x40,0x25,0x00,0x01,0x00,0x03,
  0x00,0x01,0x03,0x80,0x00,0x00,0x00,0x02,0x61,0x00,0x02,0x02,0x17,0x4d,0x00,0x03,0x03,0x04,0x5f,0x00,
  0x04,0x04,0x12,0x04,0x4e,0x24,0x2b,0x26,0x24,0x29,0x05,0x07,0x1b,0x2b,0x3e,0x02,0x37,0x3e,0x02,0x35,
  0x34,0x26,0x23,0x22,0x06,0x07,0x06,0x06,0x23,0x22,0x26,0x35,0x34,0x36,0x37,0x36,0x33,0x32,0x16,0x16,
  0x15,0x14,0x06,0x06,0x07,0x0e,0x02,0x07,0x21,0x32,0x16,0x15,0x14,0x06,0x23,0x21,0x35,0x41,0x31,0x4e,
  0x3b,0x35,0x35,0x25,0x49,0x35,0x33,0x4c,0x12,0x0a,0x0b,0x0a,0x0e,0x12,0x0c,0x11,0x51,0x62,0x36,0x56,
  0x31,0x2d,0x40,0x39,0x31,0x40,0x2e,0x03,0x01,0x31,0x0d,0x13,0x13,0x0d,0xfe,0x8f,0x6e,0x70,0x4b,0x26,
  0x21,0x28,0x3a,0x26,0x2e,0x3e,0x32,0x15,0x0b,0x09,0x14,0x0c,0x09,0x12,0x0f,0x4f,0x2d,0x4e,0x2f,0x36,
  0x4d,0x33,0x25,0x20,0x37,0x51,0x37,0x13,0x0d,0x0c,0x12,0x1e,0x00,0x01,0x00,0x24,0xff,0xfa,0x01,0xbb,
  0x02,0xa8,0x00,0x3e,0x00,0x47,0x40,0x44,0x37,0x01,0x02,0x03,0x01,0x4c,0x00,0x05,0x04,0x03,0x04,0x05,
  0x03,0x80,0x00,0x00,0x02,0x01,0x02,0x00,0x01,0x80,0x00,0x03,0x00,0x02,0x00,0x03,0x02,0x69,0x00,0x04,
  0x04,0x06,0x61,0x00,0x06,0x06,0x13,0x4d,0x00,0x01,0x01,0x07,0x61,0x08,0x01,0x07,0x07,0x18,0x07,0x4e,
  0x00,0x00,0x00,0x3e,0x00,0x3d,0x26,0x23,0x26,0x24,0x26,0x23,0x27,0x09,0x07,0x1d,0x2b,0x16,0x26,0x26,
  0x27,0x26,0x35,0x34,0x36,0x33,0x32,0x17,0x16,0x16,0x33,0x32,0x36,0x36,0x35,0x34,0x26,0x26,0x23,0x22,
  0x26,0x35,0x34,0x36,0x33,0x32,0x36,0x36,0x35,0x34,0x26,0x26,0x23,0x22,0x06,0x07,0x06,0x23,0x22,0x26,
  0x35,0x34,0x37,0x36,0x36,0x33,0x32,0x16,0x16,0x15,0x14,0x06,0x07,0x16,0x16,0x15,0x14,0x06,0x06,0x23,
  0xb1,0x55,0x2c,0x07,0x05,0x11,0x0d,0x14,0x08,0x10,0x45,0x37,0x24,0x44,0x2b,0x3a,0x4c,0x1e,0x0d,0x11,
  0x12,0x0d,0x22,0x45,0x2c,0x1f,0x3b,0x28,0x2c,0x34,0x15,0x0d,0x09,0x0f,0x10,0x22,0x1a,0x46,0x28,0x35,
  0x59,0x33,0x34,0x2b,0x35,0x39,0x42,0x60,0x2d,0x06,0x2d,0x32,0x0f,0x08,0x0c,0x0d,0x10,0x11,0x1c,0x33,
  0x20,0x41,0x2e,0x37,0x42,0x1a,0x12,0x0d,0x0e,0x11,0x21,0x36,0x1f,0x16,0x2a,0x1a,0x16,0x10,0x0a,0x13,
  0x0c,0x14,0x16,0x10,0x16,0x29,0x46,0x2a,0x2d,0x4d,0x19,0x18,0x60,0x3c,0x46,0x5d,0x2b,0x00,0x00,0x00,
  0x00,0x02,0x00,0x22,0xff,0xfa,0x01,0xb0,0x02,0xa4,0x00,0x1c,0x00,0x1f,0x00,0x2e,0x40,0x2b,0x1d,0x01,
  0x02,0x01,0x01,0x4c,0x05,0x01,0x02,0x03,0x01,0x00,0x04,0x02,0x00,0x69,0x00,0x01,0x01,0x17,0x4d,0x06,
  0x01,0x04,0x04,0x18,0x04,0x4e,0x00,0x00,0x1f,0x1e,0x00,0x1c,0x00,0x1b,0x24,0x23,0x26,0x23,0x07,0x07,
  0x1a,0x2b,0x04,0x26,0x35,0x35,0x27,0x22,0x26,0x35,0x34,0x37,0x01,0x36,0x33,0x32,0x16,0x15,0x11,0x17,
  0x32,0x16,0x15,0x14,0x06,0x23,0x27,0x15,0x14,0x06,0x23,0x03,0x03,0x17,0x01,0x47,0x13,0xf3,0x0d,0x12,
  0x05,0x01,0x11,0x0a,0x12,0x0e,0x11,0x1f,0x0c,0x12,0x12,0x0c,0x1f,0x13,0x0c,0x20,0xbb,0xbb,0x06,0x13,
  0x0c,0x85,0x04,0x13,0x0c,0x09,0x08,0x01,0xc2,0x10,0x11,0x0e,0xfe,0x57,0x01,0x12,0x0d,0x0d,0x13,0x01,
  0x84,0x0c,0x13,0x02,0x1b,0xfe,0xcb,0x03,0x00,0x01,0x00,0x33,0xff,0xfa,0x01,0xe0,0x02,0x9b,0x00,0x34,
  0x00,0x81,0xb5,0x2a,0x01,0x02,0x06,0x01,0x4c,0x4b,0xb0,0x26,0x50,0x58,0x40,0x2f,0x00,0x03,0x02,0x00,
  0x02,0x03,0x00,0x80,0x00,0x00,0x01,0x02,0x00,0x01,0x7e,0x00,0x05,0x05,0x04,0x5f,0x00,0x04,0x04,0x11,
  0x4d,0x00,0x02,0x02,0x06,0x61,0x00,0x06,0x06,0x14,0x4d,0x00,0x01,0x01,0x07,0x61,0x08,0x01,0x07,0x07,
  0x18,0x07,0x4e,0x1b,0x40,0x2d,0x00,0x03,0x02,0x00,0x02,0x03,0x00,0x80,0x00,0x00,0x01,0x02,0x00,0x01,
  0x7e,0x00,0x06,0x00,0x02,0x03,0x06,0x02,0x69,0x00,0x05,0x05,0x04,0x5f,0x00,0x04,0x04,0x11,0x4d,0x00,
  0x01,0x01,0x07,0x61,0x08,0x01,0x07,0x07,0x18,0x07,0x4e,0x59,0x40,0x10,0x00,0x00,0x00,0x34,0x00,0x33,
  0x22,0x24,0x35,0x23,0x25,0x24,0x27,0x09,0x07,0x1d,0x2b,0x16,0x26,0x26,0x27,0x26,0x35,0x34,0x36,0x33,
  0x32,0x16,0x17,0x16,0x16,0x33,0x32,0x36,0x36,0x35,0x34,0x26,0x23,0x22,0x06,0x07,0x06,0x23,0x22,0x26,
  0x37,0x13,0x36,0x36,0x33,0x21,0x32,0x16,0x15,0x14,0x06,0x23,0x21,0x07,0x36,0x33,0x32,0x16,0x16,0x15,
  0x14,0x06,0x06,0x23,0xc8,0x54,0x34,0x09,0x04,0x13,0x0d,0x0a,0x0b,0x06,0x1e,0x42,0x2e,0x2b,0x4d,0x2e,
  0x4b,0x47,0x31,0x41,0x19,0x0b,0x0d,0x0f,0x13,0x02,0x1a,0x01,0x14,0x0b,0x01,0x1e,0x0d,0x13,0x13,0x0d,
  0xfe,0xfe,0x10,0x3e,0x3f,0x3b,0x5f,0x36,0x40,0x69,0x3b,0x06,0x27,0x33,0x14,0x05,0x0a,0x0d,0x12,0x07,
  0x09,0x26,0x27,0x35,0x59,0x33,0x45,0x63,0x26,0x19,0x0b,0x15,0x0f,0x01,0x03,0x0c,0x10,0x12,0x0d,0x0d,
  0x12,0x9f,0x22,0x3a,0x68,0x44,0x45,0x76,0x45,0x00,0x00,0x00,0x00,0x02,0x00,0x3b,0xff,0xfa,0x01,0xdf,
  0x02,0xa3,0x00,0x1b,0x00,0x2a,0x00,0x36,0x40,0x33,0x11,0x01,0x03,0x01,0x01,0x4c,0x00,0x01,0x00,0x03,
  0x04,0x01,0x03,0x6a,0x00,0x00,0x00,0x17,0x4d,0x06,0x01,0x04,0x04,0x02,0x61,0x05,0x01,0x02,0x02,0x18,
  0x02,0x4e,0x1c,0x1c,0x00,0x00,0x1c,0x2a,0x1c,0x29,0x23,0x21,0x00,0x1b,0x00,0x1a,0x29,0x27,0x07,0x07,
  0x18,0x2b,0x16,0x26,0x26,0x35,0x34,0x36,0x37,0x36,0x33,0x32,0x16,0x15,0x14,0x06,0x07,0x06,0x06,0x07,
  0x36,0x33,0x32,0x16,0x16,0x15,0x14,0x06,0x06,0x23,0x3e,0x02,0x35,0x34,0x26,0x23,0x22,0x06,0x07,0x06,
  0x15,0x14,0x16,0x33,0xd8,0x61,0x3c,0x9e,0x6b,0x0c,0x08,0x0d,0x10,0x09,0x08,0x48,0x6e,0x1a,0x42,0x4a,
  0x36,0x56,0x33,0x37,0x5e,0x39,0x2b,0x43,0x26,0x4a,0x3b,0x3a,0x53,0x18,0x05,0x54,0x48,0x06,0x32,0x70,
  0x58,0xa4,0xd1,0x35,0x05,0x10,0x0d,0x0a,0x0e,0x03,0x20,0x71,0x46,0x26,0x2f,0x5b,0x41,0x49,0x6f,0x3d,
  0x3c,0x2e,0x54,0x37,0x47,0x48,0x2c,0x18,0x1d,0x29,0x61,0x5d,0x00,0x01,0x00,0x26,0xff,0xfa,0x01,0xc7,
  0x02,0x95,0x00,0x16,0x00,0x29,0x40,0x26,0x10,0x01,0x00,0x01,0x02,0x01,0x02,0x00,0x02,0x4c,0x00,0x00,
  0x00,0x01,0x5f,0x00,0x01,0x01,0x11,0x4d,0x03,0x01,0x02,0x02,0x18,0x02,0x4e,0x00,0x00,0x00,0x16,0x00,
  0x15,0x34,0x25,0x04,0x07,0x18,0x2b,0x16,0x26,0x35,0x34,0x37,0x01,0x21,0x22,0x26,0x35,0x34,0x36,0x33,
  0x21,0x32,0x16,0x15,0x14,0x07,0x01,0x06,0x06,0x23,0x6a,0x12,0x04,0x01,0x19,0xfe,0xd0,0x0d,0x12,0x12,
  0x0d,0x01,0x63,0x0d,0x12,0x04,0xfe,0xd0,0x03,0x11,0x08,0x06,0x13,0x0d,0x06,0x07,0x02,0x30,0x12,0x0d,
  0x0d,0x12,0x12,0x0e,0x06,0x0a,0xfd,0xa6,0x08,0x09,0x00,0x00,0x00,0x03,0x00,0x33,0xff,0xfa,0x01,0xd0,
  0x02,0xa7,0x00,0x1b,0x00,0x27,0x00,0x35,0x00,0x79,0x40,0x09,0x2e,0x27,0x14,0x06,0x04,0x03,0x02,0x01,
  0x4c,0x4b,0xb0,0x0b,0x50,0x58,0x40,0x17,0x00,0x02,0x02,0x00,0x61,0x00,0x00,0x00,0x13,0x4d,0x05,0x01,
  0x03,0x03,0x01,0x61,0x04,0x01,0x01,0x01,0x18,0x01,0x4e,0x1b,0x4b,0xb0,0x0d,0x50,0x58,0x40,0x17,0x00,
  0x02,0x02,0x00,0x61,0x00,0x00,0x00,0x17,0x4d,0x05,0x01,0x03,0x03,0x01,0x61,0x04,0x01,0x01,0x01,0x18,
  0x01,0x4e,0x1b,0x40,0x17,0x00,0x02,0x02,0x00,0x61,0x00,0x00,0x00,0x13,0x4d,0x05,0x01,0x03,0x03,0x01,
  0x61,0x04,0x01,0x01,0x01,0x18,0x01,0x4e,0x59,0x59,0x40,0x12,0x28,0x28,0x00,0x00,0x28,0x35,0x28,0x34,
  0x22,0x20,0x00,0x1b,0x00,0x1a,0x2c,0x06,0x07,0x17,0x2b,0x16,0x26,0x26,0x35,0x36,0x36,0x37,0x26,0x26,
  0x35,0x34,0x36,0x36,0x33,0x32,0x16,0x16,0x15,0x14,0x06,0x07,0x16,0x16,0x15,0x14,0x06,0x06,0x23,0x12,
  0x36,0x35,0x34,0x26,0x23,0x22,0x06,0x15,0x14,0x16,0x17,0x12,0x36,0x36,0x35,0x34,0x26,0x27,0x0e,0x02,
  0x15,0x14,0x16,0x33,0xc6,0x5f,0x34,0x01,0x49,0x3a,0x2e,0x36,0x32,0x55,0x32,0x34,0x51,0x2e,0x39,0x2f,
  0x3a,0x3f,0x36,0x5e,0x3b,0x4c,0x34,0x43,0x32,0x34,0x48,0x37,0x40,0x1e,0x43,0x2b,0x4e,0x3a,0x35,0x39,
  0x2d,0x54,0x3d,0x06,0x30,0x53,0x34,0x45,0x56,0x1e,0x16,0x43,0x33,0x36,0x50,0x2b,0x29,0x49,0x2f,0x35,
  0x47,0x19,0x1e,0x5f,0x39,0x36,0x59,0x32,0x01,0xb0,0x3c,0x26,0x2a,0x32,0x3a,0x34,0x27,0x32,0x12,0xfe,
  0xa9,0x1c,0x3a,0x2a,0x38,0x4b,0x13,0x18,0x21,0x3c,0x2e,0x32,0x41,0x00,0x00,0x00,0x00,0x02,0x00,0x30,
  0xff,0xfa,0x01,0xd4,0x02,0xa3,0x00,0x19,0x00,0x28,0x00,0x36,0x40,0x33,0x07,0x01,0x00,0x04,0x01,0x4c,
  0x06,0x01,0x04,0x00,0x00,0x02,0x04,0x00,0x69,0x00,0x03,0x03,0x01,0x61,0x00,0x01,0x01,0x17,0x4d,0x05,
  0x01,0x02,0x02,0x18,0x02,0x4e,0x1a,0x1a,0x00,0x00,0x1a,0x28,0x1a,0x27,0x22,0x20,0x00,0x19,0x00,0x18,
  0x26,0x28,0x07,0x07,0x18,0x2b,0x16,0x26,0x35,0x34,0x37,0x36,0x36,0x37,0x06,0x23,0x22,0x26,0x26,0x35,
  0x34,0x36,0x36,0x33,0x32,0x16,0x15,0x14,0x06,0x07,0x06,0x23,0x12,0x36,0x37,0x36,0x35,0x34,0x26,0x23,
  0x22,0x06,0x06,0x15,0x14,0x16,0x33,0xab,0x11,0x11,0x48,0x6f,0x1a,0x42,0x4a,0x36,0x57,0x33,0x37,0x5e,
  0x3a,0x60,0x75,0x99,0x70,0x0a,0x09,0x72,0x53,0x18,0x04,0x59,0x43,0x2a,0x43,0x25,0x4a,0x3b,0x06,0x11,
  0x0c,0x14,0x08,0x23,0x6f,0x44,0x26,0x2f,0x5c,0x40,0x49,0x70,0x3c,0x7e,0x7c,0x9e,0xd2,0x3a,0x05,0x01,
  0x25,0x2c,0x18,0x1f,0x27,0x69,0x55,0x2e,0x54,0x37,0x45,0x4a,0x00,0x02,0x00,0x22,0xff,0xfa,0x00,0x8d,
  0x01,0xb4,0x00,0x0b,0x00,0x17,0x00,0x2a,0x40,0x27,0x00,0x00,0x04,0x01,0x01,0x02,0x00,0x01,0x69,0x00,
  0x02,0x02,0x03,0x61,0x05,0x01,0x03,0x03,0x18,0x03,0x4e,0x0c,0x0c,0x00,0x00,0x0c,0x17,0x0c,0x16,0x12,
  0x10,0x00,0x0b,0x00,0x0a,0x24,0x06,0x07,0x17,0x2b,0x12,0x26,0x35,0x34,0x36,0x33,0x32,0x16,0x15,0x14,
  0x06,0x23,0x02,0x26,0x35,0x34,0x36,0x33,0x32,0x16,0x15,0x14,0x06,0x23,0x52,0x13,0x1a,0x11,0x0f,0x14,
  0x1a,0x11,0x2d,0x13,0x1a,0x11,0x0f,0x15,0x1a,0x12,0x01,0x5b,0x17,0x12,0x12,0x1e,0x16,0x11,0x15,0x1d,
  0xfe,0x9f,0x17,0x12,0x13,0x1d,0x17,0x10,0x15,0x1d,0x00,0x00,0x00,0x02,0x00,0x1f,0xff,0x9e,0x00,0x9f,
  0x01,0xb4,0x00,0x0b,0x00,0x20,0x00,0x3a,0x40,0x37,0x11,0x0e,0x02,0x03,0x02,0x01,0x4c,0x00,0x02,0x01,
  0x03,0x01,0x02,0x03,0x80,0x05,0x01,0x03,0x03,0x84,0x00,0x00,0x01,0x01,0x00,0x59,0x00,0x00,0x00,0x01,
  0x61,0x04,0x01,0x01,0x00,0x01,0x51,0x0c,0x0c,0x00,0x00,0x0c,0x20,0x0c,0x1f,0x17,0x15,0x00,0x0b,0x00,
  0x0a,0x24,0x06,0x07,0x17,0x2b,0x12,0x26,0x35,0x34,0x36,0x33,0x32,0x16,0x15,0x14,0x06,0x23,0x02,0x26,
  0x35,0x34,0x37,0x37,0x26,0x35,0x34,0x36,0x33,0x32,0x16,0x15,0x14,0x06,0x07,0x07,0x06,0x06,0x23,0x64,
  0x13,0x1a,0x11,0x0f,0x14,0x1a,0x11,0x45,0x10,0x02,0x17,0x0b,0x1a,0x11,0x0f,0x15,0x09,0x0d,0x09,0x0b,
  0x0c,0x0c,0x01,0x5b,0x17,0x12,0x12,0x1e,0x16,0x11,0x15,0x1d,0xfe,0x43,0x0f,0x0b,0x04,0x06,0x3d,0x0f,
  0x0f,0x13,0x1d,0x16,0x0d,0x0d,0x1a,0x20,0x16,0x1d,0x12,0x00,0x00,0x01,0x00,0x3f,0x00,0x02,0x01,0xcb,
  0x01,0xe6,0x00,0x19,0x00,0x1a,0x40,0x17,0x12,0x0e,0x02,0x01,0x00,0x01,0x4c,0x00,0x00,0x00,0x14,0x4d,
  0x00,0x01,0x01,0x12,0x01,0x4e,0x1c,0x2a,0x02,0x07,0x18,0x2b,0x24,0x27,0x25,0x26,0x26,0x35,0x34,0x36,
  0x37,0x25,0x36,0x33,0x32,0x16,0x15,0x14,0x06,0x07,0x05,0x05,0x16,0x16,0x15,0x14,0x06,0x23,0x01,0x91,
  0x0a,0xfe,0xc6,0x07,0x07,0x08,0x07,0x01,0x4d,0x08,0x09,0x0c,0x13,0x08,0x07,0xfe,0xdc,0x01,0x12,0x07,
  0x07,0x12,0x0d,0x02,0x05,0xd0,0x04,0x0f,0x08,0x07,0x0f,0x04,0xd5,0x05,0x13,0x0d,0x07,0x0f,0x04,0xbb,
  0xb5,0x04,0x0f,0x08,0x0c,0x13,0x00,0x00,0x00,0x02,0x00,0x3b,0x00,0x86,0x01,0x93,0x01,0x62,0x00,0x0d,
  0x00,0x1b,0x00,0x2f,0x40,0x2c,0x00,0x00,0x04,0x01,0x01,0x02,0x00,0x01,0x67,0x00,0x02,0x03,0x03,0x02,
  0x57,0x00,0x02,0x02,0x03,0x5f,0x05,0x01,0x03,0x02,0x03,0x4f,0x0e,0x0e,0x00,0x00,0x0e,0x1b,0x0e,0x19,
  0x15,0x12,0x00,0x0d,0x00,0x0b,0x34,0x06,0x07,0x17,0x2b,0x12,0x26,0x35,0x34,0x36,0x33,0x21,0x32,0x16,
  0x15,0x14,0x06,0x23,0x21,0x06,0x26,0x35,0x34,0x36,0x33,0x21,0x32,0x16,0x15,0x14,0x06,0x23,0x21,0x4d,
  0x12,0x12,0x0d,0x01,0x19,0x0d,0x13,0x13,0x0d,0xfe,0xe7,0x0d,0x12,0x12,0x0d,0x01,0x19,0x0d,0x13,0x13,
  0x0d,0xfe,0xe7,0x01,0x24,0x11,0x0d,0x0d,0x13,0x13,0x0d,0x0d,0x11,0x9e,0x11,0x0d,0x0d,0x12,0x12,0x0d,
  0x0d,0x11,0x00,0x00,0x00,0x01,0x00,0x49,0x00,0x02,0x01,0xd5,0x01,0xe6,0x00,0x17,0x00,0x1f,0x40,0x1c,
  0x05,0x01,0x01,0x00,0x01,0x4c,0x00,0x00,0x00,0x14,0x4d,0x02,0x01,0x01,0x01,0x12,0x01,0x4e,0x00,0x00,
  0x00,0x17,0x00,0x16,0x1b,0x03,0x07,0x17,0x2b,0x36,0x26,0x35,0x34,0x37,0x25,0x25,0x26,0x26,0x35,0x34,
  0x36,0x33,0x32,0x17,0x05,0x16,0x16,0x15,0x14,0x07,0x05,0x06,0x23,0x6f,0x13,0x0f,0x01,0x11,0xfe,0xdc,
  0x07,0x08,0x13,0x0d,0x07,0x0a,0x01,0x4c,0x07,0x08,0x0e,0xfe,0xc6,0x08,0x0a,0x02,0x13,0x0c,0x11,0x0a,
  0xb5,0xbb,0x04,0x0e,0x08,0x0d,0x13,0x05,0xd5,0x04,0x0f,0x07,0x13,0x08,0xd0,0x05,0x00,0x02,0x00,0x1c,
  0xff,0xfa,0x01,0xb4,0x02,0xbe,0x00,0x26,0x00,0x32,0x00,0x6c,0x4b,0xb0,0x18,0x50,0x58,0x40,0x26,0x00,
  0x01,0x00,0x03,0x00,0x01,0x03,0x80,0x06,0x01,0x03,0x04,0x00,0x03,0x04,0x7e,0x00,0x00,0x00,0x02,0x61,
  0x00,0x02,0x02,0x13,0x4d,0x00,0x04,0x04,0x05,0x61,0x07,0x01,0x05,0x05,0x18,0x05,0x4e,0x1b,0x40,0x24,
  0x00,0x01,0x00,0x03,0x00,0x01,0x03,0x80,0x06,0x01,0x03,0x04,0x00,0x03,0x04,0x7e,0x00,0x02,0x00,0x00,
  0x01,0x02,0x00,0x69,0x00,0x04,0x04,0x05,0x61,0x07,0x01,0x05,0x05,0x18,0x05,0x4e,0x59,0x40,0x14,0x27,
  0x27,0x00,0x00,0x27,0x32,0x27,0x31,0x2d,0x2b,0x00,0x26,0x00,0x25,0x26,0x23,0x2c,0x08,0x07,0x19,0x2b,
  0x36,0x26,0x35,0x34,0x37,0x36,0x37,0x3e,0x02,0x35,0x34,0x26,0x23,0x22,0x06,0x07,0x06,0x23,0x22,0x26,
  0x35,0x34,0x37,0x36,0x36,0x33,0x32,0x16,0x16,0x15,0x14,0x06,0x06,0x0f,0x02,0x06,0x23,0x06,0x26,0x35,
  0x34,0x36,0x33,0x32,0x16,0x15,0x14,0x06,0x23,0x99,0x11,0x0b,0x44,0x34,0x07,0x41,0x25,0x4f,0x53,0x2b,
  0x3f,0x1d,0x06,0x0d,0x0d,0x13,0x16,0x1c,0x54,0x34,0x42,0x65,0x37,0x29,0x2e,0x2b,0x50,0x21,0x0e,0x0d,
  0x31,0x14,0x1a,0x11,0x0f,0x15,0x1a,0x11,0xa6,0x12,0x0d,0x0e,0x08,0x3a,0x31,0x06,0x3d,0x43,0x23,0x3c,
  0x56,0x28,0x21,0x08,0x12,0x0d,0x0c,0x18,0x1f,0x2c,0x34,0x5e,0x3d,0x33,0x50,0x2f,0x24,0x48,0x1d,0x0e,
  0xac,0x18,0x11,0x13,0x1d,0x17,0x10,0x15,0x1d,0x00,0x00,0x00,0x00,0x01,0x00,0x45,0xff,0x9c,0x02,0xfd,
  0x02,0x64,0x00,0x56,0x00,0x6e,0x40,0x6b,0x34,0x11,0x02,0x06,0x07,0x50,0x01,0x0a,0x0b,0x02,0x4c,0x00,
  0x04,0x05,0x07,0x05,0x04,0x07,0x80,0x00,0x07,0x06,0x05,0x07,0x06,0x7e,0x00,0x0b,0x01,0x0a,0x01,0x0b,
  0x0a,0x80,0x00,0x00,0x00,0x09,0x03,0x00,0x09,0x69,0x00,0x03,0x00,0x05,0x04,0x03,0x05,0x69,0x00,0x06,
  0x00,0x02,0x01,0x06,0x02,0x69,0x00,0x08,0x00,0x01,0x0b,0x08,0x01,0x69,0x00,0x0a,0x0c,0x0c,0x0a,0x59,
  0x00,0x0a,0x0a,0x0c,0x62,0x0d,0x01,0x0c,0x0a,0x0c,0x52,0x00,0x00,0x00,0x56,0x00,0x55,0x4e,0x4c,0x4a,
  0x48,0x42,0x40,0x27,0x23,0x25,0x22,0x25,0x25,0x23,0x25,0x26,0x0e,0x07,0x1f,0x2b,0x04,0x26,0x26,0x35,
  0x34,0x36,0x36,0x33,0x32,0x16,0x16,0x15,0x14,0x06,0x23,0x22,0x26,0x27,0x06,0x23,0x22,0x26,0x35,0x34,
  0x36,0x36,0x33,0x32,0x17,0x16,0x15,0x14,0x06,0x23,0x22,0x27,0x26,0x23,0x22,0x06,0x06,0x15,0x14,0x16,
  0x33,0x32,0x36,0x37,0x36,0x33,0x32,0x16,0x15,0x14,0x06,0x15,0x14,0x16,0x33,0x32,0x36,0x35,0x34,0x26,
  0x26,0x23,0x22,0x06,0x06,0x15,0x14,0x16,0x16,0x33,0x32,0x37,0x36,0x33,0x32,0x16,0x15,0x14,0x06,0x07,
  0x06,0x06,0x23,0x01,0x47,0xa2,0x60,0x5e,0xa6,0x67,0x5c,0x99,0x58,0x58,0x4a,0x26,0x4f,0x11,0x35,0x3e,
  0x36,0x40,0x2d,0x4f,0x2f,0x2f,0x2e,0x17,0x12,0x0d,0x09,0x0d,0x23,0x1b,0x1f,0x33,0x1d,0x1e,0x1a,0x23,
  0x40,0x0e,0x09,0x14,0x0c,0x12,0x08,0x34,0x24,0x2c,0x37,0x3f,0x7c,0x55,0x4e,0x8a,0x56,0x59,0x89,0x46,
  0x5b,0x52,0x0e,0x09,0x0d,0x11,0x09,0x0b,0x22,0x6b,0x43,0x64,0x56,0x9e,0x67,0x67,0xa7,0x5f,0x57,0x98,
  0x5c,0x5a,0x67,0x28,0x29,0x44,0x47,0x3c,0x32,0x58,0x36,0x1c,0x0f,0x10,0x0d,0x11,0x09,0x14,0x25,0x3d,
  0x22,0x22,0x25,0x55,0x25,0x14,0x11,0x0d,0x07,0x1c,0x10,0x22,0x29,0x43,0x43,0x45,0x7c,0x4d,0x47,0x89,
  0x60,0x5d,0x83,0x41,0x35,0x0a,0x12,0x0c,0x08,0x0e,0x08,0x19,0x24,0x00,0x00,0x00,0x00,0x02,0x00,0x1b,
  0xff,0xf9,0x02,0x28,0x02,0xab,0x00,0x24,0x00,0x27,0x00,0x31,0x40,0x2e,0x27,0x26,0x0e,0x03,0x04,0x01,
  0x02,0x0b,0x01,0x00,0x01,0x02,0x4c,0x00,0x01,0x02,0x00,0x02,0x01,0x00,0x80,0x00,0x02,0x02,0x13,0x4d,
  0x04,0x03,0x02,0x00,0x00,0x18,0x00,0x4e,0x00,0x00,0x00,0x24,0x00,0x23,0x2a,0x16,0x27,0x05,0x07,0x19,
  0x2b,0x04,0x26,0x27,0x27,0x07,0x07,0x06,0x06,0x23,0x22,0x26,0x35,0x34,0x37,0x37,0x06,0x23,0x26,0x26,
  0x35,0x34,0x36,0x37,0x37,0x13,0x36,0x36,0x33,0x32,0x16,0x17,0x13,0x16,0x15,0x14,0x06,0x23,0x03,0x27,
  0x03,0x01,0xfe,0x11,0x03,0x52,0xf9,0x49,0x03,0x10,0x0a,0x0d,0x11,0x04,0x37,0x09,0x09,0x0c,0x10,0x0e,
  0x0a,0x32,0xa0,0x04,0x12,0x09,0x0a,0x10,0x04,0xd3,0x06,0x12,0x0e,0x86,0x55,0x73,0x07,0x0c,0x0a,0xee,
  0x37,0xb8,0x09,0x0b,0x12,0x0e,0x06,0x0b,0x8d,0x03,0x01,0x11,0x0d,0x0b,0x12,0x02,0x0b,0x01,0x99,0x09,
  0x0b,0x0b,0x0a,0xfd,0x9a,0x12,0x06,0x0c,0x13,0x01,0x40,0xf9,0xfe,0xdc,0x00,0x00,0x00,0x03,0x00,0x53,
  0xff,0xf8,0x02,0x3e,0x02,0xa0,0x00,0x12,0x00,0x1c,0x00,0x24,0x00,0x98,0xb5,0x0d,0x01,0x04,0x03,0x01,
  0x4c,0x4b,0xb0,0x0b,0x50,0x58,0x40,0x20,0x07,0x01,0x03,0x00,0x04,0x05,0x03,0x04,0x67,0x00,0x02,0x02,
  0x00,0x5f,0x00,0x00,0x00,0x11,0x4d,0x08,0x01,0x05,0x05,0x01,0x61,0x06,0x01,0x01,0x01,0x18,0x01,0x4e,
  0x1b,0x4b,0xb0,0x0d,0x50,0x58,0x40,0x20,0x07,0x01,0x03,0x00,0x04,0x05,0x03,0x04,0x67,0x00,0x02,0x02,
  0x00,0x5f,0x00,0x00,0x00,0x11,0x4d,0x08,0x01,0x05,0x05,0x01,0x61,0x06,0x01,0x01,0x01,0x12,0x01,0x4e,
  0x1b,0x40,0x20,0x07,0x01,0x03,0x00,0x04,0x05,0x03,0x04,0x67,0x00,0x02,0x02,0x00,0x5f,0x00,0x00,0x00,
  0x11,0x4d,0x08,0x01,0x05,0x05,0x01,0x61,0x06,0x01,0x01,0x01,0x18,0x01,0x4e,0x59,0x59,0x40,0x1a,0x1d,
  0x1d,0x13,0x13,0x00,0x00,0x1d,0x24,0x1d,0x24,0x23,0x21,0x13,0x1c,0x13,0x1b,0x1a,0x18,0x00,0x12,0x00,
  0x11,0x34,0x09,0x07,0x17,0x2b,0x16,0x35,0x11,0x34,0x36,0x33,0x33,0x32,0x16,0x16,0x15,0x14,0x06,0x07,
  0x16,0x15,0x14,0x06,0x23,0x12,0x36,0x36,0x35,0x34,0x26,0x23,0x23,0x15,0x33,0x02,0x36,0x35,0x34,0x26,
  0x23,0x23,0x11,0x53,0x13,0x0d,0xb4,0x48,0x63,0x31,0x25,0x1d,0x7d,0xe2,0xe0,0xf4,0x36,0x1e,0x54,0x49,
  0x93,0xbc,0x1e,0xcc,0x5a,0x4b,0xc5,0x08,0x26,0x02,0x62,0x0d,0x13,0x31,0x4d,0x29,0x31,0x46,0x15,0x2e,
  0x77,0x64,0x6c,0x01,0x86,0x22,0x38,0x1e,0x30,0x3d,0xe5,0xfe,0xb7,0x4a,0x49,0x36,0x43,0xfe,0xf3,0x00,
  0x00,0x01,0x00,0x30,0xff,0xfa,0x02,0x45,0x02,0xa4,0x00,0x30,0x00,0x77,0x40,0x0a,0x0a,0x01,0x03,0x01,
  0x17,0x01,0x02,0x03,0x02,0x4c,0x4b,0xb0,0x1a,0x50,0x58,0x40,0x28,0x00,0x05,0x02,0x04,0x02,0x05,0x04,
  0x80,0x00,0x03,0x03,0x00,0x61,0x00,0x00,0x00,0x17,0x4d,0x00,0x02,0x02,0x01,0x61,0x00,0x01,0x01,0x11,
  0x4d,0x00,0x04,0x04,0x06,0x61,0x07,0x01,0x06,0x06,0x18,0x06,0x4e,0x1b,0x40,0x26,0x00,0x05,0x02,0x04,
  0x02,0x05,0x04,0x80,0x00,0x01,0x00,0x02,0x05,0x01,0x02,0x69,0x00,0x03,0x03,0x00,0x61,0x00,0x00,0x00,
  0x17,0x4d,0x00,0x04,0x04,0x06,0x61,0x07,0x01,0x06,0x06,0x18,0x06,0x4e,0x59,0x40,0x0f,0x00,0x00,0x00,
  0x30,0x00,0x2f,0x23,0x26,0x25,0x25,0x24,0x26,0x08,0x07,0x1c,0x2b,0x04,0x26,0x26,0x35,0x34,0x36,0x36,
  0x33,0x32,0x16,0x17,0x36,0x36,0x33,0x32,0x16,0x15,0x15,0x14,0x06,0x23,0x22,0x26,0x35,0x35,0x26,0x26,
  0x23,0x22,0x06,0x06,0x15,0x14,0x16,0x16,0x33,0x32,0x37,0x36,0x36,0x33,0x32,0x16,0x15,0x14,0x07,0x06,
  0x06,0x23,0x01,0x02,0x84,0x4e,0x59,0x8f,0x4c,0x2b,0x3e,0x1c,0x03,0x0e,0x09,0x0d,0x12,0x13,0x0d,0x0d,
  0x13,0x16,0x3a,0x2e,0x3b,0x70,0x47,0x3e,0x66,0x3b,0x73,0x48,0x06,0x0b,0x08,0x0d,0x13,0x06,0x2a,0x7c,
  0x48,0x06,0x4a,0x87,0x58,0x62,0xb3,0x6c,0x15,0x12,0x06,0x08,0x12,0x0d,0x40,0x0d,0x13,0x12,0x0d,0x08,
  0x15,0x1d,0x5a,0x95,0x53,0x47,0x6a,0x39,0x5e,0x07,0x05,0x11,0x0f,0x0c,0x07,0x39,0x3d,0x00,0x00,0x00,
  0x00,0x02,0x00,0x53,0xff,0xf9,0x02,0x45,0x02,0xa2,0x00,0x10,0x00,0x19,0x00,0x55,0xb5,0x17,0x01,0x03,
  0x02,0x01,0x4c,0x4b,0xb0,0x0b,0x50,0x58,0x40,0x17,0x00,0x02,0x02,0x00,0x61,0x00,0x00,0x00,0x17,0x4d,
  0x05,0x01,0x03,0x03,0x01,0x61,0x04,0x01,0x01,0x01,0x12,0x01,0x4e,0x1b,0x40,0x17,0x00,0x02,0x02,0x00,
  0x61,0x00,0x00,0x00,0x17,0x4d,0x05,0x01,0x03,0x03,0x01,0x61,0x04,0x01,0x01,0x01,0x18,0x01,0x4e,0x59,
  0x40,0x12,0x11,0x11,0x00,0x00,0x11,0x19,0x11,0x18,0x16,0x15,0x00,0x10,0x00,0x0f,0x27,0x06,0x07,0x17,
  0x2b,0x16,0x27,0x26,0x26,0x35,0x11,0x34,0x36,0x33,0x32,0x16,0x16,0x15,0x14,0x06,0x06,0x23,0x36,0x36,
  0x35,0x34,0x26,0x27,0x11,0x16,0x33,0xb0,0x44,0x0b,0x0e,0x13,0x0e,0x67,0xd1,0x99,0x5c,0x9e,0x64,0x85,
  0x98,0xcc,0xa4,0x35,0x1e,0x07,0x11,0x03,0x12,0x0b,0x02,0x59,0x0d,0x12,0x3d,0xa9,0x95,0x65,0x88,0x41,
  0x40,0x79,0x75,0x9d,0x96,0x08,0xfd,0xe1,0x0a,0x00,0x00,0x00,0x00,0x01,0x00,0x53,0x00,0x00,0x02,0x3b,
  0x02,0x9e,0x00,0x20,0x00,0x2f,0x40,0x2c,0x00,0x02,0x00,0x03,0x04,0x02,0x03,0x67,0x00,0x01,0x01,0x00,
  0x5f,0x00,0x00,0x00,0x11,0x4d,0x00,0x04,0x04,0x05,0x5f,0x06,0x01,0x05,0x05,0x12,0x05,0x4e,0x00,0x00,
  0x00,0x20,0x00,0x1e,0x21,0x24,0x21,0x24,0x35,0x07,0x07,0x1b,0x2b,0x32,0x26,0x35,0x11,0x34,0x36,0x33,
  0x21,0x32,0x16,0x15,0x14,0x06,0x23,0x21,0x15,0x21,0x32,0x16,0x15,0x14,0x06,0x23,0x21,0x15,0x21,0x32,
  0x16,0x15,0x14,0x06,0x23,0x21,0x67,0x14,0x13,0x0e,0x01,0xa7,0x0e,0x12,0x13,0x0d,0xfe,0x78,0x01,0x58,
  0x0e,0x11,0x12,0x0d,0xfe,0xa8,0x01,0x86,0x0e,0x12,0x13,0x0d,0xfe,0x5b,0x14,0x0d,0x02,0x5d,0x0d,0x13,
  0x12,0x0e,0x0d,0x13,0xe1,0x11,0x0e,0x0e,0x13,0xfd,0x12,0x0d,0x0e,0x13,0x00,0x00,0x00,0x01,0x00,0x53,
  0xff,0xf9,0x02,0x3b,0x02,0x9e,0x00,0x1b,0x00,0x4d,0x4b,0xb0,0x0b,0x50,0x58,0x40,0x19,0x00,0x02,0x00,
  0x03,0x04,0x02,0x03,0x67,0x00,0x01,0x01,0x00,0x5f,0x00,0x00,0x00,0x11,0x4d,0x05,0x01,0x04,0x04,0x12,
  0x04,0x4e,0x1b,0x40,0x19,0x00,0x02,0x00,0x03,0x04,0x02,0x03,0x67,0x00,0x01,0x01,0x00,0x5f,0x00,0x00,
  0x00,0x11,0x4d,0x05,0x01,0x04,0x04,0x18,0x04,0x4e,0x59,0x40,0x0d,0x00,0x00,0x00,0x1b,0x00,0x1a,0x24,
  0x21,0x24,0x35,0x06,0x07,0x1a,0x2b,0x16,0x26,0x35,0x11,0x34,0x36,0x33,0x21,0x32,0x16,0x15,0x14,0x06,
  0x23,0x21,0x15,0x21,0x32,0x16,0x15,0x14,0x06,0x23,0x21,0x11,0x14,0x06,0x23,0x67,0x14,0x13,0x0e,0x01,
  0xa7,0x0e,0x12,0x13,0x0d,0xfe,0x79,0x01,0x2f,0x0d,0x13,0x13,0x0d,0xfe,0xd1,0x13,0x0d,0x07,0x14,0x0d,
  0x02,0x64,0x0d,0x13,0x12,0x0e,0x0d,0x13,0xe1,0x13,0x0e,0x0d,0x13,0xfe,0xde,0x0e,0x13,0x00,0x00,0x00,
  0x00,0x01,0x00,0x30,0xff,0xf9,0x02,0xa7,0x02,0xa5,0x00,0x39,0x00,0x81,0xb5,0x34,0x01,0x05,0x04,0x01,
  0x4c,0x4b,0xb0,0x0b,0x50,0x58,0x40,0x2e,0x00,0x01,0x02,0x06,0x02,0x01,0x06,0x80,0x00,0x05,0x04,0x03,
  0x04,0x05,0x03,0x80,0x00,0x06,0x00,0x04,0x05,0x06,0x04,0x69,0x00,0x02,0x02,0x00,0x61,0x00,0x00,0x00,
  0x17,0x4d,0x00,0x03,0x03,0x07,0x61,0x08,0x01,0x07,0x07,0x12,0x07,0x4e,0x1b,0x40,0x2e,0x00,0x01,0x02,
  0x06,0x02,0x01,0x06,0x80,0x00,0x05,0x04,0x03,0x04,0x05,0x03,0x80,0x00,0x06,0x00,0x04,0x05,0x06,0x04,
  0x69,0x00,0x02,0x02,0x00,0x61,0x00,0x00,0x00,0x17,0x4d,0x00,0x03,0x03,0x07,0x61,0x08,0x01,0x07,0x07,
  0x18,0x07,0x4e,0x59,0x40,0x10,0x00,0x00,0x00,0x39,0x00,0x38,0x27,0x22,0x22,0x26,0x24,0x25,0x26,0x09,
  0x07,0x1d,0x2b,0x04,0x26,0x26,0x35,0x34,0x36,0x36,0x33,0x32,0x16,0x16,0x15,0x14,0x06,0x23,0x22,0x26,
  0x27,0x26,0x26,0x23,0x22,0x06,0x06,0x15,0x14,0x16,0x16,0x33,0x32,0x36,0x37,0x23,0x22,0x07,0x06,0x23,
  0x22,0x26,0x35,0x34,0x36,0x37,0x36,0x36,0x33,0x32,0x17,0x16,0x15,0x14,0x06,0x07,0x22,0x27,0x06,0x06,
  0x23,0x01,0x0c,0x8b,0x51,0x50,0x91,0x5d,0x56,0x77,0x3c,0x11,0x0e,0x0a,0x11,0x04,0x15,0x63,0x53,0x56,
  0x72,0x35,0x41,0x6d,0x3f,0x52,0x77,0x15,0x1a,0x33,0x34,0x14,0x03,0x0d,0x12,0x0b,0x0b,0x16,0x4e,0x26,
  0x42,0x2c,0x14,0x11,0x0c,0x07,0x08,0x18,0x96,0x6f,0x07,0x53,0x97,0x62,0x55,0xa3,0x68,0x47,0x5c,0x1b,
  0x0d,0x0f,0x0b,0x0a,0x38,0x4d,0x64,0x87,0x35,0x52,0x79,0x41,0x5d,0x50,0x0d,0x04,0x12,0x0e,0x0a,0x11,
  0x04,0x08,0x0a,0x11,0x06,0x18,0x0d,0x11,0x01,0x03,0x63,0x7f,0x00,0x01,0x00,0x53,0xff,0xfa,0x02,0x80,
  0x02,0xa3,0x00,0x1f,0x00,0x26,0x40,0x23,0x1b,0x1a,0x0b,0x0a,0x04,0x02,0x00,0x01,0x4c,0x01,0x01,0x00,
  0x00,0x17,0x4d,0x04,0x03,0x02,0x02,0x02,0x18,0x02,0x4e,0x00,0x00,0x00,0x1f,0x00,0x1e,0x25,0x27,0x25,
  0x05,0x07,0x19,0x2b,0x16,0x26,0x35,0x11,0x34,0x36,0x33,0x32,0x16,0x15,0x11,0x25,0x35,0x34,0x36,0x33,
  0x32,0x16,0x15,0x11,0x14,0x06,0x23,0x22,0x26,0x35,0x11,0x05,0x15,0x14,0x06,0x23,0x66,0x13,0x12,0x0e,
  0x0e,0x13,0x01,0xac,0x12,0x0e,0x0d,0x13,0x13,0x0d,0x0d,0x13,0xfe,0x54,0x14,0x0d,0x06,0x13,0x0d,0x02,
  0x6a,0x0d,0x12,0x12,0x0d,0xfe,0xd4,0x3c,0xf0,0x0d,0x12,0x12,0x0d,0xfd,0x96,0x0d,0x13,0x13,0x0d,0x01,
  0x39,0x3b,0xfe,0x0d,0x13,0x00,0x00,0x00,0x00,0x01,0x00,0x25,0x00,0x00,0x01,0x62,0x02,0x9e,0x00,0x1f,
  0x00,0x29,0x40,0x26,0x03,0x01,0x01,0x01,0x02,0x5f,0x00,0x02,0x02,0x11,0x4d,0x04,0x01,0x00,0x00,0x05,
  0x5f,0x06,0x01,0x05,0x05,0x12,0x05,0x4e,0x00,0x00,0x00,0x1f,0x00,0x1d,0x21,0x24,0x34,0x21,0x24,0x07,
  0x07,0x1b,0x2b,0x32,0x26,0x35,0x34,0x36,0x33,0x33,0x11,0x23,0x22,0x26,0x35,0x34,0x36,0x33,0x33,0x32,
  0x16,0x15,0x14,0x06,0x23,0x23,0x11,0x33,0x32,0x16,0x15,0x14,0x06,0x23,0x23,0x38,0x13,0x13,0x0e,0x5f,
  0x5f,0x0e,0x13,0x13,0x0e,0xfd,0x0d,0x12,0x12,0x0d,0x5e,0x5e,0x0e,0x11,0x12,0x0d,0xfd,0x12,0x0d,0x0d,
  0x11,0x02,0x24,0x12,0x0d,0x0d,0x11,0x11,0x0d,0x0d,0x12,0xfd,0xdc,0x11,0x0d,0x0d,0x12,0x00,0x00,0x00,
  0x00,0x01,0x00,0x12,0xff,0xfa,0x01,0xa8,0x02,0x9c,0x00,0x24,0x00,0x30,0x40,0x2d,0x00,0x00,0x02,0x01,
  0x02,0x00,0x01,0x80,0x04,0x01,0x02,0x02,0x03,0x5f,0x00,0x03,0x03,0x11,0x4d,0x00,0x01,0x01,0x05,0x61,
  0x06,0x01,0x05,0x05,0x18,0x05,0x4e,0x00,0x00,0x00,0x24,0x00,0x23,0x24,0x34,0x23,0x24,0x25,0x07,0x07,
  0x1b,0x2b,0x16,0x26,0x26,0x35,0x34,0x36,0x33,0x32,0x16,0x15,0x14,0x16,0x33,0x32,0x36,0x35,0x11,0x23,
  0x22,0x26,0x35,0x34,0x36,0x33,0x33,0x32,0x16,0x15,0x14,0x06,0x23,0x23,0x11,0x14,0x06,0x06,0x23,0x80,
  0x51,0x1d,0x12,0x0f,0x0d,0x13,0x2e,0x45,0x3f,0x2e,0x76,0x0e,0x12,0x13,0x0d,0xcb,0x0d,0x13,0x13,0x0c,
  0x16,0x24,0x4e,0x3b,0x06,0x3c,0x4e,0x21,0x0f,0x14,0x13,0x0e,0x25,0x48,0x3d,0x24,0x01,0xc5,0x12,0x0d,
  0x0c,0x11,0x11,0x0c,0x0d,0x12,0xfe,0x3b,0x29,0x4a,0x2e,0x00,0x00,0x01,0x00,0x53,0xff,0xf9,0x02,0x1c,
  0x02,0xa4,0x00,0x20,0x00,0x25,0x40,0x22,0x1a,0x11,0x02,0x03,0x00,0x01,0x01,0x4c,0x02,0x01,0x01,0x01,
  0x17,0x4d,0x04,0x03,0x02,0x00,0x00,0x18,0x00,0x4e,0x00,0x00,0x00,0x20,0x00,0x1f,0x25,0x25,0x25,0x05,
  0x07,0x19,0x2b,0x04,0x27,0x01,0x15,0x14,0x06,0x23,0x22,0x26,0x35,0x11,0x34,0x36,0x33,0x32,0x16,0x15,
  0x15,0x01,0x36,0x33,0x32,0x16,0x15,0x14,0x07,0x01,0x01,0x16,0x15,0x14,0x06,0x23,0x01,0xf2,0x08,0xfe,
  0xa8,0x13,0x0d,0x0d,0x12,0x12,0x0d,0x0d,0x13,0x01,0x43,0x0a,0x0b,0x0c,0x12,0x0a,0xfe,0xab,0x01,0x68,
  0x0b,0x12,0x0d,0x07,0x07,0x01,0x0d,0xf3,0x0d,0x13,0x13,0x0d,0x02,0x6a,0x0d,0x12,0x12,0x0d,0xfd,0x01,
  0x15,0x08,0x14,0x0c,0x0e,0x09,0xfe,0xdc,0xfe,0xe8,0x09,0x0f,0x0d,0x13,0x00,0x00,0x00,0x01,0x00,0x53,
  0xff,0xf9,0x01,0xe8,0x02,0xa3,0x00,0x12,0x00,0x3b,0x4b,0xb0,0x2c,0x50,0x58,0x1b,0xb4,0x12,0x11,0x02,
  0x01,0x49,0x59,0x4b,0xb0,0x2c,0x50,0x58,0x40,0x10,0x00,0x00,0x00,0x17,0x4d,0x00,0x01,0x01,0x02,0x5f,
  0x00,0x02,0x02,0x12,0x02,0x4e,0x1b,0x40,0x0b,0x00,0x01,0x00,0x01,0x86,0x00,0x00,0x00,0x17,0x00,0x4e,
  0x59,0xb5,0x16,0x13,0x25,0x03,0x07,0x19,0x2b,0x16,0x26,0x35,0x11,0x34,0x36,0x33,0x32,0x16,0x15,0x11,
  0x25,0x36,0x16,0x15,0x14,0x06,0x07,0x05,0x66,0x13,0x13,0x0d,0x0d,0x13,0x01,0x35,0x0e,0x12,0x12,0x0c,
  0xfe,0xa8,0x07,0x15,0x0c,0x02,0x6a,0x0c,0x13,0x13,0x0c,0xfd,0xb7,0x15,0x01,0x12,0x0e,0x0c,0x12,0x01,
  0x18,0x00,0x00,0x00,0x00,0x01,0x00,0x29,0xff,0xfa,0x03,0x1c,0x02,0xa3,0x00,0x29,0x00,0x27,0x40,0x24,
  0x25,0x1d,0x0c,0x03,0x02,0x00,0x01,0x4c,0x01,0x01,0x00,0x00,0x17,0x4d,0x05,0x04,0x03,0x03,0x02,0x02,
  0x18,0x02,0x4e,0x00,0x00,0x00,0x29,0x00,0x28,0x26,0x27,0x26,0x27,0x06,0x07,0x1a,0x2b,0x16,0x26,0x35,
  0x34,0x37,0x13,0x36,0x36,0x33,0x32,0x16,0x17,0x13,0x13,0x36,0x36,0x33,0x32,0x16,0x17,0x13,0x16,0x15,
  0x14,0x06,0x23,0x22,0x26,0x27,0x03,0x03,0x06,0x06,0x23,0x22,0x26,0x27,0x03,0x03,0x06,0x06,0x23,0x39,
  0x10,0x04,0x84,0x02,0x11,0x0c,0x0b,0x10,0x03,0xa7,0xc0,0x04,0x11,0x0b,0x0a,0x10,0x02,0x86,0x05,0x12,
  0x0d,0x0c,0x11,0x02,0x72,0xbb,0x03,0x11,0x0a,0x0a,0x10,0x03,0xa1,0x6f,0x02,0x11,0x0c,0x06,0x12,0x0a,
  0x0c,0x0d,0x02,0x5b,0x0c,0x0d,0x0c,0x09,0xfd,0xee,0x02,0x13,0x09,0x0b,0x0e,0x0b,0xfd,0xa8,0x11,0x0b,
  0x0b,0x11,0x0d,0x0c,0x02,0x00,0xfd,0xfb,0x09,0x0b,0x0c,0x0a,0x01,0xfa,0xfe,0x09,0x0c,0x0d,0x00,0x00,
  0x00,0x01,0x00,0x53,0xff,0xfa,0x02,0x3f,0x02,0xa4,0x00,0x1c,0x00,0x24,0x40,0x21,0x18,0x09,0x02,0x02,
  0x00,0x01,0x4c,0x01,0x01,0x00,0x00,0x17,0x4d,0x04,0x03,0x02,0x02,0x02,0x18,0x02,0x4e,0x00,0x00,0x00,
  0x1c,0x00,0x1b,0x15,0x25,0x25,0x05,0x07,0x19,0x2b,0x16,0x26,0x35,0x13,0x34,0x36,0x33,0x32,0x17,0x01,
  0x11,0x34,0x36,0x33,0x32,0x16,0x15,0x11,0x14,0x06,0x23,0x22,0x26,0x27,0x01,0x03,0x14,0x06,0x23,0x66,
  0x13,0x01,0x12,0x0d,0x10,0x0b,0x01,0x71,0x13,0x0d,0x0d,0x13,0x12,0x0e,0x06,0x10,0x04,0xfe,0x8f,0x01,
  0x13,0x0d,0x06,0x13,0x0d,0x02,0x6a,0x0c,0x13,0x0d,0xfd,0xe8,0x02,0x06,0x0d,0x13,0x13,0x0d,0xfd,0x96,
  0x0d,0x13,0x08,0x06,0x02,0x16,0xfd,0xfc,0x0d,0x13,0x00,0x00,0x00,0x02,0x00,0x30,0xff,0xfa,0x02,0x53,
  0x02,0xa4,0x00,0x0f,0x00,0x1f,0x00,0x2c,0x40,0x29,0x00,0x02,0x02,0x00,0x61,0x00,0x00,0x00,0x17,0x4d,
  0x05,0x01,0x03,0x03,0x01,0x61,0x04,0x01,0x01,0x01,0x18,0x01,0x4e,0x10,0x10,0x00,0x00,0x10,0x1f,0x10,
  0x1e,0x18,0x16,0x00,0x0f,0x00,0x0e,0x26,0x06,0x07,0x17,0x2b,0x16,0x26,0x26,0x35,0x34,0x36,0x36,0x33,
  0x32,0x16,0x16,0x15,0x14,0x06,0x06,0x23,0x3e,0x02,0x35,0x34,0x26,0x26,0x23,0x22,0x06,0x06,0x15,0x14,
  0x16,0x16,0x33,0xe3,0x73,0x40,0x50,0x88,0x4f,0x4a,0x72,0x40,0x50,0x88,0x4f,0x40,0x67,0x3e,0x32,0x57,
  0x36,0x3b,0x68,0x3d,0x33,0x56,0x35,0x06,0x51,0x8f,0x59,0x64,0xaa,0x63,0x51,0x90,0x59,0x64,0xa9,0x63,
  0x3e,0x52,0x8c,0x51,0x4b,0x74,0x40,0x51,0x8c,0x54,0x4c,0x73,0x3e,0x00,0x00,0x00,0x00,0x02,0x00,0x53,
  0xff,0xfa,0x02,0x1a,0x02,0xa4,0x00,0x12,0x00,0x1c,0x00,0x36,0x40,0x33,0x1b,0x01,0x04,0x03,0x01,0x4c,
  0x06,0x01,0x04,0x00,0x01,0x02,0x04,0x01,0x69,0x00,0x03,0x03,0x00,0x61,0x00,0x00,0x00,0x17,0x4d,0x05,
  0x01,0x02,0x02,0x18,0x02,0x4e,0x13,0x13,0x00,0x00,0x13,0x1c,0x13,0x1c,0x1a,0x18,0x00,0x12,0x00,0x11,
  0x15,0x26,0x07,0x07,0x18,0x2b,0x16,0x26,0x35,0x11,0x34,0x36,0x36,0x33,0x32,0x16,0x15,0x14,0x06,0x06,
  0x07,0x15,0x14,0x06,0x23,0x12,0x36,0x36,0x35,0x34,0x26,0x23,0x22,0x07,0x11,0x66,0x13,0x09,0x22,0x27,
  0xbb,0xba,0x80,0xb4,0x53,0x12,0x0e,0x5c,0x96,0x76,0x98,0x8d,0x1b,0x08,0x06,0x13,0x0d,0x02,0x5e,0x13,
  0x11,0x08,0x6a,0x64,0x56,0x6b,0x2e,0x01,0xcc,0x0d,0x13,0x01,0x2c,0x1e,0x4f,0x43,0x45,0x4a,0x01,0xfe,
  0xc1,0x00,0x00,0x00,0x00,0x02,0x00,0x30,0xff,0xe3,0x02,0x95,0x02,0xa2,0x00,0x1a,0x00,0x34,0x01,0x00,
  0x40,0x0c,0x25,0x1c,0x14,0x03,0x05,0x03,0x02,0x01,0x00,0x05,0x02,0x4c,0x4b,0xb0,0x09,0x50,0x58,0x40,
  0x24,0x00,0x03,0x04,0x05,0x04,0x03,0x05,0x80,0x00,0x04,0x04,0x01,0x61,0x00,0x01,0x01,0x17,0x4d,0x07,
  0x01,0x05,0x05,0x00,0x61,0x00,0x00,0x00,0x18,0x4d,0x06,0x01,0x02,0x02,0x12,0x02,0x4e,0x1b,0x4b,0xb0,
  0x0b,0x50,0x58,0x40,0x24,0x00,0x03,0x04,0x05,0x04,0x03,0x05,0x80,0x00,0x04,0x04,0x01,0x61,0x00,0x01,
  0x01,0x17,0x4d,0x07,0x01,0x05,0x05,0x00,0x61,0x00,0x00,0x00,0x18,0x4d,0x06,0x01,0x02,0x02,0x18,0x02,
  0x4e,0x1b,0x4b,0xb0,0x0d,0x50,0x58,0x40,0x24,0x00,0x03,0x04,0x05,0x04,0x03,0x05,0x80,0x00,0x04,0x04,
  0x01,0x61,0x00,0x01,0x01,0x17,0x4d,0x07,0x01,0x05,0x05,0x00,0x61,0x00,0x00,0x00,0x12,0x4d,0x06,0x01,
  0x02,0x02,0x18,0x02,0x4e,0x1b,0x4b,0xb0,0x16,0x50,0x58,0x40,0x24,0x00,0x03,0x04,0x05,0x04,0x03,0x05,
  0x80,0x00,0x04,0x04,0x01,0x61,0x00,0x01,0x01,0x17,0x4d,0x07,0x01,0x05,0x05,0x00,0x61,0x00,0x00,0x00,
  0x18,0x4d,0x06,0x01,0x02,0x02,0x18,0x02,0x4e,0x1b,0x40,0x24,0x00,0x03,0x04,0x05,0x04,0x03,0x05,0x80,
  0x06,0x01,0x02,0x00,0x02,0x86,0x00,0x04,0x04,0x01,0x61,0x00,0x01,0x01,0x17,0x4d,0x07,0x01,0x05,0x05,
  0x00,0x61,0x00,0x00,0x00,0x18,0x00,0x4e,0x59,0x59,0x59,0x59,0x40,0x15,0x1b,0x1b,0x00,0x00,0x1b,0x34,
  0x1b,0x33,0x2d,0x2b,0x23,0x21,0x00,0x1a,0x00,0x19,0x26,0x24,0x08,0x07,0x18,0x2b,0x04,0x27,0x27,0x06,
  0x06,0x23,0x22,0x26,0x26,0x35,0x34,0x36,0x36,0x33,0x32,0x16,0x16,0x15,0x14,0x06,0x07,0x17,0x16,0x15,
  0x14,0x06,0x23,0x26,0x37,0x27,0x26,0x35,0x34,0x36,0x33,0x32,0x17,0x17,0x36,0x36,0x35,0x34,0x26,0x26,
  0x23,0x22,0x06,0x06,0x15,0x14,0x16,0x16,0x33,0x02,0x6c,0x07,0x6f,0x26,0x58,0x2d,0x50,0x81,0x4a,0x5b,
  0x98,0x57,0x50,0x81,0x49,0x39,0x33,0x60,0x0d,0x13,0x0c,0xed,0x34,0x49,0x0e,0x12,0x0c,0x0c,0x07,0x5b,
  0x2b,0x33,0x3a,0x66,0x3e,0x42,0x75,0x47,0x37,0x63,0x3d,0x1d,0x04,0x4a,0x1b,0x1e,0x56,0x90,0x54,0x62,
  0xaa,0x64,0x55,0x91,0x54,0x4d,0x8c,0x34,0x3f,0x08,0x13,0x0e,0x10,0x53,0x21,0x2f,0x0b,0x0f,0x0d,0x13,
  0x05,0x3c,0x2c,0x79,0x41,0x42,0x76,0x48,0x52,0x8b,0x52,0x47,0x75,0x44,0x00,0x00,0x00,0x02,0x00,0x53,
  0xff,0xfa,0x02,0x37,0x02,0xa2,0x00,0x1f,0x00,0x29,0x00,0x40,0x40,0x3d,0x28,0x01,0x05,0x04,0x0d,0x01,
  0x02,0x05,0x1b,0x01,0x01,0x02,0x03,0x4c,0x07,0x01,0x05,0x00,0x02,0x01,0x05,0x02,0x69,0x00,0x04,0x04,
  0x00,0x61,0x00,0x00,0x00,0x17,0x4d,0x06,0x03,0x02,0x01,0x01,0x18,0x01,0x4e,0x20,0x20,0x00,0x00,0x20,
  0x29,0x20,0x29,0x27,0x25,0x00,0x1f,0x00,0x1e,0x22,0x2b,0x36,0x08,0x07,0x19,0x2b,0x16,0x26,0x35,0x11,
  0x34,0x36,0x36,0x33,0x33,0x32,0x16,0x15,0x14,0x07,0x16,0x16,0x17,0x16,0x15,0x14,0x06,0x23,0x22,0x27,
  0x26,0x23,0x22,0x07,0x15,0x14,0x06,0x23,0x12,0x36,0x36,0x35,0x34,0x26,0x23,0x22,0x07,0x11,0x66,0x13,
  0x0b,0x20,0x24,0x1d,0xa9,0xb6,0xb5,0x2f,0x71,0x2a,0x04,0x12,0x0e,0x11,0x0b,0x8c,0x81,0x21,0x3b,0x12,
  0x0d,0x6d,0x99,0x66,0x98,0x8b,0x1c,0x0e,0x06,0x13,0x0d,0x02,0x5d,0x13,0x12,0x06,0x6c,0x63,0x84,0x40,
  0x1e,0x75,0x54,0x05,0x09,0x0d,0x13,0x12,0xe7,0x09,0xd0,0x0d,0x13,0x01,0x30,0x25,0x4c,0x38,0x47,0x4a,
  0x01,0xfe,0xc5,0x00,0x00,0x01,0x00,0x1c,0xff,0xfa,0x01,0xfa,0x02,0xa4,0x00,0x32,0x00,0x36,0x40,0x33,
  0x00,0x03,0x04,0x00,0x04,0x03,0x00,0x80,0x00,0x00,0x01,0x04,0x00,0x01,0x7e,0x00,0x04,0x04,0x02,0x61,
  0x00,0x02,0x02,0x17,0x4d,0x00,0x01,0x01,0x05,0x61,0x06,0x01,0x05,0x05,0x18,0x05,0x4e,0x00,0x00,0x00,
  0x32,0x00,0x31,0x24,0x24,0x2b,0x23,0x26,0x07,0x07,0x1b,0x2b,0x16,0x26,0x27,0x26,0x35,0x34,0x36,0x33,
  0x32,0x17,0x16,0x16,0x33,0x32,0x36,0x36,0x35,0x34,0x26,0x27,0x26,0x35,0x34,0x36,0x36,0x33,0x32,0x16,
  0x15,0x14,0x06,0x23,0x22,0x26,0x27,0x26,0x26,0x23,0x22,0x06,0x15,0x14,0x16,0x17,0x16,0x16,0x15,0x14,
  0x06,0x06,0x23,0xb8,0x7d,0x19,0x06,0x14,0x0e,0x19,0x08,0x11,0x63,0x3e,0x31,0x4d,0x2b,0x4c,0x5b,0xd1,
  0x37,0x69,0x46,0x63,0x6e,0x12,0x0d,0x0c,0x11,0x01,0x05,0x51,0x41,0x4e,0x55,0x4f,0x52,0x6c,0x6b,0x40,
  0x6c,0x3d,0x06,0x4d,0x3e,0x0a,0x0a,0x0e,0x13,0x1a,0x2f,0x3b,0x22,0x3a,0x24,0x2e,0x44,0x19,0x39,0x81,
  0x31,0x4c,0x2c,0x4b,0x3f,0x0d,0x13,0x10,0x0b,0x26,0x30,0x3a,0x33,0x2b,0x3c,0x17,0x1e,0x61,0x46,0x36,
  0x59,0x32,0x00,0x00,0x00,0x01,0x00,0x09,0xff,0xfa,0x02,0x01,0x02,0x9e,0x00,0x16,0x00,0x21,0x40,0x1e,
  0x02,0x01,0x00,0x00,0x01,0x5f,0x00,0x01,0x01,0x11,0x4d,0x04,0x01,0x03,0x03,0x18,0x03,0x4e,0x00,0x00,
  0x00,0x16,0x00,0x15,0x24,0x34,0x23,0x05,0x07,0x19,0x2b,0x16,0x26,0x35,0x11,0x23,0x22,0x26,0x35,0x34,
  0x36,0x33,0x21,0x32,0x16,0x15,0x14,0x06,0x23,0x23,0x11,0x14,0x06,0x23,0xf8,0x12,0xbd,0x0d,0x13,0x13,
  0x0d,0x01,0xb9,0x0d,0x12,0x12,0x0d,0xbd,0x13,0x0d,0x06,0x13,0x0d,0x02,0x45,0x12,0x0d,0x0d,0x13,0x12,
  0x0e,0x0d,0x12,0xfd,0xbb,0x0d,0x13,0x00,0x00,0x01,0x00,0x43,0xff,0xfa,0x02,0x70,0x02,0xa3,0x00,0x28,
  0x00,0x21,0x40,0x1e,0x02,0x01,0x00,0x00,0x17,0x4d,0x00,0x01,0x01,0x03,0x61,0x04,0x01,0x03,0x03,0x18,
  0x03,0x4e,0x00,0x00,0x00,0x28,0x00,0x27,0x27,0x29,0x29,0x05,0x07,0x19,0x2b,0x16,0x26,0x27,0x26,0x35,
  0x37,0x36,0x35,0x34,0x36,0x33,0x32,0x16,0x15,0x14,0x07,0x07,0x14,0x17,0x16,0x16,0x33,0x32,0x36,0x37,
  0x36,0x35,0x27,0x34,0x36,0x33,0x32,0x16,0x15,0x14,0x16,0x15,0x14,0x07,0x02,0x23,0xd3,0x87,0x07,0x02,
  0x01,0x01,0x13,0x0d,0x0e,0x11,0x01,0x01,0x02,0x05,0x57,0x72,0x5d,0x6a,0x0c,0x09,0x01,0x10,0x0f,0x0e,
  0x12,0x04,0x0c,0x23,0xf1,0x06,0xbb,0xb4,0x32,0x42,0x59,0x1b,0x34,0x0c,0x12,0x12,0x0d,0x31,0x18,0x49,
  0x37,0x44,0x8b,0xba,0x73,0x6b,0x56,0x75,0xa7,0x0d,0x14,0x13,0x0c,0x05,0x71,0x39,0x70,0x5d,0xfe,0xf2,
  0x00,0x01,0x00,0x0d,0xff,0xfa,0x02,0x10,0x02,0xa2,0x00,0x17,0x00,0x22,0x40,0x1f,0x12,0x0c,0x02,0x02,
  0x00,0x01,0x4c,0x01,0x01,0x00,0x00,0x17,0x4d,0x03,0x01,0x02,0x02,0x18,0x02,0x4e,0x00,0x00,0x00,0x17,
  0x00,0x16,0x25,0x27,0x04,0x07,0x18,0x2b,0x16,0x26,0x27,0x03,0x26,0x35,0x34,0x36,0x33,0x32,0x16,0x17,
  0x13,0x13,0x36,0x33,0x32,0x16,0x15,0x14,0x07,0x03,0x06,0x23,0xf3,0x11,0x03,0xcf,0x03,0x11,0x0f,0x09,
  0x11,0x04,0xb5,0xd3,0x09,0x15,0x0e,0x11,0x02,0xf3,0x08,0x16,0x06,0x0c,0x09,0x02,0x64,0x09,0x08,0x0d,
  0x11,0x0c,0x09,0xfd,0xe9,0x02,0x19,0x13,0x12,0x0c,0x07,0x06,0xfd,0x97,0x14,0x00,0x00,0x01,0x00,0x0f,
  0xff,0xfa,0x03,0x5a,0x02,0xa5,0x00,0x26,0x00,0x28,0x40,0x25,0x23,0x1a,0x13,0x0c,0x04,0x03,0x00,0x01,
  0x4c,0x02,0x01,0x02,0x00,0x00,0x17,0x4d,0x05,0x04,0x02,0x03,0x03,0x18,0x03,0x4e,0x00,0x00,0x00,0x26,
  0x00,0x25,0x27,0x26,0x25,0x27,0x06,0x07,0x1a,0x2b,0x16,0x26,0x27,0x03,0x26,0x35,0x34,0x36,0x33,0x32,
  0x16,0x17,0x13,0x13,0x36,0x33,0x32,0x16,0x17,0x13,0x13,0x36,0x36,0x33,0x32,0x16,0x15,0x14,0x07,0x03,
  0x06,0x06,0x23,0x22,0x27,0x03,0x03,0x06,0x23,0xdf,0x11,0x02,0xb8,0x05,0x11,0x0d,0x0b,0x10,0x04,0x9e,
  0xa9,0x08,0x17,0x0a,0x11,0x02,0x90,0xbe,0x04,0x10,0x0a,0x0d,0x12,0x02,0xdf,0x03,0x10,0x0a,0x18,0x07,
  0x8e,0xa7,0x07,0x18,0x06,0x0c,0x0a,0x02,0x5e,0x10,0x07,0x0d,0x11,0x0c,0x0a,0xfd,0xf6,0x02,0x0b,0x15,
  0x0c,0x0a,0xfd,0xf5,0x02,0x0e,0x0a,0x0b,0x12,0x0b,0x05,0x0a,0xfd,0x95,0x09,0x0b,0x17,0x02,0x05,0xfd,
  0xfa,0x16,0x00,0x00,0x00,0x01,0x00,0x32,0xff,0xfa,0x02,0x78,0x02,0xa3,0x00,0x23,0x00,0x26,0x40,0x23,
  0x20,0x17,0x0e,0x05,0x04,0x02,0x00,0x01,0x4c,0x01,0x01,0x00,0x00,0x17,0x4d,0x04,0x03,0x02,0x02,0x02,
  0x18,0x02,0x4e,0x00,0x00,0x00,0x23,0x00,0x22,0x2a,0x24,0x2a,0x05,0x07,0x19,0x2b,0x16,0x26,0x35,0x34,
  0x37,0x13,0x03,0x26,0x35,0x34,0x36,0x33,0x32,0x17,0x13,0x13,0x36,0x33,0x32,0x16,0x15,0x14,0x07,0x03,
  0x13,0x16,0x15,0x14,0x06,0x23,0x22,0x27,0x03,0x03,0x06,0x23,0x44,0x12,0x07,0xf8,0xe3,0x08,0x14,0x0d,
  0x0f,0x0a,0xd9,0xe7,0x08,0x10,0x0d,0x13,0x08,0xee,0xea,0x06,0x12,0x0d,0x10,0x08,0xe3,0xee,0x09,0x0f,
  0x06,0x13,0x0d,0x0b,0x09,0x01,0x26,0x01,0x1c,0x0c,0x08,0x0d,0x12,0x0b,0xfe,0xee,0x01,0x12,0x0b,0x13,
  0x0c,0x0b,0x0a,0xfe,0xe4,0xfe,0xda,0x07,0x0c,0x0d,0x13,0x0b,0x01,0x1c,0xfe,0xe4,0x0b,0x00,0x00,0x00,
  0x00,0x01,0x00,0x0c,0xff,0xfa,0x02,0x4a,0x02,0xa3,0x00,0x1b,0x00,0x22,0x40,0x1f,0x0f,0x05,0x02,0x02,
  0x00,0x01,0x4c,0x01,0x01,0x00,0x00,0x17,0x4d,0x03,0x01,0x02,0x02,0x18,0x02,0x4e,0x00,0x00,0x00,0x1b,
  0x00,0x1a,0x26,0x1a,0x04,0x07,0x18,0x2b,0x16,0x26,0x35,0x34,0x37,0x37,0x03,0x26,0x35,0x34,0x36,0x33,
  0x32,0x16,0x17,0x13,0x13,0x36,0x33,0x32,0x16,0x15,0x14,0x07,0x01,0x06,0x06,0x23,0xae,0x12,0x06,0x62,
  0xf1,0x07,0x14,0x0d,0x07,0x0f,0x04,0xe2,0xe6,0x09,0x12,0x0c,0x14,0x09,0xfe,0x95,0x04,0x0f,0x08,0x06,
  0x14,0x0c,0x0a,0x09,0xa5,0x01,0x9e,0x0a,0x0a,0x0c,0x13,0x09,0x07,0xfe,0x7d,0x01,0x83,0x10,0x12,0x0d,
  0x09,0x0e,0xfd,0x9d,0x07,0x09,0x00,0x00,0x00,0x01,0x00,0x14,0xff,0xff,0x02,0x2c,0x02,0x9f,0x00,0x1b,
  0x00,0x25,0x40,0x22,0x00,0x00,0x00,0x01,0x5f,0x00,0x01,0x01,0x11,0x4d,0x00,0x02,0x02,0x03,0x5f,0x04,
  0x01,0x03,0x03,0x12,0x03,0x4e,0x00,0x00,0x00,0x1b,0x00,0x19,0x25,0x34,0x25,0x05,0x07,0x19,0x2b,0x16,
  0x26,0x35,0x34,0x37,0x01,0x21,0x22,0x26,0x35,0x34,0x36,0x33,0x21,0x32,0x16,0x15,0x14,0x07,0x01,0x21,
  0x32,0x16,0x15,0x14,0x06,0x23,0x21,0x2a,0x16,0x09,0x01,0xb5,0xfe,0x72,0x0d,0x13,0x13,0x0d,0x01,0xc3,
  0x0f,0x16,0x09,0xfe,0x4b,0x01,0x92,0x0e,0x13,0x14,0x0d,0xfe,0x39,0x01,0x13,0x0f,0x0e,0x0d,0x02,0x24,
  0x13,0x0d,0x0c,0x13,0x15,0x0f,0x0e,0x09,0xfd,0xdb,0x13,0x0d,0x0d,0x13,0x00,0x00,0x00,0x01,0x00,0x44,
  0xff,0x80,0x01,0x0a,0x03,0x1b,0x00,0x17,0x00,0x28,0x40,0x25,0x00,0x00,0x00,0x01,0x02,0x00,0x01,0x67,
  0x00,0x02,0x03,0x03,0x02,0x57,0x00,0x02,0x02,0x03,0x5f,0x04,0x01,0x03,0x02,0x03,0x4f,0x00,0x00,0x00,
  0x17,0x00,0x15,0x21,0x24,0x35,0x05,0x07,0x19,0x2b,0x16,0x26,0x35,0x11,0x34,0x36,0x33,0x33,0x32,0x16,
  0x15,0x14,0x06,0x23,0x23,0x11,0x33,0x32,0x16,0x15,0x14,0x06,0x23,0x23,0x56,0x12,0x13,0x0d,0x87,0x0c,
  0x13,0x13,0x0c,0x68,0x58,0x0d,0x12,0x12,0x0d,0x77,0x80,0x12,0x0d,0x03,0x5d,0x0d,0x12,0x12,0x0d,0x0d,
  0x12,0xfc,0xe2,0x13,0x0d,0x0d,0x12,0x00,0x00,0x01,0x00,0x43,0xff,0xf9,0x01,0xdd,0x02,0xab,0x00,0x0f,
  0x00,0x30,0x4b,0xb0,0x0b,0x50,0x58,0x40,0x0c,0x00,0x00,0x00,0x13,0x4d,0x02,0x01,0x01,0x01,0x12,0x01,
  0x4e,0x1b,0x40,0x0c,0x00,0x00,0x00,0x13,0x4d,0x02,0x01,0x01,0x01,0x18,0x01,0x4e,0x59,0x40,0x0a,0x00,
  0x00,0x00,0x0f,0x00,0x0e,0x26,0x03,0x07,0x17,0x2b,0x04,0x27,0x01,0x26,0x35,0x34,0x36,0x33,0x32,0x17,
  0x01,0x16,0x15,0x14,0x06,0x23,0x01,0xab,0x08,0xfe,0xa9,0x09,0x12,0x0d,0x13,0x09,0x01,0x5c,0x03,0x11,
  0x0e,0x07,0x10,0x02,0x6a,0x10,0x0b,0x0b,0x12,0x10,0xfd,0x8d,0x07,0x09,0x0d,0x12,0x00,0x01,0x00,0x39,
  0xff,0x80,0x00,0xfe,0x03,0x1b,0x00,0x17,0x00,0x28,0x40,0x25,0x00,0x02,0x00,0x01,0x00,0x02,0x01,0x67,
  0x00,0x00,0x03,0x03,0x00,0x57,0x00,0x00,0x00,0x03,0x5f,0x04,0x01,0x03,0x00,0x03,0x4f,0x00,0x00,0x00,
  0x17,0x00,0x15,0x34,0x21,0x24,0x05,0x07,0x19,0x2b,0x16,0x26,0x35,0x34,0x36,0x33,0x33,0x11,0x23,0x22,
  0x26,0x35,0x34,0x36,0x33,0x33,0x32,0x16,0x15,0x11,0x14,0x06,0x23,0x23,0x4b,0x12,0x12,0x0d,0x68,0x58,
  0x0d,0x13,0x13,0x0d,0x77,0x0e,0x11,0x12,0x0d,0x87,0x80,0x12,0x0d,0x0d,0x13,0x03,0x1e,0x12,0x0d,0x0d,
  0x12,0x11,0x0e,0xfc,0xa3,0x0d,0x12,0x00,0x00,0x01,0x00,0x63,0x01,0x7f,0x01,0x91,0x02,0x8f,0x00,0x16,
  0x00,0x27,0xb1,0x06,0x64,0x44,0x40,0x1c,0x13,0x01,0x01,0x00,0x01,0x4c,0x00,0x00,0x01,0x00,0x85,0x03,
  0x02,0x02,0x01,0x01,0x76,0x00,0x00,0x00,0x16,0x00,0x15,0x16,0x26,0x04,0x07,0x18,0x2b,0xb1,0x06,0x00,
  0x44,0x12,0x26,0x35,0x34,0x37,0x37,0x36,0x33,0x32,0x17,0x17,0x16,0x15,0x14,0x06,0x23,0x22,0x26,0x27,
  0x27,0x07,0x06,0x23,0x74,0x11,0x04,0x7a,0x0f,0x14,0x16,0x0d,0x65,0x05,0x12,0x0d,0x08,0x0f,0x03,0x55,
  0x63,0x0d,0x12,0x01,0x7f,0x12,0x0c,0x09,0x07,0xcc,0x16,0x18,0xc8,0x09,0x09,0x0c,0x12,0x09,0x07,0xaa,
  0xa5,0x15,0x00,0x00,0x00,0x01,0xff,0xe5,0xff,0xc3,0x02,0x06,0x00,0x02,0x00,0x0d,0x00,0x26,0xb1,0x06,
  0x64,0x44,0x40,0x1b,0x00,0x00,0x01,0x01,0x00,0x57,0x00,0x00,0x00,0x01,0x5f,0x02,0x01,0x01,0x00,0x01,
  0x4f,0x00,0x00,0x00,0x0d,0x00,0x0b,0x34,0x03,0x07,0x17,0x2b,0xb1,0x06,0x00,0x44,0x06,0x26,0x35,0x34,
  0x36,0x33,0x21,0x32,0x16,0x15,0x14,0x06,0x23,0x21,0x0a,0x11,0x12,0x0d,0x01,0xe3,0x0c,0x13,0x13,0x0c,
  0xfe,0x1d,0x3d,0x11,0x0e,0x0d,0x13,0x13,0x0d,0x0d,0x12,0x00,0x00,0x01,0x00,0x00,0x02,0x29,0x00,0xb5,
  0x02,0xeb,0x00,0x0f,0x00,0x1f,0xb1,0x06,0x64,0x44,0x40,0x14,0x00,0x00,0x01,0x00,0x85,0x02,0x01,0x01,
  0x01,0x76,0x00,0x00,0x00,0x0f,0x00,0x0e,0x26,0x03,0x07,0x17,0x2b,0xb1,0x06,0x00,0x44,0x12,0x27,0x27,
  0x26,0x35,0x34,0x36,0x33,0x32,0x17,0x17,0x16,0x15,0x14,0x06,0x23,0x8a,0x0a,0x74,0x0c,0x18,0x0e,0x10,
  0x10,0x67,0x08,0x13,0x0c,0x02,0x29,0x0a,0x77,0x0c,0x10,0x0e,0x17,0x10,0x80,0x0b,0x09,0x0c,0x12,0x00,
  0x00,0x02,0x00,0x2e,0xff,0xf2,0x01,0xb6,0x01,0xed,0x00,0x15,0x00,0x23,0x00,0x66,0x40,0x0f,0x11,0x01,
  0x03,0x01,0x19,0x18,0x02,0x04,0x03,0x03,0x01,0x00,0x04,0x03,0x4c,0x4b,0xb0,0x1e,0x50,0x58,0x40,0x18,
  0x00,0x03,0x03,0x01,0x61,0x00,0x01,0x01,0x14,0x4d,0x06,0x01,0x04,0x04,0x00,0x61,0x05,0x02,0x02,0x00,
  0x00,0x18,0x00,0x4e,0x1b,0x40,0x1c,0x00,0x03,0x03,0x01,0x61,0x00,0x01,0x01,0x14,0x4d,0x06,0x01,0x04,
  0x04,0x00,0x61,0x00,0x00,0x00,0x18,0x4d,0x05,0x01,0x02,0x02,0x18,0x02,0x4e,0x59,0x40,0x13,0x16,0x16,
  0x00,0x00,0x16,0x23,0x16,0x22,0x1d,0x1b,0x00,0x15,0x00,0x14,0x26,0x25,0x07,0x07,0x18,0x2b,0x04,0x26,
  0x35,0x35,0x06,0x06,0x23,0x22,0x26,0x26,0x35,0x34,0x36,0x36,0x33,0x32,0x16,0x17,0x11,0x14,0x06,0x23,
  0x26,0x36,0x37,0x13,0x26,0x26,0x23,0x22,0x06,0x06,0x15,0x14,0x16,0x33,0x01,0x88,0x10,0x1b,0x4c,0x26,
  0x36,0x56,0x31,0x39,0x6d,0x4a,0x2e,0x46,0x24,0x12,0x0d,0x85,0x4e,0x15,0x04,0x10,0x33,0x16,0x31,0x52,
  0x2f,0x46,0x37,0x0e,0x13,0x0e,0x1c,0x18,0x1d,0x36,0x63,0x3f,0x44,0x83,0x54,0x18,0x11,0xfe,0x4f,0x0e,
  0x13,0x43,0x25,0x15,0x01,0x2f,0x07,0x0d,0x3a,0x65,0x3f,0x49,0x56,0x00,0x00,0x00,0x00,0x02,0x00,0x4e,
  0xff,0xfa,0x01,0xe9,0x02,0xa9,0x00,0x1a,0x00,0x27,0x00,0x6d,0x40,0x0b,0x24,0x0a,0x02,0x05,0x04,0x16,
  0x01,0x02,0x05,0x02,0x4c,0x4b,0xb0,0x22,0x50,0x58,0x40,0x1d,0x00,0x00,0x00,0x13,0x4d,0x00,0x04,0x04,
  0x01,0x61,0x00,0x01,0x01,0x14,0x4d,0x07,0x01,0x05,0x05,0x02,0x61,0x06,0x03,0x02,0x02,0x02,0x12,0x02,
  0x4e,0x1b,0x40,0x21,0x00,0x00,0x00,0x13,0x4d,0x00,0x04,0x04,0x01,0x61,0x00,0x01,0x01,0x14,0x4d,0x07,
  0x01,0x05,0x05,0x02,0x61,0x00,0x02,0x02,0x12,0x4d,0x06,0x01,0x03,0x03,0x18,0x03,0x4e,0x59,0x40,0x14,
  0x1b,0x1b,0x00,0x00,0x1b,0x27,0x1b,0x26,0x20,0x1e,0x00,0x1a,0x00,0x19,0x24,0x25,0x25,0x08,0x07,0x19,
  0x2b,0x16,0x26,0x35,0x11,0x34,0x36,0x33,0x32,0x16,0x15,0x15,0x36,0x36,0x33,0x32,0x16,0x15,0x14,0x06,
  0x23,0x22,0x26,0x27,0x15,0x14,0x06,0x23,0x24,0x35,0x34,0x26,0x23,0x22,0x06,0x06,0x15,0x15,0x16,0x16,
  0x33,0x61,0x13,0x13,0x0d,0x0c,0x12,0x20,0x5c,0x32,0x4f,0x60,0x6d,0x6d,0x22,0x48,0x1a,0x12,0x0c,0x01,
  0x40,0x3f,0x35,0x30,0x4f,0x2e,0x13,0x45,0x23,0x06,0x11,0x0c,0x02,0x76,0x0c,0x10,0x10,0x0c,0xf5,0x25,
  0x28,0x77,0x65,0x77,0x91,0x11,0x0b,0x08,0x0a,0x11,0x43,0xcc,0x4a,0x53,0x24,0x3e,0x25,0xc9,0x08,0x11,
  0x00,0x01,0x00,0x2e,0xff,0xfa,0x01,0xc9,0x01,0xed,0x00,0x28,0x00,0x36,0x40,0x33,0x00,0x01,0x02,0x04,
  0x02,0x01,0x04,0x80,0x00,0x04,0x03,0x02,0x04,0x03,0x7e,0x00,0x02,0x02,0x00,0x61,0x00,0x00,0x00,0x14,
  0x4d,0x00,0x03,0x03,0x05,0x61,0x06,0x01,0x05,0x05,0x18,0x05,0x4e,0x00,0x00,0x00,0x28,0x00,0x27,0x22,
  0x26,0x23,0x26,0x26,0x07,0x07,0x1b,0x2b,0x16,0x26,0x26,0x35,0x34,0x36,0x36,0x33,0x32,0x16,0x17,0x16,
  0x15,0x14,0x06,0x23,0x22,0x27,0x26,0x26,0x23,0x22,0x06,0x06,0x15,0x14,0x16,0x16,0x33,0x32,0x37,0x36,
  0x33,0x32,0x16,0x15,0x14,0x07,0x06,0x06,0x23,0xce,0x65,0x3b,0x3f,0x68,0x38,0x34,0x43,0x1f,0x08,0x11,
  0x0d,0x0e,0x09,0x16,0x2e,0x23,0x28,0x4c,0x30,0x2f,0x49,0x25,0x56,0x30,0x0d,0x0f,0x0d,0x12,0x0a,0x1a,
  0x62,0x3b,0x06,0x39,0x64,0x3c,0x44,0x83,0x53,0x22,0x24,0x08,0x0d,0x0d,0x12,0x0b,0x1a,0x1b,0x40,0x67,
  0x37,0x32,0x49,0x26,0x45,0x12,0x12,0x0c,0x0a,0x0d,0x26,0x36,0x00,0x02,0x00,0x2e,0xff,0xfa,0x01,0xce,
  0x02,0xb0,0x00,0x19,0x00,0x27,0x00,0x43,0x40,0x40,0x08,0x01,0x04,0x00,0x1e,0x17,0x02,0x05,0x04,0x16,
  0x01,0x02,0x05,0x03,0x4c,0x00,0x01,0x01,0x13,0x4d,0x00,0x04,0x04,0x00,0x61,0x00,0x00,0x00,0x14,0x4d,
  0x07,0x01,0x05,0x05,0x02,0x61,0x06,0x03,0x02,0x02,0x02,0x18,0x02,0x4e,0x1a,0x1a,0x00,0x00,0x1a,0x27,
  0x1a,0x26,0x22,0x20,0x00,0x19,0x00,0x18,0x25,0x24,0x25,0x08,0x07,0x19,0x2b,0x16,0x26,0x26,0x35,0x34,
  0x36,0x33,0x32,0x17,0x37,0x34,0x36,0x33,0x32,0x16,0x15,0x03,0x14,0x06,0x23,0x22,0x26,0x37,0x37,0x06,
  0x23,0x3e,0x02,0x37,0x37,0x26,0x26,0x23,0x22,0x06,0x15,0x14,0x16,0x33,0xab,0x4f,0x2e,0x72,0x64,0x43,
  0x42,0x05,0x14,0x0d,0x0c,0x13,0x0f,0x13,0x0d,0x0e,0x12,0x01,0x01,0x4e,0x57,0x2f,0x4c,0x2b,0x01,0x05,
  0x16,0x47,0x24,0x4d,0x4e,0x3d,0x34,0x06,0x36,0x67,0x45,0x80,0x90,0x23,0xc7,0x0d,0x13,0x14,0x0d,0xfd,
  0x89,0x0d,0x11,0x15,0x0e,0x29,0x4c,0x3b,0x26,0x35,0x14,0xe7,0x0d,0x18,0x6e,0x63,0x50,0x5a,0x00,0x00,
  0x00,0x02,0x00,0x2e,0xff,0xfa,0x01,0xd4,0x01,0xed,0x00,0x1e,0x00,0x28,0x00,0x36,0x40,0x33,0x28,0x0e,
  0x02,0x02,0x04,0x01,0x4c,0x00,0x02,0x04,0x01,0x04,0x02,0x01,0x80,0x00,0x04,0x04,0x00,0x61,0x00,0x00,
  0x00,0x14,0x4d,0x00,0x01,0x01,0x03,0x61,0x05,0x01,0x03,0x03,0x18,0x03,0x4e,0x00,0x00,0x22,0x20,0x00,
  0x1e,0x00,0x1d,0x23,0x28,0x26,0x06,0x07,0x19,0x2b,0x16,0x26,0x26,0x35,0x34,0x36,0x36,0x33,0x32,0x16,
  0x16,0x15,0x14,0x07,0x05,0x16,0x16,0x33,0x32,0x36,0x37,0x36,0x33,0x32,0x16,0x15,0x14,0x07,0x06,0x06,
  0x23,0x12,0x26,0x23,0x22,0x06,0x06,0x07,0x14,0x17,0x25,0xde,0x72,0x3e,0x39,0x66,0x42,0x3c,0x55,0x2b,
  0x18,0xfe,0xca,0x19,0x56,0x3a,0x20,0x47,0x15,0x07,0x0d,0x0d,0x11,0x08,0x1b,0x5d,0x2d,0x58,0x3c,0x33,
  0x30,0x4c,0x2b,0x01,0x02,0x01,0x23,0x06,0x41,0x6e,0x41,0x44,0x77,0x48,0x2e,0x40,0x19,0x12,0x0e,0xb1,
  0x30,0x31,0x20,0x16,0x0a,0x11,0x0d,0x0a,0x0a,0x1f,0x29,0x01,0x96,0x22,0x35,0x5a,0x36,0x14,0x0c,0xa1,
  0x00,0x01,0xff,0xf3,0xff,0xfa,0x01,0x4a,0x02,0xaa,0x00,0x24,0x00,0x2f,0x40,0x2c,0x00,0x03,0x03,0x02,
  0x61,0x00,0x02,0x02,0x13,0x4d,0x05,0x01,0x00,0x00,0x01,0x5f,0x04,0x01,0x01,0x01,0x14,0x4d,0x07,0x01,
  0x06,0x06,0x18,0x06,0x4e,0x00,0x00,0x00,0x24,0x00,0x23,0x24,0x23,0x23,0x23,0x24,0x23,0x08,0x07,0x1c,
  0x2b,0x16,0x26,0x35,0x11,0x23,0x22,0x26,0x35,0x34,0x36,0x33,0x33,0x34,0x36,0x36,0x33,0x32,0x15,0x14,
  0x06,0x23,0x22,0x06,0x06,0x07,0x17,0x32,0x16,0x15,0x14,0x06,0x23,0x23,0x11,0x14,0x06,0x23,0x69,0x13,
  0x46,0x0b,0x12,0x11,0x0a,0x49,0x2a,0x57,0x48,0x2a,0x10,0x0e,0x3e,0x3d,0x1b,0x01,0x84,0x0a,0x13,0x11,
  0x0c,0x84,0x13,0x0c,0x06,0x12,0x0b,0x01,0x9d,0x12,0x0c,0x0b,0x12,0x46,0x52,0x23,0x1d,0x0d,0x12,0x12,
  0x35,0x38,0x01,0x11,0x0b,0x0c,0x12,0xfe,0x63,0x0b,0x12,0x00,0x00,0x02,0x00,0x2e,0xff,0x44,0x01,0xc5,
  0x01,0xf9,0x00,0x25,0x00,0x34,0x01,0x2a,0x40,0x0b,0x1c,0x01,0x06,0x03,0x29,0x0f,0x02,0x07,0x06,0x02,
  0x4c,0x4b,0xb0,0x09,0x50,0x58,0x40,0x2a,0x00,0x00,0x02,0x01,0x02,0x00,0x01,0x80,0x00,0x06,0x06,0x03,
  0x61,0x04,0x01,0x03,0x03,0x14,0x4d,0x09,0x01,0x07,0x07,0x02,0x61,0x00,0x02,0x02,0x12,0x4d,0x00,0x01,
  0x01,0x05,0x61,0x08,0x01,0x05,0x05,0x16,0x05,0x4e,0x1b,0x4b,0xb0,0x0b,0x50,0x58,0x40,0x2e,0x00,0x00,
  0x02,0x01,0x02,0x00,0x01,0x80,0x00,0x04,0x04,0x14,0x4d,0x00,0x06,0x06,0x03,0x61,0x00,0x03,0x03,0x14,
  0x4d,0x09,0x01,0x07,0x07,0x02,0x61,0x00,0x02,0x02,0x12,0x4d,0x00,0x01,0x01,0x05,0x61,0x08,0x01,0x05,
  0x05,0x16,0x05,0x4e,0x1b,0x4b,0xb0,0x0d,0x50,0x58,0x40,0x2a,0x00,0x00,0x02,0x01,0x02,0x00,0x01,0x80,
  0x00,0x06,0x06,0x03,0x61,0x04,0x01,0x03,0x03,0x14,0x4d,0x09,0x01,0x07,0x07,0x02,0x61,0x00,0x02,0x02,
  0x12,0x4d,0x00,0x01,0x01,0x05,0x61,0x08,0x01,0x05,0x05,0x16,0x05,0x4e,0x1b,0x4b,0xb0,0x2a,0x50,0x58,
  0x40,0x2e,0x00,0x00,0x02,0x01,0x02,0x00,0x01,0x80,0x00,0x04,0x04,0x14,0x4d,0x00,0x06,0x06,0x03,0x61,
  0x00,0x03,0x03,0x14,0x4d,0x09,0x01,0x07,0x07,0x02,0x61,0x00,0x02,0x02,0x12,0x4d,0x00,0x01,0x01,0x05,
  0x61,0x08,0x01,0x05,0x05,0x16,0x05,0x4e,0x1b,0x40,0x2e,0x00,0x04,0x03,0x04,0x85,0x00,0x00,0x02,0x01,
  0x02,0x00,0x01,0x80,0x00,0x06,0x06,0x03,0x61,0x00,0x03,0x03,0x14,0x4d,0x09,0x01,0x07,0x07,0x02,0x61,
  0x00,0x02,0x02,0x12,0x4d,0x00,0x01,0x01,0x05,0x61,0x08,0x01,0x05,0x05,0x16,0x05,0x4e,0x59,0x59,0x59,
  0x59,0x40,0x16,0x26,0x26,0x00,0x00,0x26,0x34,0x26,0x33,0x2d,0x2b,0x00,0x25,0x00,0x24,0x22,0x26,0x25,
  0x23,0x16,0x0a,0x07,0x1b,0x2b,0x16,0x27,0x26,0x26,0x35,0x34,0x36,0x33,0x32,0x17,0x16,0x33,0x32,0x36,
  0x37,0x37,0x06,0x06,0x07,0x22,0x26,0x26,0x35,0x34,0x36,0x36,0x33,0x32,0x17,0x34,0x33,0x32,0x16,0x15,
  0x03,0x06,0x06,0x23,0x36,0x36,0x35,0x35,0x26,0x26,0x23,0x22,0x06,0x06,0x15,0x14,0x16,0x16,0x33,0xb4,
  0x42,0x0b,0x0e,0x13,0x0d,0x05,0x12,0x2d,0x2e,0x4a,0x43,0x03,0x02,0x1a,0x46,0x28,0x38,0x5b,0x34,0x3f,
  0x6c,0x42,0x33,0x38,0x1f,0x0d,0x13,0x0b,0x02,0x71,0x5b,0x3e,0x57,0x10,0x37,0x1b,0x32,0x54,0x32,0x1d,
  0x3d,0x2c,0xbc,0x0f,0x02,0x11,0x0b,0x0d,0x12,0x04,0x0a,0x4b,0x45,0x32,0x23,0x25,0x01,0x3e,0x6d,0x43,
  0x43,0x79,0x49,0x1e,0x29,0x12,0x0e,0xfe,0x37,0x66,0x66,0xf3,0x62,0x6c,0x8d,0x0d,0x11,0x35,0x5c,0x38,
  0x28,0x52,0x36,0x00,0x00,0x01,0x00,0x4e,0xff,0xf9,0x01,0xd4,0x02,0xa9,0x00,0x28,0x00,0x2e,0x40,0x2b,
  0x1a,0x0a,0x02,0x02,0x03,0x01,0x4c,0x00,0x00,0x00,0x13,0x4d,0x00,0x03,0x03,0x01,0x61,0x00,0x01,0x01,
  0x14,0x4d,0x05,0x04,0x02,0x02,0x02,0x18,0x02,0x4e,0x00,0x00,0x00,0x28,0x00,0x27,0x27,0x26,0x25,0x25,
  0x06,0x07,0x1a,0x2b,0x16,0x26,0x35,0x11,0x34,0x36,0x33,0x32,0x16,0x15,0x11,0x36,0x36,0x33,0x32,0x16,
  0x15,0x14,0x07,0x06,0x06,0x23,0x22,0x26,0x35,0x34,0x37,0x37,0x34,0x26,0x23,0x22,0x06,0x06,0x07,0x06,
  0x15,0x15,0x14,0x06,0x23,0x61,0x13,0x13,0x0d,0x0e,0x11,0x1e,0x6b,0x38,0x4a,0x3c,0x03,0x01,0x10,0x0d,
  0x0c,0x13,0x01,0x01,0x2c,0x21,0x25,0x48,0x35,0x0b,0x0f,0x12,0x0d,0x07,0x13,0x0c,0x02,0x71,0x0d,0x13,
  0x13,0x0d,0xfe,0xcd,0x3e,0x5c,0xa4,0xaf,0x63,0x22,0x0d,0x11,0x12,0x0c,0x0f,0x0d,0x62,0xa9,0x73,0x3d,
  0x4b,0x18,0x1e,0x38,0xa2,0x0f,0x12,0x00,0x00,0x02,0x00,0x4e,0xff,0xfa,0x00,0x95,0x02,0xa2,0x00,0x0d,
  0x00,0x1b,0x00,0x2c,0x40,0x29,0x04,0x01,0x01,0x01,0x00,0x61,0x00,0x00,0x00,0x17,0x4d,0x00,0x02,0x02,
  0x14,0x4d,0x05,0x01,0x03,0x03,0x18,0x03,0x4e,0x0e,0x0e,0x00,0x00,0x0e,0x1b,0x0e,0x1a,0x15,0x13,0x00,
  0x0d,0x00,0x0c,0x25,0x06,0x07,0x17,0x2b,0x12,0x26,0x35,0x37,0x34,0x36,0x33,0x32,0x16,0x15,0x07,0x14,
  0x06,0x23,0x02,0x26,0x35,0x13,0x34,0x36,0x33,0x32,0x16,0x15,0x03,0x14,0x06,0x23,0x68,0x12,0x01,0x14,
  0x0c,0x0c,0x12,0x01,0x13,0x0c,0x13,0x14,0x06,0x14,0x0d,0x0d,0x13,0x06,0x13,0x0d,0x02,0x3c,0x12,0x0d,
  0x29,0x0c,0x12,0x13,0x0c,0x29,0x0d,0x11,0xfd,0xbe,0x13,0x0d,0x01,0xb2,0x0d,0x14,0x13,0x0e,0xfe,0x4e,
  0x0d,0x13,0x00,0x00,0x00,0x02,0xff,0xa3,0xff,0x48,0x00,0xa3,0x02,0xa7,0x00,0x0d,0x00,0x2a,0x00,0x99,
  0x4b,0xb0,0x0b,0x50,0x58,0x40,0x24,0x00,0x02,0x04,0x03,0x04,0x02,0x03,0x80,0x06,0x01,0x01,0x01,0x00,
  0x61,0x00,0x00,0x00,0x13,0x4d,0x00,0x04,0x04,0x14,0x4d,0x00,0x03,0x03,0x05,0x61,0x07,0x01,0x05,0x05,
  0x16,0x05,0x4e,0x1b,0x4b,0xb0,0x0d,0x50,0x58,0x40,0x24,0x00,0x02,0x04,0x03,0x04,0x02,0x03,0x80,0x06,
  0x01,0x01,0x01,0x00,0x61,0x00,0x00,0x00,0x17,0x4d,0x00,0x04,0x04,0x14,0x4d,0x00,0x03,0x03,0x05,0x61,
  0x07,0x01,0x05,0x05,0x16,0x05,0x4e,0x1b,0x40,0x24,0x00,0x02,0x04,0x03,0x04,0x02,0x03,0x80,0x06,0x01,
  0x01,0x01,0x00,0x61,0x00,0x00,0x00,0x13,0x4d,0x00,0x04,0x04,0x14,0x4d,0x00,0x03,0x03,0x05,0x61,0x07,
  0x01,0x05,0x05,0x16,0x05,0x4e,0x59,0x59,0x40,0x16,0x0e,0x0e,0x00,0x00,0x0e,0x2a,0x0e,0x29,0x24,0x22,
  0x1c,0x1a,0x16,0x14,0x00,0x0d,0x00,0x0c,0x25,0x08,0x07,0x17,0x2b,0x12,0x26,0x37,0x37,0x36,0x36,0x33,
  0x32,0x16,0x07,0x07,0x06,0x06,0x23,0x02,0x26,0x27,0x26,0x35,0x34,0x36,0x33,0x32,0x16,0x17,0x16,0x16,
  0x33,0x32,0x36,0x35,0x27,0x27,0x34,0x36,0x33,0x32,0x16,0x15,0x13,0x14,0x06,0x23,0x6f,0x12,0x02,0x04,
  0x01,0x13,0x0c,0x0e,0x12,0x02,0x05,0x01,0x13,0x0c,0x7f,0x47,0x10,0x03,0x12,0x0e,0x0a,0x11,0x03,0x0c,
  0x20,0x18,0x1a,0x22,0x03,0x04,0x12,0x0e,0x0c,0x13,0x06,0x42,0x38,0x02,0x40,0x13,0x0b,0x30,0x0b,0x0e,
  0x17,0x0d,0x2b,0x0a,0x0e,0xfd,0x08,0x37,0x2a,0x0c,0x02,0x0c,0x12,0x0c,0x0a,0x20,0x1e,0x3d,0x36,0xe9,
  0xf3,0x0e,0x12,0x13,0x0c,0xfe,0x2b,0x55,0x5f,0x00,0x00,0x00,0x00,0x01,0x00,0x4d,0xff,0xfa,0x01,0xdc,
  0x02,0xa9,0x00,0x29,0x00,0x4d,0x40,0x0a,0x25,0x23,0x17,0x12,0x0a,0x05,0x02,0x01,0x01,0x4c,0x4b,0xb0,
  0x1a,0x50,0x58,0x40,0x12,0x00,0x00,0x00,0x13,0x4d,0x00,0x01,0x01,0x14,0x4d,0x04,0x03,0x02,0x02,0x02,
  0x12,0x02,0x4e,0x1b,0x40,0x15,0x00,0x01,0x00,0x02,0x00,0x01,0x02,0x80,0x00,0x00,0x00,0x13,0x4d,0x04,
  0x03,0x02,0x02,0x02,0x12,0x02,0x4e,0x59,0x40,0x0c,0x00,0x00,0x00,0x29,0x00,0x28,0x2e,0x27,0x25,0x05,
  0x07,0x19,0x2b,0x16,0x26,0x35,0x03,0x34,0x36,0x33,0x32,0x16,0x15,0x13,0x36,0x36,0x37,0x36,0x33,0x32,
  0x16,0x15,0x14,0x07,0x06,0x06,0x07,0x16,0x17,0x17,0x16,0x15,0x14,0x06,0x23,0x22,0x27,0x26,0x27,0x06,
  0x07,0x15,0x14,0x06,0x23,0x62,0x13,0x02,0x12,0x0d,0x0d,0x13,0x01,0x2d,0x96,0x34,0x09,0x10,0x0d,0x12,
  0x07,0x1e,0x61,0x23,0x18,0x5d,0x4b,0x09,0x11,0x0e,0x10,0x09,0x4a,0x76,0x2a,0x2c,0x13,0x0d,0x06,0x13,
  0x0c,0x02,0x72,0x0d,0x11,0x13,0x0d,0xfe,0x77,0x1f,0x90,0x43,0x0e,0x12,0x0c,0x07,0x0c,0x27,0x66,0x1f,
  0x21,0x73,0x5d,0x0b,0x09,0x0d,0x14,0x0b,0x64,0x93,0x22,0x1a,0xaa,0x0c,0x13,0x00,0x00,0x01,0x00,0x4e,
  0xff,0xfa,0x00,0x8d,0x02,0xa9,0x00,0x0d,0x00,0x19,0x40,0x16,0x00,0x00,0x00,0x13,0x4d,0x02,0x01,0x01,
  0x01,0x18,0x01,0x4e,0x00,0x00,0x00,0x0d,0x00,0x0c,0x25,0x03,0x07,0x17,0x2b,0x16,0x26,0x35,0x11,0x34,
  0x36,0x33,0x32,0x16,0x15,0x11,0x14,0x06,0x23,0x62,0x14,0x12,0x0e,0x0c,0x13,0x13,0x0c,0x06,0x11,0x0b,
  0x02,0x75,0x0d,0x11,0x12,0x0c,0xfd,0x8b,0x0b,0x11,0x00,0x00,0x00,0x01,0x00,0x4e,0xff,0xfa,0x02,0xf7,
  0x01,0xed,0x00,0x3a,0x00,0x30,0x40,0x2d,0x10,0x0a,0x02,0x03,0x04,0x01,0x4c,0x06,0x01,0x04,0x04,0x00,
  0x61,0x02,0x01,0x02,0x00,0x00,0x14,0x4d,0x08,0x07,0x05,0x03,0x03,0x03,0x18,0x03,0x4e,0x00,0x00,0x00,
  0x3a,0x00,0x39,0x25,0x26,0x25,0x25,0x24,0x25,0x25,0x09,0x07,0x1d,0x2b,0x16,0x26,0x35,0x11,0x34,0x36,
  0x33,0x32,0x16,0x15,0x15,0x36,0x36,0x33,0x32,0x16,0x17,0x36,0x36,0x33,0x32,0x16,0x15,0x11,0x14,0x06,
  0x23,0x22,0x26,0x35,0x11,0x34,0x26,0x23,0x22,0x06,0x06,0x15,0x15,0x14,0x06,0x23,0x22,0x26,0x35,0x11,
  0x34,0x26,0x23,0x22,0x06,0x07,0x06,0x06,0x15,0x15,0x14,0x06,0x23,0x61,0x13,0x13,0x0d,0x0d,0x12,0x21,
  0x69,0x33,0x2b,0x45,0x0d,0x24,0x5a,0x2c,0x3d,0x49,0x13,0x0d,0x0d,0x12,0x28,0x27,0x1e,0x49,0x34,0x12,
  0x0d,0x0d,0x13,0x24,0x29,0x22,0x48,0x1e,0x1b,0x12,0x12,0x0d,0x06,0x12,0x0c,0x01,0xb6,0x0c,0x13,0x13,
  0x0c,0x73,0x41,0x51,0x33,0x3e,0x3a,0x37,0x5a,0x5f,0xfe,0xe4,0x0c,0x12,0x12,0x0c,0x01,0x23,0x3e,0x39,
  0x2e,0x54,0x36,0xe2,0x0c,0x12,0x12,0x0c,0x01,0x23,0x3f,0x38,0x39,0x29,0x26,0x42,0x3b,0x95,0x0c,0x12,
  0x00,0x01,0x00,0x4e,0xff,0xfa,0x01,0xe5,0x01,0xee,0x00,0x2b,0x00,0x29,0x40,0x26,0x0a,0x01,0x02,0x03,
  0x01,0x4c,0x00,0x03,0x03,0x00,0x61,0x01,0x01,0x00,0x00,0x14,0x4d,0x05,0x04,0x02,0x02,0x02,0x18,0x02,
  0x4e,0x00,0x00,0x00,0x2b,0x00,0x2a,0x28,0x28,0x25,0x25,0x06,0x07,0x1a,0x2b,0x16,0x26,0x35,0x11,0x34,
  0x36,0x33,0x32,0x16,0x15,0x15,0x36,0x36,0x33,0x32,0x16,0x16,0x15,0x14,0x07,0x15,0x14,0x06,0x23,0x22,
  0x26,0x35,0x35,0x26,0x35,0x34,0x26,0x26,0x23,0x22,0x06,0x07,0x06,0x06,0x07,0x07,0x14,0x06,0x23,0x61,
  0x13,0x13,0x0d,0x0d,0x12,0x1d,0x67,0x41,0x37,0x40,0x1c,0x01,0x11,0x0d,0x0c,0x12,0x01,0x13,0x27,0x24,
  0x22,0x42,0x19,0x21,0x1d,0x01,0x01,0x11,0x0d,0x06,0x12,0x0b,0x01,0xb9,0x0d,0x11,0x11,0x0d,0x9e,0x5a,
  0x61,0x38,0x79,0x66,0x64,0x1f,0x39,0x0d,0x13,0x13,0x0c,0x38,0x1f,0x62,0x5d,0x60,0x23,0x32,0x2e,0x3c,
  0x6a,0x38,0x59,0x0e,0x13,0x00,0x00,0x00,0x00,0x02,0x00,0x2e,0xff,0xfa,0x01,0xe2,0x01,0xed,0x00,0x0f,
  0x00,0x1f,0x00,0x2c,0x40,0x29,0x00,0x02,0x02,0x00,0x61,0x00,0x00,0x00,0x14,0x4d,0x05,0x01,0x03,0x03,
  0x01,0x61,0x04,0x01,0x01,0x01,0x18,0x01,0x4e,0x10,0x10,0x00,0x00,0x10,0x1f,0x10,0x1e,0x18,0x16,0x00,
  0x0f,0x00,0x0e,0x26,0x06,0x07,0x17,0x2b,0x16,0x26,0x26,0x35,0x34,0x36,0x36,0x33,0x32,0x16,0x16,0x15,
  0x14,0x06,0x06,0x23,0x3e,0x02,0x35,0x34,0x26,0x26,0x23,0x22,0x06,0x06,0x15,0x14,0x16,0x16,0x33,0xc0,
  0x5d,0x35,0x3d,0x6c,0x41,0x38,0x5d,0x35,0x40,0x6b,0x3e,0x2f,0x4c,0x2e,0x26,0x41,0x28,0x2c,0x4b,0x2d,
  0x27,0x42,0x25,0x06,0x3d,0x69,0x40,0x44,0x7c,0x4d,0x3d,0x69,0x3f,0x48,0x7c,0x4a,0x39,0x3a,0x60,0x36,
  0x2f,0x51,0x31,0x3b,0x61,0x36,0x34,0x4f,0x2c,0x00,0x00,0x00,0x00,0x02,0x00,0x4e,0xff,0x3a,0x01,0xe5,
  0x01,0xee,0x00,0x19,0x00,0x26,0x00,0x6a,0x40,0x0c,0x24,0x23,0x0a,0x03,0x05,0x04,0x15,0x01,0x02,0x05,
  0x02,0x4c,0x4b,0xb0,0x32,0x50,0x58,0x40,0x1d,0x00,0x04,0x04,0x00,0x61,0x01,0x01,0x00,0x00,0x14,0x4d,
  0x07,0x01,0x05,0x05,0x02,0x61,0x00,0x02,0x02,0x12,0x4d,0x06,0x01,0x03,0x03,0x16,0x03,0x4e,0x1b,0x40,
  0x1d,0x06,0x01,0x03,0x02,0x03,0x86,0x00,0x04,0x04,0x00,0x61,0x01,0x01,0x00,0x00,0x14,0x4d,0x07,0x01,
  0x05,0x05,0x02,0x61,0x00,0x02,0x02,0x12,0x02,0x4e,0x59,0x40,0x14,0x1a,0x1a,0x00,0x00,0x1a,0x26,0x1a,
  0x25,0x21,0x1f,0x00,0x19,0x00,0x18,0x25,0x24,0x25,0x08,0x07,0x19,0x2b,0x16,0x26,0x35,0x11,0x34,0x36,
  0x33,0x32,0x16,0x15,0x15,0x36,0x33,0x32,0x16,0x16,0x15,0x14,0x06,0x23,0x22,0x27,0x15,0x14,0x06,0x23,
  0x12,0x36,0x35,0x34,0x26,0x26,0x23,0x22,0x06,0x07,0x11,0x16,0x33,0x61,0x13,0x13,0x0d,0x0d,0x12,0x3d,
  0x79,0x32,0x4a,0x26,0x64,0x78,0x39,0x43,0x13,0x0c,0xf3,0x4b,0x16,0x33,0x28,0x42,0x58,0x14,0x47,0x3b,
  0xc6,0x13,0x0c,0x02,0x75,0x0e,0x12,0x13,0x0d,0x29,0x49,0x40,0x66,0x3a,0x6b,0xa1,0x1c,0xc5,0x0c,0x13,
  0x01,0x07,0x6d,0x60,0x26,0x4d,0x35,0x37,0x1d,0xfe,0xff,0x20,0x00,0x02,0x00,0x2e,0xff,0x46,0x01,0xbf,
  0x02,0x06,0x00,0x1b,0x00,0x28,0x00,0x47,0x40,0x44,0x10,0x01,0x04,0x01,0x1f,0x03,0x02,0x05,0x04,0x02,
  0x01,0x03,0x00,0x03,0x4c,0x00,0x02,0x01,0x02,0x85,0x00,0x04,0x04,0x01,0x61,0x00,0x01,0x01,0x14,0x4d,
  0x07,0x01,0x05,0x05,0x00,0x61,0x00,0x00,0x00,0x18,0x4d,0x06,0x01,0x03,0x03,0x16,0x03,0x4e,0x1c,0x1c,
  0x00,0x00,0x1c,0x28,0x1c,0x27,0x22,0x20,0x00,0x1b,0x00,0x1a,0x24,0x26,0x25,0x08,0x07,0x19,0x2b,0x04,
  0x26,0x37,0x37,0x06,0x06,0x23,0x22,0x26,0x26,0x35,0x34,0x36,0x36,0x33,0x32,0x17,0x35,0x36,0x36,0x33,
  0x32,0x16,0x15,0x03,0x06,0x06,0x23,0x26,0x36,0x37,0x13,0x26,0x23,0x22,0x06,0x15,0x14,0x16,0x16,0x33,
  0x01,0x7c,0x11,0x01,0x07,0x0c,0x37,0x2f,0x3e,0x60,0x35,0x44,0x7a,0x51,0x20,0x26,0x01,0x11,0x0c,0x0c,
  0x12,0x17,0x01,0x11,0x0e,0x57,0x46,0x01,0x08,0x28,0x1b,0x60,0x76,0x27,0x43,0x27,0xba,0x15,0x0d,0xce,
  0x17,0x25,0x39,0x63,0x3d,0x54,0x7e,0x44,0x06,0x08,0x0b,0x10,0x12,0x0d,0xfd,0x7f,0x10,0x10,0xed,0x3c,
  0x36,0x01,0x06,0x05,0x75,0x69,0x2e,0x48,0x29,0x00,0x00,0x00,0x00,0x01,0x00,0x4e,0xff,0xfa,0x01,0x88,
  0x01,0xf0,0x00,0x23,0x00,0x55,0xb5,0x0a,0x01,0x02,0x03,0x01,0x4c,0x4b,0xb0,0x0f,0x50,0x58,0x40,0x19,
  0x00,0x02,0x03,0x04,0x03,0x02,0x72,0x00,0x03,0x03,0x00,0x61,0x01,0x01,0x00,0x00,0x14,0x4d,0x05,0x01,
  0x04,0x04,0x18,0x04,0x4e,0x1b,0x40,0x1a,0x00,0x02,0x03,0x04,0x03,0x02,0x04,0x80,0x00,0x03,0x03,0x00,
  0x61,0x01,0x01,0x00,0x00,0x14,0x4d,0x05,0x01,0x04,0x04,0x18,0x04,0x4e,0x59,0x40,0x0d,0x00,0x00,0x00,
  0x23,0x00,0x22,0x24,0x25,0x25,0x25,0x06,0x07,0x1a,0x2b,0x16,0x26,0x35,0x11,0x34,0x36,0x33,0x32,0x16,
  0x15,0x15,0x36,0x36,0x33,0x32,0x16,0x15,0x15,0x14,0x06,0x23,0x22,0x26,0x35,0x35,0x34,0x23,0x22,0x07,
  0x06,0x06,0x15,0x07,0x14,0x06,0x23,0x62,0x14,0x13,0x0d,0x0e,0x12,0x1c,0x53,0x38,0x2c,0x27,0x12,0x0d,
  0x0f,0x0e,0x22,0x3b,0x3f,0x0f,0x13,0x01,0x13,0x0c,0x06,0x12,0x0b,0x01,0xb8,0x0d,0x11,0x11,0x0d,0x55,
  0x31,0x45,0x31,0x22,0x20,0x0d,0x11,0x12,0x0d,0x17,0x1d,0x54,0x14,0x3c,0x1a,0xdd,0x0b,0x12,0x00,0x00,
  0x00,0x01,0x00,0x17,0xff,0xf8,0x01,0x7b,0x01,0xed,0x00,0x35,0x00,0x9b,0xb5,0x21,0x01,0x03,0x04,0x01,
  0x4c,0x4b,0xb0,0x0b,0x50,0x58,0x40,0x25,0x00,0x03,0x04,0x00,0x04,0x03,0x00,0x80,0x00,0x00,0x01,0x04,
  0x00,0x01,0x7e,0x00,0x04,0x04,0x02,0x61,0x00,0x02,0x02,0x14,0x4d,0x00,0x01,0x01,0x05,0x61,0x06,0x01,
  0x05,0x05,0x18,0x05,0x4e,0x1b,0x4b,0xb0,0x0d,0x50,0x58,0x40,0x25,0x00,0x03,0x04,0x00,0x04,0x03,0x00,
  0x80,0x00,0x00,0x01,0x04,0x00,0x01,0x7e,0x00,0x04,0x04,0x02,0x61,0x00,0x02,0x02,0x14,0x4d,0x00,0x01,
  0x01,0x05,0x61,0x06,0x01,0x05,0x05,0x12,0x05,0x4e,0x1b,0x40,0x25,0x00,0x03,0x04,0x00,0x04,0x03,0x00,
  0x80,0x00,0x00,0x01,0x04,0x00,0x01,0x7e,0x00,0x04,0x04,0x02,0x61,0x00,0x02,0x02,0x14,0x4d,0x00,0x01,
  0x01,0x05,0x61,0x06,0x01,0x05,0x05,0x18,0x05,0x4e,0x59,0x59,0x40,0x0e,0x00,0x00,0x00,0x35,0x00,0x34,
  0x27,0x24,0x2b,0x23,0x25,0x07,0x07,0x1b,0x2b,0x16,0x26,0x26,0x35,0x34,0x36,0x33,0x32,0x17,0x16,0x16,
  0x33,0x32,0x36,0x35,0x34,0x26,0x26,0x27,0x26,0x26,0x35,0x34,0x36,0x33,0x32,0x16,0x15,0x14,0x06,0x23,
  0x22,0x26,0x35,0x34,0x36,0x35,0x34,0x26,0x23,0x22,0x06,0x15,0x14,0x16,0x17,0x1e,0x02,0x15,0x14,0x06,
  0x06,0x23,0x95,0x53,0x2b,0x11,0x0d,0x16,0x06,0x0e,0x42,0x30,0x30,0x3e,0x13,0x31,0x2f,0x51,0x48,0x59,
  0x53,0x4b,0x51,0x10,0x0f,0x0d,0x12,0x03,0x30,0x31,0x36,0x3b,0x33,0x3f,0x3c,0x41,0x1d,0x2b,0x4e,0x33,
  0x08,0x2f,0x3f,0x16,0x0d,0x11,0x15,0x28,0x2c,0x34,0x24,0x15,0x1d,0x1a,0x0e,0x19,0x42,0x36,0x36,0x43,
  0x3d,0x35,0x18,0x19,0x11,0x0b,0x05,0x0c,0x05,0x1b,0x1f,0x23,0x20,0x1f,0x24,0x15,0x14,0x24,0x31,0x26,
  0x25,0x44,0x2b,0x00,0x00,0x01,0xff,0xd9,0xff,0xf9,0x01,0x36,0x02,0x97,0x00,0x1f,0x00,0x4c,0x4b,0xb0,
  0x0b,0x50,0x58,0x40,0x18,0x00,0x02,0x02,0x11,0x4d,0x04,0x01,0x00,0x00,0x01,0x5f,0x03,0x01,0x01,0x01,
  0x14,0x4d,0x06,0x01,0x05,0x05,0x12,0x05,0x4e,0x1b,0x40,0x18,0x00,0x02,0x02,0x11,0x4d,0x04,0x01,0x00,
  0x00,0x01,0x5f,0x03,0x01,0x01,0x01,0x14,0x4d,0x06,0x01,0x05,0x05,0x18,0x05,0x4e,0x59,0x40,0x0e,0x00,
  0x00,0x00,0x1f,0x00,0x1e,0x24,0x23,0x23,0x24,0x23,0x07,0x07,0x1b,0x2b,0x16,0x26,0x35,0x11,0x23,0x22,
  0x26,0x35,0x34,0x36,0x33,0x33,0x35,0x34,0x36,0x33,0x32,0x16,0x15,0x15,0x33,0x32,0x16,0x15,0x14,0x06,
  0x23,0x23,0x11,0x14,0x06,0x23,0x7a,0x13,0x6f,0x0d,0x12,0x14,0x0d,0x6d,0x13,0x0d,0x0e,0x11,0x70,0x0e,
  0x12,0x13,0x0d,0x70,0x13,0x0c,0x07,0x12,0x0c,0x01,0x98,0x13,0x0d,0x0e,0x11,0x89,0x0d,0x13,0x13,0x0d,
  0x89,0x12,0x0d,0x0d,0x13,0xfe,0x68,0x0c,0x12,0x00,0x00,0x00,0x00,0x01,0x00,0x3f,0xff,0xf7,0x01,0xbe,
  0x01,0xee,0x00,0x29,0x00,0x29,0x40,0x26,0x26,0x01,0x01,0x00,0x01,0x4c,0x02,0x01,0x00,0x00,0x14,0x4d,
  0x00,0x01,0x01,0x03,0x61,0x05,0x04,0x02,0x03,0x03,0x18,0x03,0x4e,0x00,0x00,0x00,0x29,0x00,0x28,0x25,
  0x27,0x28,0x27,0x06,0x07,0x1a,0x2b,0x16,0x26,0x26,0x35,0x34,0x37,0x36,0x36,0x33,0x32,0x16,0x15,0x14,
  0x07,0x06,0x15,0x14,0x16,0x33,0x32,0x36,0x37,0x36,0x35,0x13,0x34,0x36,0x33,0x32,0x16,0x15,0x11,0x14,
  0x06,0x23,0x22,0x26,0x35,0x35,0x06,0x06,0x23,0x9e,0x41,0x1e,0x0c,0x03,0x0f,0x0e,0x0c,0x11,0x03,0x09,
  0x2a,0x31,0x2d,0x5b,0x13,0x0c,0x04,0x12,0x0c,0x0c,0x12,0x14,0x0d,0x10,0x13,0x16,0x5b,0x33,0x09,0x32,
  0x78,0x6b,0x73,0x4a,0x14,0x11,0x10,0x0e,0x0f,0x18,0x48,0x6d,0x69,0x5c,0x2f,0x16,0x0e,0x1f,0x01,0x31,
  0x0c,0x10,0x10,0x0c,0xfe,0x47,0x0c,0x13,0x14,0x0f,0x26,0x1d,0x2f,0x00,0x00,0x00,0x00,0x01,0xff,0xfb,
  0xff,0xf9,0x01,0x9d,0x01,0xee,0x00,0x16,0x00,0x3b,0xb6,0x11,0x0a,0x02,0x02,0x00,0x01,0x4c,0x4b,0xb0,
  0x0b,0x50,0x58,0x40,0x0d,0x01,0x01,0x00,0x00,0x14,0x4d,0x03,0x01,0x02,0x02,0x12,0x02,0x4e,0x1b,0x40,
  0x0d,0x01,0x01,0x00,0x00,0x14,0x4d,0x03,0x01,0x02,0x02,0x18,0x02,0x4e,0x59,0x40,0x0b,0x00,0x00,0x00,
  0x16,0x00,0x15,0x25,0x26,0x04,0x07,0x18,0x2b,0x16,0x27,0x03,0x26,0x35,0x34,0x36,0x33,0x32,0x17,0x13,
  0x13,0x36,0x36,0x33,0x32,0x16,0x15,0x14,0x07,0x03,0x06,0x23,0xb8,0x09,0xb2,0x02,0x13,0x0e,0x13,0x0a,
  0x93,0x94,0x04,0x0f,0x0a,0x0d,0x13,0x04,0xb0,0x09,0x14,0x07,0x16,0x01,0xb4,0x08,0x03,0x0d,0x12,0x15,
  0xfe,0x8d,0x01,0x76,0x08,0x0b,0x13,0x0c,0x06,0x08,0xfe,0x4c,0x14,0x00,0x00,0x00,0x00,0x01,0x00,0x0f,
  0xff,0xfa,0x02,0x4c,0x01,0xee,0x00,0x28,0x00,0x29,0x40,0x26,0x24,0x1a,0x13,0x0b,0x04,0x05,0x03,0x00,
  0x01,0x4c,0x02,0x01,0x02,0x00,0x00,0x14,0x4d,0x05,0x04,0x02,0x03,0x03,0x18,0x03,0x4e,0x00,0x00,0x00,
  0x28,0x00,0x27,0x27,0x26,0x26,0x26,0x06,0x07,0x1a,0x2b,0x16,0x26,0x27,0x03,0x27,0x34,0x36,0x33,0x32,
  0x16,0x17,0x13,0x13,0x36,0x36,0x33,0x32,0x16,0x17,0x13,0x13,0x36,0x36,0x33,0x32,0x16,0x15,0x14,0x06,
  0x15,0x03,0x06,0x23,0x22,0x26,0x27,0x03,0x03,0x06,0x06,0x23,0x80,0x12,0x03,0x5a,0x02,0x11,0x0d,0x0c,
  0x11,0x02,0x46,0x7b,0x03,0x12,0x0b,0x0b,0x13,0x02,0x56,0x6b,0x03,0x11,0x0a,0x0d,0x13,0x03,0x8a,0x09,
  0x16,0x0a,0x11,0x03,0x59,0x80,0x04,0x10,0x09,0x06,0x0f,0x0c,0x01,0xab,0x10,0x0c,0x12,0x0f,0x0c,0xfe,
  0xa0,0x01,0x64,0x09,0x0e,0x10,0x0b,0xfe,0x9b,0x01,0x67,0x0a,0x0e,0x12,0x0d,0x03,0x06,0x01,0xfe,0x4e,
  0x18,0x0d,0x0c,0x01,0x5f,0xfe,0x9f,0x0a,0x0d,0x00,0x00,0x00,0x00,0x01,0xff,0xf3,0xff,0xfa,0x01,0xdb,
  0x01,0xee,0x00,0x23,0x00,0x26,0x40,0x23,0x1d,0x14,0x0b,0x02,0x04,0x00,0x01,0x01,0x4c,0x02,0x01,0x01,
  0x01,0x14,0x4d,0x04,0x03,0x02,0x00,0x00,0x12,0x00,0x4e,0x00,0x00,0x00,0x23,0x00,0x22,0x24,0x2a,0x24,
  0x05,0x07,0x19,0x2b,0x04,0x27,0x27,0x07,0x06,0x23,0x22,0x26,0x35,0x34,0x37,0x37,0x27,0x26,0x35,0x34,
  0x36,0x33,0x32,0x17,0x17,0x37,0x36,0x33,0x32,0x16,0x15,0x14,0x07,0x07,0x17,0x16,0x15,0x14,0x06,0x23,
  0x01,0x9a,0x08,0xa7,0xc3,0x09,0x0e,0x0c,0x12,0x09,0xc6,0x9e,0x09,0x12,0x0d,0x0e,0x08,0x9e,0xb7,0x09,
  0x0e,0x0c,0x13,0x09,0xbb,0xab,0x06,0x12,0x0d,0x06,0x09,0xce,0xcd,0x09,0x13,0x0c,0x0e,0x09,0xcb,0xbd,
  0x0b,0x0b,0x0c,0x13,0x09,0xc1,0xbf,0x09,0x13,0x0c,0x0d,0x09,0xbe,0xcc,0x09,0x0b,0x0d,0x12,0x00,0x00,
  0x00,0x01,0xff,0xfd,0xff,0x38,0x01,0xbf,0x01,0xef,0x00,0x1a,0x00,0x3c,0xb7,0x0f,0x05,0x02,0x03,0x02,
  0x00,0x01,0x4c,0x4b,0xb0,0x2a,0x50,0x58,0x40,0x0d,0x01,0x01,0x00,0x00,0x14,0x4d,0x03,0x01,0x02,0x02,
  0x16,0x02,0x4e,0x1b,0x40,0x0d,0x03,0x01,0x02,0x00,0x02,0x86,0x01,0x01,0x00,0x00,0x14,0x00,0x4e,0x59,
  0x40,0x0b,0x00,0x00,0x00,0x1a,0x00,0x19,0x25,0x2a,0x04,0x07,0x18,0x2b,0x16,0x26,0x35,0x34,0x37,0x37,
  0x03,0x26,0x35,0x34,0x36,0x33,0x32,0x16,0x17,0x13,0x13,0x36,0x33,0x32,0x16,0x15,0x14,0x07,0x01,0x06,
  0x23,0x70,0x12,0x04,0x61,0xc2,0x04,0x13,0x0d,0x0a,0x10,0x04,0xaa,0x9d,0x0a,0x14,0x0d,0x12,0x03,0xfe,
  0xdf,0x0b,0x13,0xc8,0x13,0x0d,0x07,0x07,0xd4,0x01,0x83,0x0a,0x07,0x0e,0x12,0x0c,0x09,0xfe,0xab,0x01,
  0x57,0x14,0x12,0x0d,0x09,0x05,0xfd,0x8a,0x14,0x00,0x00,0x00,0x00,0x01,0x00,0x0b,0xff,0xfb,0x01,0xa5,
  0x01,0xee,0x00,0x1b,0x00,0x25,0x40,0x22,0x00,0x00,0x00,0x01,0x5f,0x00,0x01,0x01,0x14,0x4d,0x00,0x02,
  0x02,0x03,0x5f,0x04,0x01,0x03,0x03,0x12,0x03,0x4e,0x00,0x00,0x00,0x1b,0x00,0x19,0x25,0x34,0x25,0x05,
  0x07,0x19,0x2b,0x16,0x26,0x35,0x34,0x37,0x01,0x21,0x22,0x26,0x35,0x34,0x36,0x33,0x21,0x32,0x16,0x15,
  0x14,0x07,0x01,0x21,0x32,0x16,0x15,0x14,0x06,0x23,0x21,0x1e,0x13,0x07,0x01,0x32,0xfe,0xf1,0x0d,0x12,
  0x12,0x0d,0x01,0x4b,0x0d,0x13,0x07,0xfe,0xce,0x01,0x1f,0x0d,0x12,0x12,0x0d,0xfe,0xa5,0x05,0x13,0x0c,
  0x0c,0x07,0x01,0x82,0x12,0x0e,0x0c,0x13,0x13,0x0c,0x0c,0x07,0xfe,0x7e,0x13,0x0d,0x0c,0x13,0x00,0x00,
  0x00,0x01,0x00,0x3c,0xff,0x80,0x01,0x45,0x03,0x1d,0x00,0x2c,0x00,0x1e,0x40,0x1b,0x1f,0x01,0x01,0x00,
  0x01,0x4c,0x00,0x00,0x01,0x00,0x85,0x02,0x01,0x01,0x01,0x76,0x00,0x00,0x00,0x2c,0x00,0x2b,0x15,0x13,
  0x03,0x07,0x16,0x2b,0x04,0x26,0x26,0x35,0x35,0x34,0x26,0x27,0x26,0x35,0x34,0x36,0x37,0x36,0x36,0x35,
  0x35,0x34,0x36,0x36,0x33,0x32,0x16,0x15,0x14,0x07,0x06,0x06,0x15,0x15,0x14,0x07,0x16,0x16,0x15,0x15,
  0x14,0x16,0x17,0x16,0x16,0x15,0x14,0x06,0x23,0x01,0x0f,0x46,0x39,0x24,0x1c,0x14,0x09,0x0a,0x25,0x1c,
  0x3a,0x47,0x16,0x0c,0x12,0x1d,0x23,0x39,0x38,0x19,0x1f,0x39,0x23,0x0d,0x10,0x13,0x0e,0x80,0x1c,0x43,
  0x35,0xc9,0x23,0x30,0x0a,0x08,0x14,0x0a,0x0d,0x05,0x12,0x2c,0x20,0xba,0x35,0x42,0x1c,0x12,0x0c,0x1a,
  0x04,0x06,0x29,0x28,0xb9,0x4d,0x2e,0x14,0x3f,0x27,0xc8,0x29,0x29,0x05,0x03,0x10,0x0c,0x0d,0x11,0x00,
  0x00,0x01,0x00,0x42,0xff,0x54,0x00,0x81,0x03,0x3d,0x00,0x0d,0x00,0x2e,0x4b,0xb0,0x20,0x50,0x58,0x40,
  0x0c,0x00,0x00,0x01,0x00,0x85,0x02,0x01,0x01,0x01,0x16,0x01,0x4e,0x1b,0x40,0x0a,0x00,0x00,0x01,0x00,
  0x85,0x02,0x01,0x01,0x01,0x76,0x59,0x40,0x0a,0x00,0x00,0x00,0x0d,0x00,0x0c,0x25,0x03,0x07,0x17,0x2b,
  0x16,0x26,0x35,0x11,0x34,0x36,0x33,0x32,0x16,0x15,0x11,0x14,0x06,0x23,0x55,0x13,0x13,0x0d,0x0d,0x12,
  0x12,0x0d,0xac,0x13,0x0d,0x03,0xa9,0x0d,0x13,0x13,0x0d,0xfc,0x57,0x0d,0x13,0x00,0x00,0x01,0x00,0x30,
  0xff,0x80,0x01,0x39,0x03,0x1d,0x00,0x2c,0x00,0x1e,0x40,0x1b,0x0a,0x01,0x01,0x00,0x01,0x4c,0x00,0x00,
  0x01,0x00,0x85,0x02,0x01,0x01,0x01,0x76,0x00,0x00,0x00,0x2c,0x00,0x2b,0x18,0x16,0x03,0x07,0x16,0x2b,
  0x16,0x26,0x35,0x34,0x37,0x36,0x36,0x35,0x35,0x34,0x37,0x26,0x26,0x35,0x35,0x34,0x26,0x27,0x26,0x26,
  0x35,0x34,0x36,0x33,0x32,0x16,0x16,0x15,0x15,0x14,0x16,0x17,0x16,0x15,0x14,0x06,0x07,0x06,0x06,0x15,
  0x15,0x14,0x06,0x06,0x23,0x42,0x12,0x1d,0x23,0x39,0x38,0x1a,0x1e,0x2e,0x2e,0x0d,0x10,0x13,0x0e,0x13,
  0x46,0x3b,0x24,0x1c,0x14,0x08,0x0b,0x25,0x1c,0x3b,0x48,0x14,0x80,0x12,0x0c,0x19,0x06,0x05,0x29,0x29,
  0xb9,0x4c,0x2e,0x14,0x3e,0x28,0xc9,0x20,0x2d,0x0a,0x02,0x10,0x0c,0x0d,0x11,0x1c,0x42,0x35,0xca,0x22,
  0x31,0x0a,0x08,0x14,0x0c,0x0a,0x05,0x13,0x2c,0x1f,0xba,0x36,0x42,0x1c,0x00,0x00,0x00,0x01,0x00,0x36,
  0x00,0x8e,0x02,0x31,0x01,0x5c,0x00,0x24,0x00,0x4c,0xb1,0x06,0x64,0x44,0x40,0x41,0x1f,0x01,0x00,0x04,
  0x0d,0x01,0x03,0x00,0x02,0x4c,0x00,0x04,0x02,0x00,0x02,0x04,0x00,0x80,0x00,0x01,0x03,0x05,0x03,0x01,
  0x05,0x80,0x00,0x02,0x00,0x00,0x03,0x02,0x00,0x69,0x00,0x03,0x01,0x05,0x03,0x59,0x00,0x03,0x03,0x05,
  0x61,0x06,0x01,0x05,0x03,0x05,0x51,0x00,0x00,0x00,0x24,0x00,0x23,0x23,0x24,0x25,0x23,0x24,0x07,0x07,
  0x1b,0x2b,0xb1,0x06,0x00,0x44,0x24,0x26,0x27,0x26,0x26,0x23,0x22,0x06,0x07,0x06,0x23,0x22,0x26,0x35,
  0x34,0x37,0x36,0x33,0x32,0x16,0x17,0x16,0x16,0x33,0x32,0x36,0x37,0x36,0x33,0x32,0x16,0x15,0x14,0x07,
  0x06,0x06,0x23,0x01,0x6c,0x35,0x1f,0x17,0x20,0x15,0x21,0x30,0x09,0x08,0x16,0x0c,0x12,0x03,0x30,0x63,
  0x2a,0x35,0x1e,0x19,0x1f,0x15,0x22,0x2e,0x0e,0x0a,0x15,0x0d,0x11,0x03,0x13,0x4a,0x3b,0x8e,0x2c,0x2a,
  0x20,0x1c,0x39,0x21,0x17,0x12,0x0d,0x04,0x0a,0x80,0x2c,0x29,0x21,0x1b,0x3d,0x26,0x1c,0x12,0x0d,0x08,
  0x08,0x35,0x58,0x00,0x00,0x02,0x00,0x53,0xff,0x38,0x00,0xa2,0x01,0xea,0x00,0x0b,0x00,0x19,0x00,0x4b,
  0x4b,0xb0,0x2a,0x50,0x58,0x40,0x17,0x04,0x01,0x01,0x01,0x00,0x61,0x00,0x00,0x00,0x14,0x4d,0x00,0x02,
  0x02,0x03,0x61,0x05,0x01,0x03,0x03,0x16,0x03,0x4e,0x1b,0x40,0x14,0x00,0x02,0x05,0x01,0x03,0x02,0x03,
  0x65,0x04,0x01,0x01,0x01,0x00,0x61,0x00,0x00,0x00,0x14,0x01,0x4e,0x59,0x40,0x12,0x0c,0x0c,0x00,0x00,
  0x0c,0x19,0x0c,0x18,0x13,0x11,0x00,0x0b,0x00,0x0a,0x24,0x06,0x07,0x17,0x2b,0x12,0x26,0x35,0x34,0x36,
  0x33,0x32,0x16,0x15,0x14,0x06,0x23,0x02,0x26,0x35,0x11,0x34,0x36,0x33,0x32,0x16,0x15,0x03,0x14,0x06,
  0x23,0x68,0x15,0x1b,0x11,0x10,0x13,0x1a,0x11,0x0f,0x13,0x14,0x0d,0x0e,0x12,0x01,0x13,0x0d,0x01,0x91,
  0x17,0x10,0x15,0x1d,0x17,0x11,0x13,0x1e,0xfd,0xa7,0x14,0x0d,0x01,0xd6,0x0d,0x13,0x12,0x0e,0xfe,0x2a,
  0x0d,0x14,0x00,0x00,0x00,0x02,0x00,0x27,0xff,0xfa,0x01,0xc0,0x02,0xaa,0x00,0x31,0x00,0x39,0x00,0x42,
  0x40,0x3f,0x39,0x1e,0x0a,0x03,0x02,0x01,0x38,0x1f,0x03,0x03,0x04,0x03,0x02,0x4c,0x00,0x02,0x01,0x03,
  0x01,0x02,0x03,0x80,0x00,0x03,0x04,0x01,0x03,0x04,0x7e,0x00,0x01,0x00,0x04,0x05,0x01,0x04,0x69,0x00,
  0x00,0x00,0x13,0x4d,0x06,0x01,0x05,0x05,0x18,0x05,0x4e,0x00,0x00,0x00,0x31,0x00,0x30,0x16,0x2a,0x25,
  0x13,0x2d,0x07,0x07,0x1b,0x2b,0x16,0x26,0x35,0x37,0x26,0x26,0x35,0x34,0x36,0x36,0x37,0x37,0x34,0x36,
  0x33,0x32,0x16,0x15,0x07,0x1e,0x02,0x15,0x14,0x06,0x23,0x22,0x27,0x26,0x26,0x27,0x03,0x36,0x36,0x37,
  0x36,0x36,0x33,0x32,0x16,0x15,0x14,0x07,0x06,0x06,0x07,0x07,0x14,0x06,0x23,0x02,0x06,0x06,0x15,0x14,
  0x16,0x17,0x13,0xe1,0x11,0x02,0x5e,0x4d,0x2d,0x54,0x38,0x02,0x12,0x0a,0x0c,0x11,0x02,0x19,0x43,0x2f,
  0x12,0x0d,0x0f,0x09,0x10,0x2c,0x1a,0x0a,0x26,0x3e,0x15,0x01,0x0e,0x0d,0x0c,0x12,0x08,0x1d,0x5b,0x35,
  0x02,0x11,0x0b,0x3b,0x37,0x18,0x3e,0x33,0x0a,0x06,0x11,0x0c,0x49,0x18,0x7b,0x40,0x3a,0x72,0x59,0x12,
  0x44,0x0c,0x10,0x12,0x0b,0x3f,0x01,0x1d,0x2a,0x12,0x0d,0x11,0x0a,0x16,0x1a,0x03,0xfe,0x84,0x03,0x23,
  0x1d,0x01,0x11,0x13,0x0c,0x0a,0x0a,0x29,0x33,0x01,0x46,0x0b,0x11,0x01,0xfa,0x50,0x51,0x1e,0x34,0x53,
  0x11,0x01,0x6f,0x00,0x00,0x01,0x00,0x0f,0xff,0xf0,0x02,0x77,0x02,0xcd,0x00,0x58,0x00,0xe6,0x40,0x0b,
  0x43,0x01,0x00,0x09,0x01,0x4c,0x53,0x01,0x09,0x01,0x4b,0x4b,0xb0,0x18,0x50,0x58,0x40,0x37,0x00,0x05,
  0x06,0x03,0x06,0x05,0x03,0x80,0x00,0x0b,0x02,0x09,0x02,0x0b,0x09,0x80,0x00,0x04,0x00,0x06,0x05,0x04,
  0x06,0x69,0x07,0x01,0x03,0x08,0x01,0x02,0x0b,0x03,0x02,0x67,0x00,0x09,0x00,0x00,0x0a,0x09,0x00,0x69,
  0x00,0x0a,0x0a,0x01,0x61,0x0d,0x0c,0x02,0x01,0x01,0x18,0x01,0x4e,0x1b,0x4b,0xb0,0x32,0x50,0x58,0x40,
  0x3b,0x00,0x05,0x06,0x03,0x06,0x05,0x03,0x80,0x00,0x0b,0x02,0x09,0x02,0x0b,0x09,0x80,0x00,0x04,0x00,
  0x06,0x05,0x04,0x06,0x69,0x07,0x01,0x03,0x08,0x01,0x02,0x0b,0x03,0x02,0x67,0x00,0x09,0x00,0x00,0x0a,
  0x09,0x00,0x69,0x00,0x01,0x01,0x18,0x4d,0x00,0x0a,0x0a,0x0c,0x61,0x0d,0x01,0x0c,0x0c,0x18,0x0c,0x4e,
  0x1b,0x40,0x38,0x00,0x05,0x06,0x03,0x06,0x05,0x03,0x80,0x00,0x0b,0x02,0x09,0x02,0x0b,0x09,0x80,0x00,
  0x04,0x00,0x06,0x05,0x04,0x06,0x69,0x07,0x01,0x03,0x08,0x01,0x02,0x0b,0x03,0x02,0x67,0x00,0x09,0x00,
  0x00,0x0a,0x09,0x00,0x69,0x00,0x0a,0x0d,0x01,0x0c,0x0a,0x0c,0x65,0x00,0x01,0x01,0x18,0x01,0x4e,0x59,
  0x59,0x40,0x18,0x00,0x00,0x00,0x58,0x00,0x57,0x51,0x4f,0x4c,0x4a,0x46,0x44,0x24,0x24,0x24,0x26,0x23,
  0x24,0x2a,0x23,0x24,0x0e,0x07,0x1f,0x2b,0x04,0x26,0x27,0x26,0x26,0x23,0x22,0x06,0x07,0x06,0x23,0x22,
  0x26,0x35,0x34,0x37,0x36,0x36,0x35,0x34,0x27,0x27,0x23,0x22,0x26,0x35,0x34,0x36,0x33,0x33,0x26,0x35,
  0x34,0x33,0x32,0x16,0x17,0x16,0x15,0x14,0x06,0x23,0x22,0x26,0x27,0x26,0x26,0x23,0x22,0x06,0x15,0x14,
  0x17,0x33,0x32,0x16,0x15,0x14,0x06,0x23,0x23,0x16,0x17,0x16,0x16,0x15,0x14,0x07,0x36,0x33,0x32,0x16,
  0x17,0x16,0x16,0x33,0x32,0x36,0x37,0x36,0x33,0x32,0x16,0x15,0x14,0x07,0x06,0x06,0x23,0x01,0xac,0x42,
  0x24,0x19,0x1d,0x11,0x20,0x35,0x20,0x17,0x08,0x0d,0x11,0x0c,0x24,0x29,0x10,0x07,0x61,0x0c,0x13,0x12,
  0x0d,0x55,0x08,0xfd,0x58,0x5f,0x11,0x02,0x10,0x0e,0x0c,0x11,0x02,0x0c,0x4c,0x37,0x64,0x5a,0x09,0xe5,
  0x0d,0x11,0x12,0x0c,0xda,0x01,0x07,0x06,0x09,0x12,0x1d,0x14,0x1c,0x2a,0x1b,0x1f,0x33,0x25,0x25,0x32,
  0x09,0x08,0x17,0x0e,0x10,0x01,0x10,0x5b,0x30,0x10,0x1a,0x18,0x10,0x0e,0x1c,0x18,0x12,0x12,0x0c,0x10,
  0x09,0x1d,0x57,0x29,0x1d,0x36,0x1b,0x13,0x0b,0x0d,0x12,0x2d,0x33,0xf4,0x6a,0x48,0x0a,0x03,0x0d,0x11,
  0x10,0x0e,0x3d,0x45,0x57,0x60,0x33,0x2d,0x12,0x0d,0x0c,0x12,0x03,0x1b,0x13,0x2b,0x12,0x36,0x24,0x09,
  0x13,0x12,0x15,0x16,0x29,0x29,0x1d,0x12,0x0d,0x06,0x05,0x46,0x3c,0x00,0x00,0x00,0x00,0x02,0x00,0x2c,
  0x00,0x25,0x01,0xce,0x01,0xc8,0x00,0x33,0x00,0x3f,0x00,0x51,0x40,0x4e,0x16,0x12,0x02,0x06,0x01,0x23,
  0x1f,0x09,0x05,0x04,0x07,0x06,0x30,0x2c,0x02,0x04,0x07,0x03,0x4c,0x02,0x01,0x00,0x01,0x03,0x00,0x59,
  0x00,0x01,0x00,0x06,0x07,0x01,0x06,0x69,0x09,0x01,0x07,0x00,0x04,0x03,0x07,0x04,0x69,0x02,0x01,0x00,
  0x00,0x03,0x61,0x08,0x05,0x02,0x03,0x00,0x03,0x51,0x34,0x34,0x00,0x00,0x34,0x3f,0x34,0x3e,0x3a,0x38,
  0x00,0x33,0x00,0x32,0x23,0x2e,0x23,0x23,0x2e,0x0a,0x07,0x1b,0x2b,0x36,0x26,0x35,0x34,0x37,0x37,0x26,
  0x35,0x34,0x37,0x27,0x26,0x35,0x34,0x36,0x33,0x32,0x17,0x17,0x36,0x33,0x32,0x17,0x37,0x36,0x33,0x32,
  0x16,0x15,0x14,0x07,0x07,0x16,0x15,0x14,0x07,0x17,0x16,0x15,0x14,0x06,0x23,0x22,0x27,0x27,0x06,0x23,
  0x22,0x27,0x07,0x06,0x23,0x36,0x36,0x35,0x34,0x26,0x23,0x22,0x06,0x15,0x14,0x16,0x33,0x3f,0x13,0x09,
  0x44,0x1c,0x1e,0x46,0x09,0x12,0x0c,0x0a,0x0a,0x46,0x27,0x33,0x34,0x27,0x45,0x08,0x0c,0x0c,0x10,0x08,
  0x44,0x1d,0x1b,0x42,0x08,0x10,0x0c,0x0b,0x09,0x43,0x2b,0x32,0x32,0x2a,0x44,0x08,0x0c,0xdf,0x3c,0x3c,
  0x2b,0x2a,0x3d,0x3d,0x2a,0x25,0x12,0x0c,0x0b,0x09,0x44,0x2b,0x2f,0x33,0x29,0x46,0x09,0x0b,0x0c,0x11,
  0x08,0x46,0x1b,0x1b,0x46,0x08,0x11,0x0c,0x0d,0x07,0x46,0x2a,0x32,0x31,0x29,0x44,0x07,0x0d,0x0c,0x12,
  0x09,0x43,0x1d,0x1d,0x42,0x0a,0x68,0x3d,0x2b,0x2b,0x3c,0x3c,0x2b,0x2b,0x3d,0x00,0x00,0x01,0x00,0x21,
  0xff,0xfa,0x01,0xcf,0x02,0xad,0x00,0x3c,0x00,0x3f,0x40,0x3c,0x24,0x1d,0x02,0x03,0x04,0x01,0x4c,0x06,
  0x01,0x03,0x07,0x01,0x02,0x01,0x03,0x02,0x67,0x08,0x01,0x01,0x09,0x01,0x00,0x0a,0x01,0x00,0x67,0x05,
  0x01,0x04,0x04,0x13,0x4d,0x0b,0x01,0x0a,0x0a,0x18,0x0a,0x4e,0x00,0x00,0x00,0x3c,0x00,0x3b,0x38,0x36,
  0x21,0x24,0x25,0x25,0x25,0x24,0x21,0x24,0x23,0x0c,0x07,0x1f,0x2b,0x16,0x26,0x35,0x35,0x23,0x22,0x26,
  0x35,0x34,0x36,0x33,0x33,0x35,0x23,0x22,0x26,0x35,0x34,0x36,0x33,0x33,0x03,0x26,0x35,0x34,0x36,0x33,
  0x32,0x17,0x13,0x13,0x36,0x36,0x33,0x32,0x16,0x15,0x14,0x07,0x03,0x33,0x32,0x16,0x15,0x14,0x06,0x23,
  0x23,0x15,0x33,0x32,0x16,0x15,0x14,0x06,0x23,0x23,0x15,0x14,0x06,0x23,0xe2,0x12,0x6f,0x0c,0x12,0x12,
  0x0c,0x6f,0x6f,0x0c,0x12,0x12,0x0c,0x58,0x95,0x03,0x12,0x0e,0x12,0x09,0x94,0xa3,0x04,0x0f,0x08,0x0d,
  0x14,0x04,0xa3,0x56,0x0d,0x11,0x11,0x0d,0x6f,0x6f,0x0d,0x11,0x11,0x0d,0x6f,0x13,0x0d,0x06,0x13,0x0c,
  0x65,0x12,0x0c,0x0d,0x12,0x5b,0x11,0x0d,0x0d,0x11,0x01,0x2c,0x08,0x06,0x0c,0x13,0x11,0xfe,0xd6,0x01,
  0x2c,0x08,0x09,0x13,0x0d,0x08,0x08,0xfe,0xd5,0x11,0x0d,0x0d,0x11,0x5b,0x12,0x0d,0x0c,0x12,0x65,0x0c,
  0x13,0x00,0x00,0x00,0x00,0x02,0x00,0x50,0xff,0x99,0x00,0x8f,0x02,0xf7,0x00,0x0d,0x00,0x1b,0x00,0x2f,
  0x40,0x2c,0x00,0x00,0x04,0x01,0x01,0x02,0x00,0x01,0x69,0x00,0x02,0x03,0x03,0x02,0x59,0x00,0x02,0x02,
  0x03,0x61,0x05,0x01,0x03,0x02,0x03,0x51,0x0e,0x0e,0x00,0x00,0x0e,0x1b,0x0e,0x1a,0x15,0x13,0x00,0x0d,
  0x00,0x0c,0x25,0x06,0x07,0x17,0x2b,0x12,0x26,0x35,0x11,0x34,0x36,0x33,0x32,0x16,0x15,0x11,0x14,0x06,
  0x23,0x02,0x26,0x35,0x11,0x34,0x36,0x33,0x32,0x16,0x15,0x11,0x14,0x06,0x23,0x63,0x13,0x13,0x0d,0x0d,
  0x12,0x12,0x0d,0x0d,0x13,0x13,0x0d,0x0d,0x12,0x12,0x0d,0x01,0x7f,0x13,0x0d,0x01,0x38,0x0d,0x13,0x13,
  0x0d,0xfe,0xc8,0x0d,0x13,0xfe,0x1a,0x12,0x0d,0x01,0x39,0x0d,0x13,0x13,0x0d,0xfe,0xc7,0x0d,0x12,0x00,
  0x00,0x02,0x00,0x14,0xff,0xfa,0x01,0x78,0x02,0x7c,0x00,0x3d,0x00,0x4d,0x00,0x41,0x40,0x3e,0x25,0x01,
  0x03,0x04,0x4d,0x45,0x37,0x17,0x04,0x00,0x03,0x02,0x4c,0x00,0x03,0x04,0x00,0x04,0x03,0x00,0x80,0x00,
  0x00,0x01,0x04,0x00,0x01,0x7e,0x00,0x02,0x00,0x04,0x03,0x02,0x04,0x69,0x00,0x01,0x01,0x05,0x61,0x06,
  0x01,0x05,0x05,0x18,0x05,0x4e,0x00,0x00,0x00,0x3d,0x00,0x3c,0x27,0x24,0x2f,0x23,0x25,0x07,0x07,0x1b,
  0x2b,0x16,0x26,0x26,0x35,0x34,0x36,0x33,0x32,0x17,0x16,0x16,0x33,0x32,0x36,0x36,0x35,0x34,0x26,0x27,
  0x26,0x26,0x35,0x34,0x37,0x26,0x35,0x34,0x36,0x33,0x32,0x16,0x15,0x14,0x06,0x23,0x22,0x26,0x35,0x34,
  0x36,0x35,0x34,0x26,0x23,0x22,0x06,0x15,0x14,0x16,0x17,0x1e,0x02,0x15,0x14,0x07,0x16,0x15,0x14,0x06,
  0x06,0x23,0x12,0x35,0x34,0x26,0x26,0x27,0x26,0x27,0x06,0x15,0x14,0x16,0x16,0x17,0x16,0x17,0x93,0x53,
  0x2c,0x12,0x0d,0x16,0x06,0x0d,0x41,0x2e,0x28,0x32,0x17,0x2f,0x43,0x51,0x48,0x18,0x19,0x68,0x43,0x4b,
  0x52,0x0f,0x11,0x0e,0x10,0x02,0x2e,0x30,0x34,0x3f,0x39,0x2d,0x3c,0x42,0x28,0x14,0x15,0x2b,0x4f,0x33,
  0x72,0x1e,0x2a,0x35,0x31,0x17,0x0e,0x21,0x25,0x21,0x42,0x22,0x06,0x30,0x3f,0x15,0x0d,0x11,0x15,0x26,
  0x2c,0x1d,0x29,0x14,0x1d,0x27,0x15,0x19,0x41,0x34,0x28,0x1d,0x1f,0x29,0x41,0x38,0x3d,0x35,0x19,0x18,
  0x11,0x0c,0x03,0x0a,0x08,0x1b,0x1d,0x22,0x1f,0x23,0x23,0x0d,0x13,0x20,0x38,0x2f,0x21,0x20,0x1f,0x2c,
  0x23,0x42,0x2a,0x01,0x10,0x14,0x19,0x20,0x12,0x12,0x11,0x0c,0x0f,0x15,0x19,0x21,0x0f,0x0b,0x13,0x13,
  0x00,0x02,0x00,0x00,0x02,0x61,0x01,0x09,0x02,0xc0,0x00,0x0b,0x00,0x17,0x00,0x32,0xb1,0x06,0x64,0x44,
  0x40,0x27,0x02,0x01,0x00,0x01,0x01,0x00,0x59,0x02,0x01,0x00,0x00,0x01,0x61,0x05,0x03,0x04,0x03,0x01,
  0x00,0x01,0x51,0x0c,0x0c,0x00,0x00,0x0c,0x17,0x0c,0x16,0x12,0x10,0x00,0x0b,0x00,0x0a,0x24,0x06,0x07,
  0x17,0x2b,0xb1,0x06,0x00,0x44,0x12,0x26,0x35,0x34,0x36,0x33,0x32,0x16,0x15,0x14,0x06,0x23,0x32,0x26,
  0x35,0x34,0x36,0x33,0x32,0x16,0x15,0x14,0x06,0x23,0x1d,0x1d,0x21,0x18,0x14,0x1f,0x21,0x18,0x88,0x1d,
  0x22,0x16,0x14,0x1f,0x21,0x18,0x02,0x61,0x19,0x14,0x14,0x1e,0x1a,0x13,0x15,0x1d,0x19,0x14,0x14,0x1e,
  0x1a,0x13,0x15,0x1d,0x00,0x03,0x00,0x2c,0x00,0xdc,0x01,0xf7,0x02,0xb1,0x00,0x0f,0x00,0x1f,0x00,0x44,
  0x00,0xb4,0xb1,0x06,0x64,0x44,0xb5,0x3f,0x01,0x07,0x08,0x01,0x4c,0x4b,0xb0,0x09,0x50,0x58,0x40,0x3a,
  0x00,0x05,0x06,0x08,0x02,0x05,0x72,0x00,0x08,0x07,0x06,0x08,0x07,0x7e,0x00,0x00,0x00,0x02,0x04,0x00,
  0x02,0x69,0x00,0x04,0x00,0x06,0x05,0x04,0x06,0x69,0x00,0x07,0x0c,0x01,0x09,0x03,0x07,0x09,0x69,0x0b,
  0x01,0x03,0x01,0x01,0x03,0x59,0x0b,0x01,0x03,0x03,0x01,0x61,0x0a,0x01,0x01,0x03,0x01,0x51,0x1b,0x40,
  0x3b,0x00,0x05,0x06,0x08,0x06,0x05,0x08,0x80,0x00,0x08,0x07,0x06,0x08,0x07,0x7e,0x00,0x00,0x00,0x02,
  0x04,0x00,0x02,0x69,0x00,0x04,0x00,0x06,0x05,0x04,0x06,0x69,0x00,0x07,0x0c,0x01,0x09,0x03,0x07,0x09,
  0x69,0x0b,0x01,0x03,0x01,0x01,0x03,0x59,0x0b,0x01,0x03,0x03,0x01,0x61,0x0a,0x01,0x01,0x03,0x01,0x51,
  0x59,0x40,0x22,0x20,0x20,0x10,0x10,0x00,0x00,0x20,0x44,0x20,0x43,0x3d,0x3b,0x38,0x36,0x32,0x30,0x2e,
  0x2c,0x27,0x25,0x10,0x1f,0x10,0x1e,0x18,0x16,0x00,0x0f,0x00,0x0e,0x26,0x0d,0x07,0x17,0x2b,0xb1,0x06,
  0x00,0x44,0x36,0x26,0x26,0x35,0x34,0x36,0x36,0x33,0x32,0x16,0x16,0x15,0x14,0x06,0x06,0x23,0x3e,0x02,
  0x35,0x34,0x26,0x26,0x23,0x22,0x06,0x06,0x15,0x14,0x16,0x16,0x33,0x2e,0x02,0x35,0x34,0x36,0x33,0x32,
  0x17,0x16,0x15,0x14,0x06,0x23,0x22,0x27,0x26,0x23,0x22,0x06,0x15,0x14,0x16,0x33,0x32,0x36,0x37,0x36,
  0x33,0x32,0x16,0x15,0x14,0x07,0x06,0x06,0x23,0xd3,0x69,0x3e,0x3e,0x6a,0x3d,0x3e,0x6a,0x3e,0x3e,0x6a,
  0x3e,0x31,0x52,0x31,0x31,0x52,0x31,0x30,0x53,0x30,0x31,0x52,0x30,0x26,0x38,0x20,0x47,0x3a,0x2a,0x23,
  0x0d,0x0f,0x0b,0x09,0x0a,0x14,0x19,0x2c,0x20,0x29,0x1a,0x16,0x25,0x09,0x09,0x0f,0x0b,0x10,0x07,0x10,
  0x38,0x28,0xdc,0x3f,0x6c,0x3f,0x3f,0x6c,0x40,0x40,0x6c,0x3f,0x3f,0x6c,0x3f,0x32,0x32,0x54,0x32,0x32,
  0x55,0x32,0x32,0x55,0x32,0x32,0x54,0x32,0x43,0x20,0x36,0x20,0x3b,0x46,0x1b,0x0a,0x0d,0x0b,0x0f,0x08,
  0x10,0x30,0x1c,0x1c,0x27,0x10,0x0f,0x10,0x0f,0x0b,0x08,0x0b,0x18,0x1e,0x00,0x00,0x00,0x02,0x00,0x0e,
  0x01,0x4b,0x01,0x0c,0x02,0x93,0x00,0x13,0x00,0x1f,0x00,0x45,0x40,0x42,0x0f,0x01,0x03,0x01,0x16,0x15,
  0x02,0x04,0x03,0x02,0x01,0x00,0x04,0x03,0x4c,0x05,0x01,0x02,0x00,0x02,0x86,0x00,0x01,0x00,0x03,0x04,
  0x01,0x03,0x69,0x06,0x01,0x04,0x00,0x00,0x04,0x59,0x06,0x01,0x04,0x04,0x00,0x61,0x00,0x00,0x04,0x00,
  0x51,0x14,0x14,0x00,0x00,0x14,0x1f,0x14,0x1e,0x1a,0x18,0x00,0x13,0x00,0x12,0x25,0x24,0x07,0x08,0x18,
  0x2b,0x12,0x26,0x27,0x06,0x06,0x23,0x22,0x26,0x35,0x34,0x36,0x36,0x33,0x32,0x16,0x17,0x13,0x14,0x06,
  0x23,0x26,0x37,0x37,0x26,0x26,0x23,0x22,0x06,0x15,0x14,0x16,0x33,0xe6,0x12,0x01,0x12,0x22,0x1a,0x33,
  0x44,0x24,0x43,0x2e,0x1f,0x3c,0x0d,0x01,0x10,0x0b,0x3f,0x20,0x03,0x06,0x1d,0x0b,0x2f,0x31,0x22,0x1f,
  0x01,0x4b,0x12,0x10,0x0d,0x10,0x4e,0x3b,0x2d,0x56,0x37,0x13,0x0b,0xfe,0xf2,0x0b,0x11,0x3d,0x19,0xb2,
  0x03,0x05,0x51,0x2f,0x21,0x32,0x00,0x00,0x00,0x01,0x00,0x26,0x00,0x75,0x01,0xa4,0x01,0x46,0x00,0x12,
  0x00,0x46,0x4b,0xb0,0x09,0x50,0x58,0x40,0x17,0x03,0x01,0x02,0x00,0x00,0x02,0x71,0x00,0x01,0x00,0x00,
  0x01,0x57,0x00,0x01,0x01,0x00,0x5f,0x00,0x00,0x01,0x00,0x4f,0x1b,0x40,0x16,0x03,0x01,0x02,0x00,0x02,
  0x86,0x00,0x01,0x00,0x00,0x01,0x57,0x00,0x01,0x01,0x00,0x5f,0x00,0x00,0x01,0x00,0x4f,0x59,0x40,0x0b,
  0x00,0x00,0x00,0x12,0x00,0x11,0x34,0x23,0x04,0x07,0x18,0x2b,0x24,0x26,0x35,0x37,0x21,0x22,0x26,0x35,
  0x34,0x36,0x33,0x21,0x32,0x16,0x15,0x07,0x14,0x06,0x23,0x01,0x7b,0x12,0x01,0xfe,0xd9,0x0c,0x11,0x11,
  0x0c,0x01,0x44,0x0b,0x12,0x01,0x11,0x0b,0x75,0x11,0x0c,0x7a,0x10,0x0c,0x0c,0x12,0x11,0x0d,0x96,0x0c,
  0x11,0x00,0x00,0x00,0x00,0x04,0x00,0x30,0x00,0xdc,0x01,0xfb,0x02,0xb1,0x00,0x0f,0x00,0x1f,0x00,0x3b,
  0x00,0x45,0x00,0x6b,0xb1,0x06,0x64,0x44,0x40,0x60,0x37,0x2d,0x02,0x05,0x08,0x01,0x4c,0x0c,0x01,0x08,
  0x07,0x05,0x07,0x08,0x05,0x80,0x0b,0x06,0x02,0x05,0x03,0x07,0x05,0x03,0x7e,0x00,0x00,0x00,0x02,0x04,
  0x00,0x02,0x69,0x00,0x04,0x00,0x07,0x08,0x04,0x07,0x69,0x0a,0x01,0x03,0x01,0x01,0x03,0x59,0x0a,0x01,
  0x03,0x03,0x01,0x62,0x09,0x01,0x01,0x03,0x01,0x52,0x3c,0x3c,0x20,0x20,0x10,0x10,0x00,0x00,0x3c,0x45,
  0x3c,0x45,0x43,0x41,0x20,0x3b,0x20,0x3a,0x35,0x33,0x28,0x26,0x10,0x1f,0x10,0x1e,0x18,0x16,0x00,0x0f,
  0x00,0x0e,0x26,0x0d,0x07,0x17,0x2b,0xb1,0x06,0x00,0x44,0x36,0x26,0x26,0x35,0x34,0x36,0x36,0x33,0x32,
  0x16,0x16,0x15,0x14,0x06,0x06,0x23,0x3e,0x02,0x35,0x34,0x26,0x26,0x23,0x22,0x06,0x06,0x15,0x14,0x16,
  0x16,0x33,0x26,0x26,0x37,0x37,0x3e,0x02,0x33,0x32,0x16,0x15,0x14,0x06,0x07,0x17,0x16,0x16,0x15,0x14,
  0x06,0x23,0x22,0x27,0x27,0x07,0x06,0x06,0x23,0x3e,0x02,0x35,0x34,0x26,0x23,0x22,0x07,0x07,0xd8,0x6a,
  0x3e,0x3e,0x6a,0x3e,0x3e,0x69,0x3e,0x3e,0x69,0x3e,0x30,0x52,0x31,0x30,0x53,0x30,0x31,0x52,0x31,0x31,
  0x52,0x31,0x5e,0x10,0x02,0x1c,0x02,0x09,0x1f,0x26,0x38,0x3d,0x36,0x28,0x37,0x05,0x07,0x0f,0x0b,0x09,
  0x09,0x5d,0x08,0x02,0x0f,0x0a,0x42,0x30,0x1f,0x29,0x1b,0x12,0x07,0x09,0xdc,0x3f,0x6c,0x3f,0x3f,0x6c,
  0x40,0x40,0x6c,0x3f,0x3f,0x6c,0x3f,0x32,0x32,0x54,0x32,0x32,0x55,0x32,0x32,0x55,0x32,0x32,0x54,0x32,
  0x52,0x12,0x0d,0xae,0x0c,0x09,0x05,0x27,0x22,0x1d,0x23,0x09,0x25,0x03,0x0d,0x07,0x0b,0x0f,0x06,0x42,
  0x30,0x0a,0x0d,0x78,0x0b,0x12,0x08,0x0c,0x0c,0x01,0x3c,0x00,0x00,0x01,0x00,0x00,0x02,0x56,0x01,0x07,
  0x02,0x90,0x00,0x0d,0x00,0x26,0xb1,0x06,0x64,0x44,0x40,0x1b,0x00,0x00,0x01,0x01,0x00,0x57,0x00,0x00,
  0x00,0x01,0x5f,0x02,0x01,0x01,0x00,0x01,0x4f,0x00,0x00,0x00,0x0d,0x00,0x0b,0x34,0x03,0x07,0x17,0x2b,
  0xb1,0x06,0x00,0x44,0x12,0x26,0x35,0x34,0x36,0x33,0x33,0x32,0x16,0x15,0x14,0x06,0x23,0x23,0x11,0x11,
  0x11,0x0b,0xce,0x0c,0x11,0x11,0x0c,0xce,0x02,0x56,0x11,0x0d,0x0c,0x10,0x10,0x0c,0x0c,0x12,0x00,0x00,
  0x00,0x02,0xff,0xff,0x01,0xc3,0x00,0xf6,0x02,0xbb,0x00,0x0d,0x00,0x19,0x00,0x38,0xb1,0x06,0x64,0x44,
  0x40,0x2d,0x00,0x00,0x00,0x02,0x03,0x00,0x02,0x69,0x05,0x01,0x03,0x01,0x01,0x03,0x59,0x05,0x01,0x03,
  0x03,0x01,0x61,0x04,0x01,0x01,0x03,0x01,0x51,0x0e,0x0e,0x00,0x00,0x0e,0x19,0x0e,0x18,0x14,0x12,0x00,
  0x0d,0x00,0x0c,0x26,0x06,0x07,0x17,0x2b,0xb1,0x06,0x00,0x44,0x12,0x26,0x26,0x35,0x34,0x36,0x36,0x33,
  0x32,0x16,0x15,0x14,0x06,0x23,0x36,0x36,0x35,0x34,0x26,0x23,0x22,0x06,0x15,0x14,0x16,0x33,0x5a,0x39,
  0x22,0x22,0x39,0x21,0x33,0x48,0x48,0x33,0x1e,0x29,0x29,0x1e,0x1d,0x2b,0x2b,0x1d,0x01,0xc3,0x22,0x39,
  0x21,0x21,0x39,0x22,0x49,0x33,0x33,0x49,0x35,0x2a,0x1d,0x1d,0x2a,0x2a,0x1d,0x1d,0x2a,0x00,0x00,0x00,
  0x00,0x02,0x00,0x39,0xff,0xf9,0x01,0x80,0x01,0xba,0x00,0x1f,0x00,0x2d,0x00,0x3e,0x40,0x3b,0x07,0x01,
  0x00,0x01,0x01,0x4c,0x03,0x01,0x01,0x04,0x01,0x00,0x05,0x01,0x00,0x67,0x00,0x02,0x08,0x01,0x05,0x06,
  0x02,0x05,0x69,0x00,0x06,0x06,0x07,0x5f,0x09,0x01,0x07,0x07,0x12,0x07,0x4e,0x20,0x20,0x00,0x00,0x20,
  0x2d,0x20,0x2b,0x27,0x24,0x00,0x1f,0x00,0x1e,0x24,0x23,0x23,0x24,0x23,0x0a,0x07,0x1b,0x2b,0x36,0x26,
  0x35,0x35,0x23,0x22,0x26,0x27,0x34,0x36,0x33,0x33,0x35,0x34,0x36,0x33,0x32,0x16,0x15,0x15,0x33,0x32,
  0x16,0x15,0x14,0x06,0x23,0x23,0x15,0x14,0x06,0x23,0x06,0x26,0x35,0x34,0x36,0x33,0x33,0x32,0x16,0x15,
  0x14,0x06,0x23,0x23,0xd1,0x13,0x67,0x0c,0x11,0x01,0x12,0x0c,0x67,0x11,0x0e,0x0c,0x11,0x68,0x0c,0x12,
  0x13,0x0b,0x68,0x12,0x0b,0x82,0x12,0x12,0x0b,0xec,0x0c,0x11,0x11,0x0c,0xec,0x80,0x12,0x0b,0x67,0x11,
  0x0c,0x0c,0x13,0x5c,0x0c,0x12,0x12,0x0c,0x5c,0x12,0x0d,0x0b,0x12,0x67,0x0b,0x12,0x87,0x10,0x0e,0x0c,
  0x12,0x12,0x0c,0x0d,0x11,0x00,0x00,0x00,0x00,0x01,0x00,0x04,0x01,0xae,0x00,0xf3,0x03,0x2f,0x00,0x26,
  0x00,0x28,0x40,0x25,0x00,0x01,0x00,0x03,0x00,0x01,0x03,0x80,0x00,0x00,0x00,0x02,0x61,0x00,0x02,0x02,
  0x21,0x4d,0x00,0x03,0x03,0x04,0x5f,0x00,0x04,0x04,0x22,0x04,0x4e,0x24,0x27,0x26,0x23,0x27,0x05,0x08,
  0x1b,0x2b,0x12,0x36,0x36,0x37,0x36,0x35,0x34,0x26,0x23,0x22,0x07,0x06,0x06,0x23,0x22,0x26,0x35,0x34,
  0x37,0x36,0x36,0x33,0x32,0x16,0x15,0x14,0x06,0x07,0x06,0x07,0x33,0x32,0x16,0x15,0x14,0x06,0x23,0x23,
  0x35,0x07,0x19,0x3c,0x38,0x25,0x21,0x1a,0x25,0x1e,0x0a,0x0a,0x09,0x0a,0x10,0x07,0x0f,0x3e,0x25,0x2e,
  0x43,0x2f,0x29,0x56,0x01,0x9a,0x09,0x11,0x11,0x09,0xd2,0x01,0xf6,0x3f,0x36,0x23,0x18,0x24,0x14,0x1c,
  0x1e,0x0c,0x07,0x10,0x0a,0x0b,0x07,0x14,0x26,0x37,0x2e,0x2b,0x36,0x19,0x33,0x39,0x0f,0x0c,0x0a,0x11,
  0x1b,0x00,0x00,0x00,0x00,0x01,0x00,0x02,0x01,0xab,0x00,0xf2,0x03,0x33,0x00,0x34,0x00,0x3c,0x40,0x39,
  0x2e,0x01,0x00,0x03,0x01,0x4c,0x00,0x03,0x02,0x00,0x02,0x03,0x00,0x80,0x00,0x00,0x01,0x02,0x00,0x01,
  0x7e,0x00,0x02,0x02,0x04,0x61,0x00,0x04,0x04,0x21,0x4d,0x00,0x01,0x01,0x05,0x61,0x06,0x01,0x05,0x05,
  0x24,0x05,0x4e,0x00,0x00,0x00,0x34,0x00,0x33,0x25,0x23,0x2f,0x22,0x26,0x07,0x08,0x1b,0x2b,0x12,0x26,
  0x27,0x26,0x35,0x34,0x36,0x33,0x32,0x17,0x16,0x33,0x32,0x36,0x35,0x34,0x26,0x27,0x26,0x26,0x35,0x34,
  0x37,0x36,0x36,0x35,0x34,0x26,0x23,0x22,0x06,0x07,0x06,0x23,0x22,0x26,0x35,0x34,0x36,0x36,0x33,0x32,
  0x16,0x15,0x14,0x06,0x07,0x16,0x16,0x15,0x14,0x06,0x23,0x4e,0x38,0x10,0x04,0x0e,0x0b,0x10,0x09,0x18,
  0x2c,0x18,0x2c,0x26,0x29,0x0b,0x0e,0x19,0x1b,0x2c,0x26,0x17,0x18,0x15,0x0c,0x07,0x0b,0x0a,0x10,0x1c,
  0x2f,0x1a,0x2d,0x45,0x18,0x15,0x1a,0x1c,0x48,0x32,0x01,0xab,0x26,0x19,0x08,0x08,0x0b,0x10,0x0f,0x26,
  0x22,0x22,0x1d,0x25,0x04,0x01,0x0e,0x0b,0x19,0x02,0x02,0x1c,0x18,0x14,0x14,0x0a,0x09,0x06,0x0e,0x0c,
  0x0c,0x19,0x10,0x32,0x2a,0x18,0x2c,0x0d,0x0e,0x33,0x20,0x35,0x45,0x00,0x00,0x00,0x00,0x01,0x00,0x00,
  0x02,0x29,0x00,0xb5,0x02,0xeb,0x00,0x0f,0x00,0x1f,0xb1,0x06,0x64,0x44,0x40,0x14,0x00,0x00,0x01,0x00,
  0x85,0x02,0x01,0x01,0x01,0x76,0x00,0x00,0x00,0x0f,0x00,0x0e,0x26,0x03,0x07,0x17,0x2b,0xb1,0x06,0x00,
  0x44,0x12,0x26,0x35,0x34,0x37,0x37,0x36,0x33,0x32,0x16,0x15,0x14,0x07,0x07,0x06,0x23,0x13,0x13,0x08,
  0x67,0x10,0x10,0x0e,0x18,0x0c,0x74,0x0a,0x0c,0x02,0x29,0x12,0x0c,0x09,0x0b,0x80,0x10,0x17,0x0e,0x10,
  0x0c,0x77,0x0a,0x00,0x00,0x02,0x00,0x3e,0xff,0xab,0x01,0xe4,0x03,0x08,0x00,0x23,0x00,0x39,0x00,0x37,
  0x40,0x34,0x32,0x06,0x02,0x01,0x03,0x11,0x01,0x00,0x01,0x02,0x4c,0x05,0x01,0x02,0x03,0x02,0x85,0x00,
  0x03,0x01,0x03,0x85,0x00,0x01,0x00,0x01,0x85,0x06,0x04,0x02,0x00,0x00,0x76,0x24,0x24,0x00,0x00,0x24,
  0x39,0x24,0x38,0x30,0x2e,0x00,0x23,0x00,0x22,0x2a,0x2d,0x07,0x07,0x18,0x2b,0x00,0x16,0x15,0x14,0x06,
  0x07,0x07,0x16,0x15,0x14,0x02,0x07,0x06,0x06,0x23,0x22,0x26,0x35,0x34,0x37,0x36,0x36,0x37,0x36,0x36,
  0x37,0x23,0x26,0x26,0x35,0x34,0x36,0x37,0x36,0x36,0x33,0x02,0x26,0x35,0x34,0x37,0x36,0x12,0x35,0x27,
  0x34,0x36,0x33,0x32,0x16,0x17,0x16,0x15,0x10,0x03,0x06,0x06,0x23,0x01,0x83,0x0f,0x0d,0x09,0x11,0x01,
  0x25,0x1f,0x02,0x10,0x0c,0x0d,0x12,0x07,0x02,0x06,0x03,0x0a,0x19,0x03,0x13,0x62,0x70,0x58,0x3e,0x2a,
  0x6a,0x10,0x03,0x11,0x12,0x18,0x19,0x01,0x11,0x0d,0x0d,0x11,0x01,0x01,0x45,0x02,0x10,0x0c,0x03,0x08,
  0x12,0x0c,0x0c,0x11,0x02,0x03,0x1e,0x47,0xab,0xfe,0xa5,0x99,0x0b,0x0e,0x10,0x0c,0x06,0x20,0x0b,0x1c,
  0x11,0x3a,0xb3,0x40,0x01,0x5f,0x52,0x47,0x68,0x20,0x15,0x20,0xfc,0xa4,0x10,0x0c,0x10,0x69,0x95,0x01,
  0x04,0x94,0x4f,0x0c,0x12,0x11,0x0d,0x14,0x3b,0xfe,0xb5,0xfe,0xa2,0x0b,0x0e,0x00,0x00,0x01,0x00,0x30,
  0x00,0xcf,0x00,0x7f,0x01,0x28,0x00,0x0b,0x00,0x1e,0x40,0x1b,0x00,0x00,0x01,0x01,0x00,0x59,0x00,0x00,
  0x00,0x01,0x61,0x02,0x01,0x01,0x00,0x01,0x51,0x00,0x00,0x00,0x0b,0x00,0x0a,0x24,0x03,0x07,0x17,0x2b,
  0x36,0x26,0x35,0x34,0x36,0x33,0x32,0x16,0x15,0x14,0x06,0x23,0x44,0x14,0x1b,0x11,0x0e,0x15,0x1a,0x11,
  0xcf,0x18,0x11,0x13,0x1d,0x17,0x10,0x15,0x1d,0x00,0x00,0x00,0x00,0x01,0x00,0x00,0xff,0x31,0x00,0xac,
  0x00,0x24,0x00,0x28,0x00,0x8c,0xb1,0x06,0x64,0x44,0x40,0x0a,0x25,0x01,0x06,0x05,0x26,0x01,0x03,0x06,
  0x02,0x4c,0x4b,0xb0,0x14,0x50,0x58,0x40,0x2e,0x00,0x05,0x06,0x06,0x05,0x70,0x00,0x04,0x03,0x01,0x03,
  0x04,0x01,0x80,0x00,0x01,0x02,0x03,0x01,0x02,0x7e,0x07,0x01,0x06,0x00,0x03,0x04,0x06,0x03,0x6a,0x00,
  0x02,0x00,0x00,0x02,0x59,0x00,0x02,0x02,0x00,0x61,0x00,0x00,0x02,0x00,0x51,0x1b,0x40,0x2d,0x00,0x05,
  0x06,0x05,0x85,0x00,0x04,0x03,0x01,0x03,0x04,0x01,0x80,0x00,0x01,0x02,0x03,0x01,0x02,0x7e,0x07,0x01,
  0x06,0x00,0x03,0x04,0x06,0x03,0x6a,0x00,0x02,0x00,0x00,0x02,0x59,0x00,0x02,0x02,0x00,0x61,0x00,0x00,
  0x02,0x00,0x51,0x59,0x40,0x0f,0x00,0x00,0x00,0x28,0x00,0x27,0x28,0x21,0x24,0x23,0x24,0x24,0x08,0x07,
  0x1c,0x2b,0xb1,0x06,0x00,0x44,0x16,0x16,0x15,0x14,0x06,0x23,0x22,0x26,0x35,0x34,0x36,0x33,0x32,0x17,
  0x16,0x16,0x33,0x32,0x36,0x35,0x34,0x26,0x23,0x22,0x06,0x23,0x22,0x26,0x35,0x34,0x36,0x37,0x37,0x36,
  0x36,0x33,0x32,0x07,0x07,0x36,0x33,0x7a,0x32,0x36,0x28,0x1d,0x31,0x0d,0x09,0x0b,0x0b,0x08,0x0f,0x0e,
  0x13,0x1b,0x1c,0x13,0x0e,0x1a,0x06,0x07,0x0b,0x0e,0x02,0x08,0x04,0x09,0x06,0x0f,0x01,0x04,0x09,0x0d,
  0x1e,0x33,0x22,0x27,0x35,0x1e,0x16,0x0a,0x0d,0x0b,0x0a,0x0b,0x1c,0x15,0x13,0x1c,0x0f,0x0b,0x08,0x07,
  0x2b,0x06,0x18,0x0b,0x09,0x13,0x32,0x03,0x00,0x01,0x00,0x03,0x01,0xaf,0x00,0xae,0x03,0x32,0x00,0x1e,
  0x00,0x30,0x40,0x2d,0x07,0x01,0x01,0x02,0x01,0x4c,0x00,0x01,0x02,0x00,0x02,0x01,0x00,0x80,0x00,0x02,
  0x02,0x21,0x4d,0x03,0x01,0x00,0x00,0x04,0x5f,0x05,0x01,0x04,0x04,0x22,0x04,0x4e,0x00,0x00,0x00,0x1e,
  0x00,0x1c,0x23,0x26,0x23,0x24,0x06,0x08,0x1a,0x2b,0x12,0x26,0x35,0x34,0x36,0x33,0x33,0x37,0x07,0x06,
  0x23,0x22,0x26,0x35,0x34,0x37,0x37,0x36,0x33,0x32,0x16,0x15,0x03,0x33,0x32,0x16,0x15,0x14,0x06,0x23,
  0x23,0x12,0x0d,0x10,0x0a,0x24,0x04,0x19,0x08,0x0a,0x09,0x10,0x07,0x44,0x09,0x0a,0x0b,0x11,0x05,0x1c,
  0x0b,0x0f,0x10,0x0a,0x75,0x01,0xaf,0x10,0x0b,0x0c,0x0e,0xee,0x1a,0x06,0x0f,0x0b,0x0c,0x07,0x4a,0x09,
  0x10,0x0b,0xfe,0xcd,0x0f,0x0b,0x0c,0x0f,0x00,0x02,0xff,0xff,0x01,0x50,0x01,0x18,0x02,0x8f,0x00,0x0f,
  0x00,0x1d,0x00,0x30,0x40,0x2d,0x00,0x00,0x00,0x02,0x03,0x00,0x02,0x69,0x05,0x01,0x03,0x01,0x01,0x03,
  0x59,0x05,0x01,0x03,0x03,0x01,0x61,0x04,0x01,0x01,0x03,0x01,0x51,0x10,0x10,0x00,0x00,0x10,0x1d,0x10,
  0x1c,0x17,0x15,0x00,0x0f,0x00,0x0e,0x26,0x06,0x08,0x17,0x2b,0x12,0x26,0x26,0x35,0x34,0x36,0x36,0x33,
  0x32,0x16,0x16,0x15,0x14,0x06,0x06,0x23,0x3e,0x02,0x35,0x34,0x26,0x23,0x22,0x06,0x06,0x15,0x14,0x16,
  0x33,0x5f,0x3c,0x24,0x25,0x45,0x2c,0x23,0x3c,0x24,0x23,0x44,0x2f,0x17,0x2a,0x1b,0x2d,0x1f,0x16,0x2a,
  0x19,0x2a,0x1f,0x01,0x50,0x26,0x43,0x28,0x2a,0x51,0x33,0x26,0x44,0x2c,0x24,0x4f,0x36,0x34,0x1f,0x35,
  0x21,0x26,0x3c,0x21,0x36,0x20,0x28,0x38,0xff,0xff,0x00,0x3b,0xff,0xb8,0x02,0x73,0x02,0xb4,0x00,0x26,
  0x00,0x77,0x38,0x82,0x00,0x23,0x01,0x15,0x01,0x24,0x00,0x00,0x01,0x07,0x01,0x24,0x01,0x6a,0xfe,0x0b,
  0x00,0x12,0xb1,0x00,0x01,0xb8,0xff,0x82,0xb0,0x35,0x2b,0xb1,0x02,0x02,0xb8,0xfe,0x0b,0xb0,0x35,0x2b,
  0xff,0xff,0x00,0x3b,0xff,0xbb,0x02,0xab,0x02,0xba,0x00,0x27,0x00,0x71,0x01,0xb8,0xfe,0x0d,0x00,0x26,
  0x00,0x77,0x38,0x88,0x01,0x07,0x01,0x15,0x01,0x1f,0xff,0xfa,0x00,0x1b,0xb1,0x00,0x01,0xb8,0xfe,0x0d,
  0xb0,0x35,0x2b,0xb1,0x01,0x01,0xb8,0xff,0x88,0xb0,0x35,0x2b,0xb1,0x02,0x01,0xb8,0xff,0xfa,0xb0,0x35,
  0x2b,0x00,0x00,0x00,0xff,0xff,0x00,0x3a,0xff,0xb8,0x02,0xa4,0x02,0xb9,0x00,0x26,0x00,0x72,0x38,0x86,
  0x00,0x23,0x01,0x15,0x01,0x2b,0x00,0x00,0x01,0x07,0x01,0x24,0x01,0x9b,0xfe,0x0b,0x00,0x12,0xb1,0x00,
  0x01,0xb8,0xff,0x86,0xb0,0x35,0x2b,0xb1,0x02,0x02,0xb8,0xfe,0x0b,0xb0,0x35,0x2b,0x00,0x02,0x00,0x41,
  0xff,0x42,0x01,0xcd,0x01,0xef,0x00,0x0b,0x00,0x32,0x00,0x3f,0x40,0x3c,0x00,0x02,0x01,0x04,0x01,0x02,
  0x04,0x80,0x00,0x04,0x03,0x01,0x04,0x03,0x7e,0x06,0x01,0x01,0x01,0x00,0x61,0x00,0x00,0x00,0x14,0x4d,
  0x00,0x03,0x03,0x05,0x62,0x07,0x01,0x05,0x05,0x16,0x05,0x4e,0x0c,0x0c,0x00,0x00,0x0c,0x32,0x0c,0x31,
  0x2b,0x29,0x26,0x24,0x18,0x16,0x00,0x0b,0x00,0x0a,0x24,0x08,0x07,0x17,0x2b,0x00,0x26,0x35,0x34,0x36,
  0x33,0x32,0x16,0x15,0x14,0x06,0x23,0x02,0x26,0x26,0x35,0x34,0x36,0x36,0x37,0x36,0x37,0x36,0x33,0x32,
  0x16,0x15,0x14,0x07,0x06,0x07,0x07,0x06,0x06,0x15,0x14,0x16,0x33,0x32,0x36,0x37,0x36,0x33,0x32,0x16,
  0x15,0x14,0x07,0x06,0x06,0x23,0x01,0x50,0x14,0x19,0x12,0x10,0x13,0x1a,0x11,0x8a,0x5f,0x35,0x25,0x31,
  0x26,0x37,0x3c,0x0c,0x0a,0x0d,0x11,0x0b,0x34,0x39,0x11,0x30,0x30,0x4b,0x4d,0x2c,0x40,0x1b,0x09,0x0a,
  0x0d,0x13,0x16,0x1c,0x55,0x34,0x01,0x98,0x16,0x10,0x15,0x1c,0x17,0x11,0x13,0x1c,0xfd,0xaa,0x32,0x5b,
  0x3d,0x2e,0x4b,0x33,0x21,0x30,0x35,0x0a,0x12,0x0d,0x0d,0x08,0x2d,0x34,0x0f,0x2b,0x41,0x2d,0x3a,0x54,
  0x27,0x1f,0x09,0x11,0x0d,0x0c,0x18,0x1e,0x2a,0x00,0x00,0x00,0xff,0xff,0x00,0x1b,0xff,0xf9,0x02,0x28,
  0x03,0x7f,0x00,0x22,0x00,0x24,0x00,0x00,0x00,0x03,0x01,0x3d,0x01,0x70,0x00,0x00,0xff,0xff,0x00,0x1b,
  0xff,0xf9,0x02,0x28,0x03,0x7f,0x00,0x22,0x00,0x24,0x00,0x00,0x00,0x03,0x01,0x3e,0x01,0xa7,0x00,0x00,
  0xff,0xff,0x00,0x1b,0xff,0xf9,0x02,0x28,0x03,0x7f,0x00,0x22,0x00,0x24,0x00,0x00,0x00,0x03,0x01,0x40,
  0x01,0xc6,0x00,0x00,0xff,0xff,0x00,0x1b,0xff,0xf9,0x02,0x28,0x03,0x6c,0x00,0x22,0x00,0x24,0x00,0x00,
  0x00,0x03,0x01,0x44,0x01,0xe1,0x00,0x00,0xff,0xff,0x00,0x1b,0xff,0xf9,0x02,0x28,0x03,0x4d,0x00,0x22,
  0x00,0x24,0x00,0x00,0x00,0x03,0x01,0x3b,0x01,0xb0,0x00,0x00,0xff,0xff,0x00,0x1b,0xff,0xf9,0x02,0x28,
  0x03,0xa0,0x00,0x22,0x00,0x24,0x00,0x00,0x00,0x03,0x01,0x43,0x01,0xa5,0x00,0x00,0x00,0x02,0x00,0x33,
  0xff,0xf7,0x03,0xd2,0x02,0xa3,0x00,0x32,0x00,0x35,0x00,0x41,0x40,0x3e,0x34,0x01,0x02,0x01,0x35,0x33,
  0x02,0x03,0x02,0x2e,0x05,0x02,0x04,0x03,0x03,0x4c,0x00,0x02,0x00,0x03,0x04,0x02,0x03,0x67,0x00,0x01,
  0x01,0x00,0x5f,0x00,0x00,0x00,0x11,0x4d,0x00,0x04,0x04,0x05,0x61,0x07,0x06,0x02,0x05,0x05,0x18,0x05,
  0x4e,0x00,0x00,0x00,0x32,0x00,0x31,0x34,0x21,0x24,0x21,0x24,0x3f,0x08,0x07,0x1c,0x2b,0x16,0x26,0x35,
  0x34,0x37,0x37,0x07,0x06,0x26,0x35,0x34,0x36,0x37,0x37,0x13,0x36,0x33,0x21,0x32,0x16,0x15,0x14,0x06,
  0x23,0x21,0x15,0x21,0x32,0x16,0x15,0x14,0x06,0x23,0x25,0x15,0x21,0x32,0x16,0x15,0x14,0x06,0x23,0x21,
  0x22,0x26,0x35,0x11,0x07,0x07,0x06,0x23,0x01,0x35,0x07,0x45,0x12,0x05,0x8b,0x11,0x0b,0x0f,0x0e,0x0b,
  0x44,0xfd,0x09,0x0d,0x01,0xab,0x0e,0x11,0x12,0x0d,0xfe,0x77,0x01,0x58,0x0c,0x12,0x11,0x0d,0xfe,0xa8,
  0x01,0x89,0x0e,0x11,0x12,0x0d,0xfe,0x58,0x0d,0x11,0xd5,0xae,0x09,0x10,0x01,0x9c,0xa0,0x09,0x13,0x0b,
  0x0a,0x08,0xc4,0x03,0x01,0x13,0x0c,0x0b,0x10,0x02,0x0e,0x01,0x65,0x0d,0x11,0x0e,0x0c,0x12,0xfc,0x13,
  0x0c,0x0d,0x12,0x01,0xf6,0x11,0x0d,0x0d,0x12,0x12,0x0d,0x01,0x0d,0x2c,0xf6,0x0d,0x01,0x6d,0xc0,0xe1,
  0x00,0x01,0x00,0x30,0xff,0x29,0x02,0x45,0x02,0xa4,0x00,0x53,0x01,0x0e,0x40,0x0e,0x35,0x01,0x0a,0x08,
  0x42,0x01,0x09,0x0a,0x08,0x01,0x05,0x01,0x03,0x4c,0x4b,0xb0,0x0f,0x50,0x58,0x40,0x45,0x0d,0x01,0x0c,
  0x09,0x0b,0x09,0x0c,0x0b,0x80,0x00,0x06,0x05,0x03,0x00,0x06,0x72,0x00,0x03,0x04,0x05,0x03,0x04,0x7e,
  0x00,0x01,0x00,0x05,0x06,0x01,0x05,0x69,0x00,0x04,0x00,0x02,0x04,0x02,0x65,0x00,0x0a,0x0a,0x07,0x61,
  0x00,0x07,0x07,0x17,0x4d,0x00,0x09,0x09,0x08,0x61,0x00,0x08,0x08,0x11,0x4d,0x00,0x0b,0x0b,0x00,0x61,
  0x00,0x00,0x00,0x12,0x00,0x4e,0x1b,0x4b,0xb0,0x1a,0x50,0x58,0x40,0x46,0x0d,0x01,0x0c,0x09,0x0b,0x09,
  0x0c,0x0b,0x80,0x00,0x06,0x05,0x03,0x05,0x06,0x03,0x80,0x00,0x03,0x04,0x05,0x03,0x04,0x7e,0x00,0x01,
  0x00,0x05,0x06,0x01,0x05,0x69,0x00,0x04,0x00,0x02,0x04,0x02,0x65,0x00,0x0a,0x0a,0x07,0x61,0x00,0x07,
  0x07,0x17,0x4d,0x00,0x09,0x09,0x08,0x61,0x00,0x08,0x08,0x11,0x4d,0x00,0x0b,0x0b,0x00,0x61,0x00,0x00,
  0x00,0x12,0x00,0x4e,0x1b,0x40,0x44,0x0d,0x01,0x0c,0x09,0x0b,0x09,0x0c,0x0b,0x80,0x00,0x06,0x05,0x03,
  0x05,0x06,0x03,0x80,0x00,0x03,0x04,0x05,0x03,0x04,0x7e,0x00,0x08,0x00,0x09,0x0c,0x08,0x09,0x69,0x00,
  0x01,0x00,0x05,0x06,0x01,0x05,0x69,0x00,0x04,0x00,0x02,0x04,0x02,0x65,0x00,0x0a,0x0a,0x07,0x61,0x00,
  0x07,0x07,0x17,0x4d,0x00,0x0b,0x0b,0x00,0x61,0x00,0x00,0x00,0x12,0x00,0x4e,0x59,0x59,0x40,0x18,0x00,
  0x00,0x00,0x53,0x00,0x52,0x4f,0x4d,0x47,0x45,0x40,0x3e,0x24,0x2c,0x21,0x24,0x23,0x24,0x24,0x22,0x16,
  0x0e,0x07,0x1f,0x2b,0x24,0x16,0x15,0x14,0x07,0x06,0x06,0x07,0x07,0x36,0x33,0x32,0x16,0x15,0x14,0x06,
  0x23,0x22,0x26,0x35,0x34,0x36,0x33,0x32,0x17,0x16,0x16,0x33,0x32,0x36,0x35,0x34,0x26,0x23,0x22,0x06,
  0x23,0x22,0x26,0x35,0x34,0x36,0x37,0x2e,0x02,0x35,0x34,0x36,0x36,0x33,0x32,0x16,0x17,0x36,0x36,0x33,
  0x32,0x16,0x15,0x15,0x14,0x06,0x23,0x22,0x26,0x35,0x35,0x26,0x26,0x23,0x22,0x06,0x06,0x15,0x14,0x16,
  0x16,0x33,0x32,0x37,0x36,0x36,0x33,0x02,0x32,0x13,0x06,0x28,0x73,0x44,0x03,0x09,0x0d,0x1f,0x32,0x36,
  0x28,0x1d,0x31,0x0d,0x09,0x0c,0x0a,0x07,0x10,0x0e,0x13,0x1b,0x1c,0x13,0x0e,0x1a,0x06,0x07,0x0b,0x12,
  0x02,0x4a,0x7b,0x47,0x59,0x8f,0x4c,0x2b,0x3e,0x1c,0x03,0x0e,0x09,0x0d,0x12,0x13,0x0d,0x0d,0x13,0x16,
  0x3a,0x2e,0x3b,0x70,0x47,0x3e,0x66,0x3b,0x73,0x48,0x06,0x0b,0x08,0xa3,0x11,0x0f,0x0c,0x07,0x36,0x3d,
  0x03,0x23,0x03,0x33,0x23,0x26,0x35,0x1e,0x16,0x0a,0x0d,0x0c,0x09,0x0b,0x1c,0x15,0x13,0x1b,0x0e,0x0a,
  0x08,0x09,0x36,0x05,0x05,0x4c,0x83,0x54,0x62,0xb3,0x6c,0x15,0x12,0x06,0x08,0x12,0x0d,0x40,0x0d,0x13,
  0x12,0x0d,0x08,0x15,0x1d,0x5a,0x95,0x53,0x47,0x6a,0x39,0x5e,0x07,0x05,0x00,0x00,0xff,0xff,0x00,0x53,
  0x00,0x00,0x02,0x3b,0x03,0x7f,0x00,0x22,0x00,0x28,0x00,0x00,0x00,0x03,0x01,0x3d,0x01,0x89,0x00,0x00,
  0xff,0xff,0x00,0x53,0x00,0x00,0x02,0x3b,0x03,0x7f,0x00,0x22,0x00,0x28,0x00,0x00,0x00,0x03,0x01,0x3e,
  0x01,0xc1,0x00,0x00,0xff,0xff,0x00,0x53,0x00,0x00,0x02,0x3b,0x03,0x7f,0x00,0x22,0x00,0x28,0x00,0x00,
  0x00,0x03,0x01,0x40,0x01,0xe0,0x00,0x00,0xff,0xff,0x00,0x53,0x00,0x00,0x02,0x3b,0x03,0x4d,0x00,0x22,
  0x00,0x28,0x00,0x00,0x00,0x03,0x01,0x3b,0x01,0xca,0x00,0x00,0xff,0xff,0x00,0x25,0x00,0x00,0x01,0x62,
  0x03,0x7f,0x00,0x22,0x00,0x2c,0x00,0x00,0x00,0x03,0x01,0x3d,0x01,0x08,0x00,0x00,0xff,0xff,0x00,0x25,
  0x00,0x00,0x01,0x62,0x03,0x7f,0x00,0x22,0x00,0x2c,0x00,0x00,0x00,0x03,0x01,0x3e,0x01,0x40,0x00,0x00,
  0xff,0xff,0x00,0x25,0x00,0x00,0x01,0x62,0x03,0x7f,0x00,0x22,0x00,0x2c,0x00,0x00,0x00,0x03,0x01,0x40,
  0x01,0x5f,0x00,0x00,0xff,0xff,0x00,0x25,0x00,0x00,0x01,0x62,0x03,0x4d,0x00,0x22,0x00,0x2c,0x00,0x00,
  0x00,0x03,0x01,0x3b,0x01,0x49,0x00,0x00,0x00,0x02,0x00,0x0f,0xff,0xe6,0x02,0x4c,0x02,0xa3,0x00,0x19,
  0x00,0x2b,0x00,0xc0,0xb5,0x29,0x01,0x07,0x00,0x01,0x4c,0x4b,0xb0,0x0b,0x50,0x58,0x40,0x21,0x05,0x01,
  0x01,0x06,0x01,0x00,0x07,0x01,0x00,0x69,0x00,0x04,0x04,0x02,0x61,0x00,0x02,0x02,0x17,0x4d,0x09,0x01,
  0x07,0x07,0x03,0x61,0x08,0x01,0x03,0x03,0x18,0x03,0x4e,0x1b,0x4b,0xb0,0x0d,0x50,0x58,0x40,0x21,0x05,
  0x01,0x01,0x06,0x01,0x00,0x07,0x01,0x00,0x69,0x00,0x04,0x04,0x02,0x61,0x00,0x02,0x02,0x17,0x4d,0x09,
  0x01,0x07,0x07,0x03,0x61,0x08,0x01,0x03,0x03,0x12,0x03,0x4e,0x1b,0x4b,0xb0,0x1a,0x50,0x58,0x40,0x21,
  0x05,0x01,0x01,0x06,0x01,0x00,0x07,0x01,0x00,0x69,0x00,0x04,0x04,0x02,0x61,0x00,0x02,0x02,0x17,0x4d,
  0x09,0x01,0x07,0x07,0x03,0x61,0x08,0x01,0x03,0x03,0x18,0x03,0x4e,0x1b,0x40,0x1e,0x05,0x01,0x01,0x06,
  0x01,0x00,0x07,0x01,0x00,0x69,0x09,0x01,0x07,0x08,0x01,0x03,0x07,0x03,0x65,0x00,0x04,0x04,0x02,0x61,
  0x00,0x02,0x02,0x17,0x04,0x4e,0x59,0x59,0x59,0x40,0x18,0x1a,0x1a,0x00,0x00,0x1a,0x2b,0x1a,0x2a,0x28,
  0x26,0x22,0x20,0x1f,0x1e,0x00,0x19,0x00,0x18,0x23,0x24,0x26,0x0a,0x07,0x19,0x2b,0x16,0x26,0x27,0x26,
  0x26,0x35,0x35,0x23,0x22,0x26,0x35,0x34,0x36,0x33,0x33,0x11,0x34,0x36,0x33,0x32,0x16,0x16,0x15,0x14,
  0x06,0x23,0x36,0x36,0x35,0x34,0x26,0x27,0x11,0x33,0x32,0x16,0x15,0x14,0x06,0x23,0x23,0x15,0x16,0x33,
  0xd7,0x33,0x23,0x0b,0x0d,0x3b,0x0c,0x13,0x13,0x0c,0x3b,0x12,0x0e,0x66,0xcb,0x92,0xb7,0x99,0x84,0x8d,
  0xc4,0xa3,0x63,0x0d,0x12,0x12,0x0d,0x63,0x30,0x26,0x1a,0x09,0x08,0x03,0x12,0x0b,0xf9,0x13,0x0c,0x0d,
  0x14,0x01,0x34,0x0d,0x12,0x3d,0xa9,0x96,0xa1,0xa0,0x40,0x81,0x80,0x9e,0x96,0x08,0xfe,0xed,0x13,0x0e,
  0x0c,0x13,0xdf,0x0b,0xff,0xff,0x00,0x53,0xff,0xfa,0x02,0x3f,0x03,0x6c,0x00,0x22,0x00,0x31,0x00,0x00,
  0x00,0x03,0x01,0x44,0x01,0xfd,0x00,0x00,0xff,0xff,0x00,0x30,0xff,0xfa,0x02,0x53,0x03,0x7f,0x00,0x22,
  0x00,0x32,0x00,0x00,0x00,0x03,0x01,0x3d,0x01,0x86,0x00,0x00,0xff,0xff,0x00,0x30,0xff,0xfa,0x02,0x53,
  0x03,0x7f,0x00,0x22,0x00,0x32,0x00,0x00,0x00,0x03,0x01,0x3e,0x01,0xbe,0x00,0x00,0xff,0xff,0x00,0x30,
  0xff,0xfa,0x02,0x53,0x03,0x7f,0x00,0x22,0x00,0x32,0x00,0x00,0x00,0x03,0x01,0x40,0x01,0xdd,0x00,0x00,
  0xff,0xff,0x00,0x30,0xff,0xfa,0x02,0x53,0x03,0x6c,0x00,0x22,0x00,0x32,0x00,0x00,0x00,0x03,0x01,0x44,
  0x01,0xf8,0x00,0x00,0xff,0xff,0x00,0x30,0xff,0xfa,0x02,0x53,0x03,0x4d,0x00,0x22,0x00,0x32,0x00,0x00,
  0x00,0x03,0x01,0x3b,0x01,0xc7,0x00,0x00,0x00,0x01,0x00,0x40,0x00,0x70,0x01,0x38,0x01,0x68,0x00,0x23,
  0x00,0x51,0x40,0x09,0x20,0x17,0x0e,0x05,0x04,0x02,0x00,0x01,0x4c,0x4b,0xb0,0x22,0x50,0x58,0x40,0x14,
  0x01,0x01,0x00,0x02,0x02,0x00,0x59,0x01,0x01,0x00,0x00,0x02,0x61,0x04,0x03,0x02,0x02,0x00,0x02,0x51,
  0x1b,0x40,0x18,0x00,0x01,0x00,0x02,0x01,0x59,0x00,0x00,0x02,0x02,0x00,0x59,0x00,0x00,0x00,0x02,0x61,
  0x04,0x03,0x02,0x02,0x00,0x02,0x51,0x59,0x40,0x0c,0x00,0x00,0x00,0x23,0x00,0x22,0x2a,0x24,0x2a,0x05,
  0x07,0x19,0x2b,0x36,0x26,0x35,0x34,0x37,0x37,0x27,0x26,0x35,0x34,0x36,0x33,0x32,0x17,0x17,0x37,0x36,
  0x33,0x32,0x16,0x15,0x14,0x07,0x07,0x17,0x16,0x15,0x14,0x06,0x23,0x22,0x27,0x27,0x07,0x06,0x23,0x51,
  0x11,0x09,0x4a,0x42,0x09,0x12,0x0c,0x0c,0x09,0x42,0x49,0x08,0x0b,0x0f,0x10,0x08,0x49,0x48,0x09,0x11,
  0x0c,0x0b,0x0b,0x48,0x4a,0x09,0x0c,0x70,0x13,0x0b,0x0c,0x09,0x4a,0x41,0x0b,0x0b,0x0b,0x12,0x09,0x41,
  0x49,0x08,0x11,0x0e,0x0b,0x08,0x49,0x49,0x07,0x0d,0x0d,0x12,0x09,0x48,0x49,0x09,0x00,0x03,0x00,0x2f,
  0xff,0xda,0x02,0x4c,0x02,0xe0,0x00,0x24,0x00,0x2d,0x00,0x37,0x00,0xac,0x40,0x1c,0x15,0x01,0x00,0x01,
  0x0e,0x01,0x04,0x00,0x35,0x34,0x2d,0x2c,0x05,0x05,0x05,0x04,0x21,0x02,0x02,0x02,0x05,0x04,0x4c,0x18,
  0x01,0x04,0x01,0x4b,0x4b,0xb0,0x0b,0x50,0x58,0x40,0x21,0x00,0x01,0x00,0x01,0x85,0x06,0x01,0x03,0x02,
  0x03,0x86,0x00,0x04,0x04,0x00,0x61,0x00,0x00,0x00,0x17,0x4d,0x07,0x01,0x05,0x05,0x02,0x61,0x00,0x02,
  0x02,0x18,0x02,0x4e,0x1b,0x4b,0xb0,0x0d,0x50,0x58,0x40,0x21,0x00,0x01,0x00,0x01,0x85,0x06,0x01,0x03,
  0x02,0x03,0x86,0x00,0x04,0x04,0x00,0x61,0x00,0x00,0x00,0x17,0x4d,0x07,0x01,0x05,0x05,0x02,0x61,0x00,
  0x02,0x02,0x12,0x02,0x4e,0x1b,0x40,0x21,0x00,0x01,0x00,0x01,0x85,0x06,0x01,0x03,0x02,0x03,0x86,0x00,
  0x04,0x04,0x00,0x61,0x00,0x00,0x00,0x17,0x4d,0x07,0x01,0x05,0x05,0x02,0x61,0x00,0x02,0x02,0x18,0x02,
  0x4e,0x59,0x59,0x40,0x14,0x2e,0x2e,0x00,0x00,0x2e,0x37,0x2e,0x36,0x27,0x25,0x00,0x24,0x00,0x23,0x2b,
  0x24,0x2b,0x08,0x07,0x19,0x2b,0x16,0x26,0x35,0x34,0x37,0x37,0x26,0x26,0x35,0x34,0x36,0x36,0x33,0x32,
  0x17,0x37,0x36,0x36,0x33,0x32,0x16,0x15,0x14,0x07,0x07,0x16,0x16,0x15,0x14,0x06,0x06,0x23,0x22,0x27,
  0x07,0x06,0x23,0x00,0x23,0x22,0x06,0x06,0x15,0x14,0x17,0x01,0x02,0x36,0x36,0x35,0x34,0x26,0x27,0x01,
  0x16,0x33,0x5c,0x11,0x04,0x29,0x23,0x26,0x50,0x86,0x4d,0x34,0x2f,0x27,0x04,0x0e,0x08,0x0b,0x13,0x03,
  0x2b,0x30,0x36,0x50,0x86,0x4d,0x4b,0x39,0x22,0x07,0x12,0x01,0x0b,0x2a,0x3b,0x67,0x3e,0x2d,0x00,0xff,
  0x33,0x6b,0x41,0x27,0x22,0xfe,0xfb,0x2d,0x3a,0x26,0x12,0x0d,0x05,0x08,0x4c,0x2b,0x75,0x41,0x62,0xaa,
  0x65,0x19,0x46,0x07,0x08,0x10,0x0d,0x07,0x08,0x4b,0x2d,0x85,0x4e,0x62,0xaa,0x65,0x2e,0x3d,0x0f,0x02,
  0x8f,0x53,0x8f,0x54,0x61,0x47,0x01,0xc9,0xfd,0xdf,0x54,0x8d,0x51,0x39,0x6c,0x25,0xfe,0x2b,0x27,0x00,
  0xff,0xff,0x00,0x43,0xff,0xfa,0x02,0x70,0x03,0x7f,0x00,0x22,0x00,0x38,0x00,0x00,0x00,0x03,0x01,0x3d,
  0x01,0x9e,0x00,0x00,0xff,0xff,0x00,0x43,0xff,0xfa,0x02,0x70,0x03,0x7f,0x00,0x22,0x00,0x38,0x00,0x00,
  0x00,0x03,0x01,0x3e,0x01,0xd5,0x00,0x00,0xff,0xff,0x00,0x43,0xff,0xfa,0x02,0x70,0x03,0x7f,0x00,0x22,
  0x00,0x38,0x00,0x00,0x00,0x03,0x01,0x40,0x01,0xf4,0x00,0x00,0xff,0xff,0x00,0x43,0xff,0xfa,0x02,0x70,
  0x03,0x4d,0x00,0x22,0x00,0x38,0x00,0x00,0x00,0x03,0x01,0x3b,0x01,0xdf,0x00,0x00,0xff,0xff,0x00,0x0c,
  0xff,0xfa,0x02,0x4a,0x03,0x7f,0x00,0x22,0x00,0x3c,0x00,0x00,0x00,0x03,0x01,0x3e,0x01,0xa3,0x00,0x00,
  0x00,0x02,0x00,0x43,0xff,0xfa,0x01,0xdf,0x02,0xa2,0x00,0x15,0x00,0x1f,0x00,0x3a,0x40,0x37,0x1e,0x01,
  0x05,0x04,0x01,0x4c,0x00,0x01,0x00,0x04,0x05,0x01,0x04,0x69,0x07,0x01,0x05,0x00,0x02,0x03,0x05,0x02,
  0x69,0x00,0x00,0x00,0x17,0x4d,0x06,0x01,0x03,0x03,0x18,0x03,0x4e,0x16,0x16,0x00,0x00,0x16,0x1f,0x16,
  0x1f,0x1d,0x1b,0x00,0x15,0x00,0x14,0x15,0x13,0x25,0x08,0x07,0x19,0x2b,0x16,0x26,0x35,0x13,0x34,0x36,
  0x33,0x32,0x16,0x15,0x15,0x32,0x16,0x15,0x14,0x06,0x06,0x07,0x15,0x14,0x06,0x23,0x3e,0x02,0x35,0x34,
  0x26,0x23,0x22,0x07,0x03,0x53,0x10,0x02,0x11,0x0b,0x0c,0x12,0x95,0xcb,0x6f,0xa1,0x52,0x11,0x0d,0x5c,
  0x88,0x62,0x8a,0x7a,0x19,0x09,0x01,0x06,0x11,0x0d,0x02,0x6d,0x0d,0x10,0x11,0x0d,0x4d,0x50,0x76,0x52,
  0x68,0x2d,0x02,0x71,0x0c,0x11,0xcd,0x21,0x4c,0x3d,0x41,0x49,0x01,0xfe,0xcc,0x00,0x00,0x01,0x00,0x49,
  0xff,0xe1,0x01,0xe5,0x02,0x77,0x00,0x40,0x00,0x6d,0xb5,0x40,0x01,0x03,0x05,0x01,0x4c,0x4b,0xb0,0x0b,
  0x50,0x58,0x40,0x26,0x00,0x01,0x03,0x02,0x03,0x01,0x02,0x80,0x00,0x08,0x00,0x06,0x05,0x08,0x06,0x69,
  0x00,0x05,0x04,0x01,0x03,0x01,0x05,0x03,0x69,0x00,0x02,0x00,0x00,0x02,0x00,0x65,0x00,0x07,0x07,0x12,
  0x07,0x4e,0x1b,0x40,0x26,0x00,0x01,0x03,0x02,0x03,0x01,0x02,0x80,0x00,0x08,0x00,0x06,0x05,0x08,0x06,
  0x69,0x00,0x05,0x04,0x01,0x03,0x01,0x05,0x03,0x69,0x00,0x02,0x00,0x00,0x02,0x00,0x65,0x00,0x07,0x07,
  0x18,0x07,0x4e,0x59,0x40,0x0c,0x26,0x25,0x24,0x24,0x22,0x26,0x14,0x24,0x26,0x09,0x07,0x1f,0x2b,0x00,
  0x16,0x16,0x15,0x14,0x06,0x06,0x23,0x22,0x26,0x35,0x34,0x36,0x33,0x32,0x17,0x16,0x16,0x37,0x3e,0x02,
  0x35,0x34,0x26,0x26,0x23,0x22,0x07,0x06,0x23,0x22,0x26,0x35,0x34,0x36,0x33,0x36,0x36,0x35,0x34,0x26,
  0x23,0x22,0x06,0x15,0x11,0x14,0x06,0x23,0x22,0x26,0x35,0x11,0x34,0x36,0x36,0x33,0x32,0x16,0x16,0x15,
  0x14,0x06,0x07,0x01,0x7c,0x42,0x27,0x36,0x5d,0x35,0x29,0x37,0x12,0x0c,0x09,0x12,0x02,0x1d,0x17,0x22,
  0x3a,0x22,0x22,0x3e,0x28,0x0d,0x12,0x0e,0x06,0x0b,0x12,0x10,0x0f,0x2e,0x37,0x3c,0x2c,0x2b,0x3f,0x11,
  0x0c,0x0c,0x12,0x2c,0x4c,0x2d,0x2c,0x4b,0x2c,0x22,0x1a,0x01,0x59,0x34,0x4e,0x2e,0x35,0x5c,0x37,0x1b,
  0x14,0x0d,0x10,0x06,0x01,0x09,0x02,0x01,0x26,0x3e,0x24,0x24,0x40,0x27,0x02,0x02,0x11,0x0c,0x0e,0x10,
  0x01,0x3f,0x2e,0x2b,0x39,0x3e,0x2b,0xfe,0x43,0x0b,0x12,0x12,0x0b,0x01,0xbd,0x2c,0x4c,0x2c,0x2a,0x47,
  0x2b,0x27,0x45,0x0e,0xff,0xff,0x00,0x2e,0xff,0xf2,0x01,0xb6,0x02,0xeb,0x00,0x22,0x00,0x44,0x00,0x00,
  0x00,0x03,0x01,0x2e,0x01,0x5f,0x00,0x00,0xff,0xff,0x00,0x2e,0xff,0xf2,0x01,0xb6,0x02,0xeb,0x00,0x22,
  0x00,0x44,0x00,0x00,0x00,0x03,0x01,0x2f,0x01,0x9a,0x00,0x00,0xff,0xff,0x00,0x2e,0xff,0xf2,0x01,0xb8,
  0x02,0xdf,0x00,0x22,0x00,0x44,0x00,0x00,0x00,0x03,0x01,0x32,0x01,0xb8,0x00,0x00,0xff,0xff,0x00,0x2e,
  0xff,0xf2,0x01,0xd3,0x02,0xc9,0x00,0x22,0x00,0x44,0x00,0x00,0x00,0x03,0x01,0x36,0x01,0xd6,0x00,0x00,
  0xff,0xff,0x00,0x2e,0xff,0xf2,0x01,0xb6,0x02,0xac,0x00,0x22,0x00,0x44,0x00,0x00,0x00,0x03,0x01,0x2c,
  0x01,0xa6,0x00,0x00,0xff,0xff,0x00,0x2e,0xff,0xf2,0x01,0xb6,0x02,0xf6,0x00,0x22,0x00,0x44,0x00,0x00,
  0x00,0x03,0x01,0x35,0x01,0x9a,0x00,0x00,0x00,0x03,0x00,0x30,0xff,0xfa,0x03,0x07,0x01,0xec,0x00,0x32,
  0x00,0x40,0x00,0x4a,0x01,0x38,0x4b,0xb0,0x1a,0x50,0x58,0x40,0x15,0x11,0x01,0x07,0x02,0x36,0x1c,0x12,
  0x03,0x04,0x09,0x35,0x2e,0x02,0x03,0x04,0x03,0x01,0x00,0x03,0x04,0x4c,0x1b,0x40,0x15,0x11,0x01,0x07,
  0x02,0x36,0x1c,0x12,0x03,0x04,0x09,0x35,0x2e,0x02,0x08,0x04,0x03,0x01,0x00,0x03,0x04,0x4c,0x59,0x4b,
  0xb0,0x1a,0x50,0x58,0x40,0x2c,0x00,0x04,0x09,0x03,0x09,0x04,0x03,0x80,0x00,0x07,0x07,0x01,0x61,0x00,
  0x01,0x01,0x14,0x4d,0x00,0x09,0x09,0x02,0x61,0x00,0x02,0x02,0x14,0x4d,0x0b,0x08,0x02,0x03,0x03,0x00,
  0x61,0x0a,0x06,0x05,0x03,0x00,0x00,0x12,0x00,0x4e,0x1b,0x4b,0xb0,0x1e,0x50,0x58,0x40,0x38,0x00,0x04,
  0x09,0x08,0x09,0x04,0x08,0x80,0x00,0x07,0x07,0x01,0x61,0x00,0x01,0x01,0x14,0x4d,0x00,0x09,0x09,0x02,
  0x61,0x00,0x02,0x02,0x14,0x4d,0x0b,0x01,0x08,0x08,0x00,0x61,0x0a,0x06,0x05,0x03,0x00,0x00,0x12,0x4d,
  0x00,0x03,0x03,0x00,0x61,0x0a,0x06,0x05,0x03,0x00,0x00,0x12,0x00,0x4e,0x1b,0x4b,0xb0,0x20,0x50,0x58,
  0x40,0x34,0x00,0x04,0x09,0x08,0x09,0x04,0x08,0x80,0x00,0x07,0x07,0x01,0x61,0x00,0x01,0x01,0x14,0x4d,
  0x00,0x09,0x09,0x02,0x61,0x00,0x02,0x02,0x14,0x4d,0x0b,0x01,0x08,0x08,0x00,0x61,0x00,0x00,0x00,0x12,
  0x4d,0x00,0x03,0x03,0x05,0x61,0x0a,0x06,0x02,0x05,0x05,0x18,0x05,0x4e,0x1b,0x40,0x32,0x00,0x04,0x09,
  0x08,0x09,0x04,0x08,0x80,0x00,0x02,0x00,0x09,0x04,0x02,0x09,0x69,0x00,0x07,0x07,0x01,0x61,0x00,0x01,
  0x01,0x14,0x4d,0x0b,0x01,0x08,0x08,0x00,0x61,0x00,0x00,0x00,0x12,0x4d,0x00,0x03,0x03,0x05,0x61,0x0a,
  0x06,0x02,0x05,0x05,0x18,0x05,0x4e,0x59,0x59,0x59,0x40,0x19,0x33,0x33,0x00,0x00,0x44,0x42,0x33,0x40,
  0x33,0x3f,0x3a,0x38,0x00,0x32,0x00,0x31,0x26,0x23,0x27,0x25,0x26,0x25,0x0c,0x07,0x1c,0x2b,0x04,0x26,
  0x35,0x35,0x06,0x06,0x23,0x22,0x26,0x26,0x35,0x34,0x36,0x36,0x33,0x32,0x16,0x17,0x15,0x36,0x36,0x33,
  0x32,0x16,0x16,0x15,0x14,0x07,0x05,0x16,0x33,0x32,0x36,0x37,0x36,0x33,0x32,0x16,0x15,0x14,0x07,0x06,
  0x06,0x23,0x22,0x26,0x27,0x15,0x14,0x06,0x23,0x26,0x36,0x37,0x13,0x26,0x26,0x23,0x22,0x06,0x06,0x15,
  0x14,0x16,0x33,0x00,0x26,0x23,0x22,0x06,0x06,0x07,0x14,0x17,0x25,0x01,0x7f,0x12,0x19,0x48,0x24,0x35,
  0x53,0x30,0x3f,0x67,0x3b,0x2b,0x5c,0x10,0x20,0x58,0x2d,0x38,0x50,0x2a,0x18,0xfe,0xd3,0x2f,0x7a,0x1f,
  0x3f,0x14,0x09,0x0c,0x0d,0x10,0x07,0x1c,0x5a,0x2d,0x37,0x5d,0x1e,0x13,0x0b,0x86,0x4c,0x18,0x05,0x11,
  0x31,0x15,0x3a,0x4d,0x25,0x41,0x37,0x01,0xd1,0x3c,0x2d,0x2e,0x4c,0x2d,0x01,0x02,0x01,0x1a,0x06,0x12,
  0x0c,0x1b,0x15,0x1c,0x32,0x5e,0x3f,0x51,0x82,0x48,0x1c,0x0c,0x37,0x27,0x29,0x2c,0x3e,0x19,0x12,0x0d,
  0xae,0x58,0x1f,0x17,0x09,0x11,0x0d,0x0b,0x09,0x1f,0x29,0x27,0x26,0x2f,0x0b,0x13,0x44,0x20,0x14,0x01,
  0x2b,0x07,0x0c,0x43,0x65,0x34,0x40,0x56,0x01,0x43,0x21,0x31,0x57,0x36,0x14,0x0a,0x9d,0x00,0x00,0x00,
  0x00,0x01,0x00,0x2e,0xff,0x31,0x01,0xc9,0x01,0xed,0x00,0x4a,0x01,0x07,0x40,0x0a,0x29,0x01,0x00,0x0a,
  0x08,0x01,0x05,0x01,0x02,0x4c,0x4b,0xb0,0x0f,0x50,0x58,0x40,0x45,0x00,0x08,0x09,0x0b,0x09,0x08,0x0b,
  0x80,0x0c,0x01,0x0b,0x0a,0x09,0x0b,0x0a,0x7e,0x00,0x06,0x05,0x03,0x00,0x06,0x72,0x00,0x03,0x04,0x05,
  0x03,0x04,0x7e,0x00,0x01,0x00,0x05,0x06,0x01,0x05,0x69,0x00,0x09,0x09,0x07,0x61,0x00,0x07,0x07,0x14,
  0x4d,0x00,0x0a,0x0a,0x00,0x61,0x00,0x00,0x00,0x18,0x4d,0x00,0x04,0x04,0x02,0x61,0x00,0x02,0x02,0x16,
  0x02,0x4e,0x1b,0x4b,0xb0,0x1a,0x50,0x58,0x40,0x46,0x00,0x08,0x09,0x0b,0x09,0x08,0x0b,0x80,0x0c,0x01,
  0x0b,0x0a,0x09,0x0b,0x0a,0x7e,0x00,0x06,0x05,0x03,0x05,0x06,0x03,0x80,0x00,0x03,0x04,0x05,0x03,0x04,
  0x7e,0x00,0x01,0x00,0x05,0x06,0x01,0x05,0x69,0x00,0x09,0x09,0x07,0x61,0x00,0x07,0x07,0x14,0x4d,0x00,
  0x0a,0x0a,0x00,0x61,0x00,0x00,0x00,0x18,0x4d,0x00,0x04,0x04,0x02,0x61,0x00,0x02,0x02,0x16,0x02,0x4e,
  0x1b,0x40,0x43,0x00,0x08,0x09,0x0b,0x09,0x08,0x0b,0x80,0x0c,0x01,0x0b,0x0a,0x09,0x0b,0x0a,0x7e,0x00,
  0x06,0x05,0x03,0x05,0x06,0x03,0x80,0x00,0x03,0x04,0x05,0x03,0x04,0x7e,0x00,0x01,0x00,0x05,0x06,0x01,
  0x05,0x69,0x00,0x04,0x00,0x02,0x04,0x02,0x65,0x00,0x09,0x09,0x07,0x61,0x00,0x07,0x07,0x14,0x4d,0x00,
  0x0a,0x0a,0x00,0x61,0x00,0x00,0x00,0x18,0x00,0x4e,0x59,0x59,0x40,0x16,0x00,0x00,0x00,0x4a,0x00,0x49,
  0x47,0x45,0x3f,0x3d,0x26,0x2b,0x21,0x24,0x23,0x24,0x24,0x22,0x16,0x0d,0x07,0x1f,0x2b,0x24,0x16,0x15,
  0x14,0x07,0x06,0x06,0x07,0x07,0x36,0x33,0x32,0x16,0x15,0x14,0x06,0x23,0x22,0x26,0x35,0x34,0x36,0x33,
  0x32,0x17,0x16,0x16,0x33,0x32,0x36,0x35,0x34,0x26,0x23,0x22,0x06,0x23,0x22,0x26,0x35,0x34,0x37,0x2e,
  0x02,0x35,0x34,0x36,0x36,0x33,0x32,0x16,0x17,0x16,0x15,0x14,0x06,0x23,0x22,0x27,0x26,0x26,0x23,0x22,
  0x06,0x06,0x15,0x14,0x16,0x16,0x33,0x32,0x37,0x36,0x33,0x01,0xb7,0x12,0x0a,0x19,0x5f,0x39,0x02,0x09,
  0x0d,0x1f,0x32,0x36,0x28,0x1d,0x31,0x0d,0x09,0x0b,0x0b,0x08,0x0f,0x0e,0x13,0x1b,0x1c,0x13,0x0e,0x1a,
  0x06,0x07,0x0b,0x12,0x34,0x55,0x32,0x3f,0x68,0x38,0x34,0x43,0x1f,0x08,0x11,0x0d,0x0e,0x09,0x16,0x2e,
  0x23,0x28,0x4c,0x30,0x2f,0x49,0x25,0x56,0x30,0x0d,0x0f,0x8b,0x12,0x0c,0x0a,0x0d,0x25,0x36,0x01,0x1b,
  0x03,0x33,0x22,0x27,0x35,0x1e,0x16,0x0a,0x0d,0x0b,0x0a,0x0b,0x1c,0x15,0x13,0x1c,0x0f,0x0b,0x08,0x0a,
  0x32,0x07,0x3c,0x5d,0x37,0x44,0x83,0x53,0x22,0x24,0x08,0x0d,0x0d,0x12,0x0b,0x1a,0x1b,0x40,0x67,0x37,
  0x32,0x49,0x26,0x45,0x12,0x00,0x00,0x00,0xff,0xff,0x00,0x2e,0xff,0xfa,0x01,0xd4,0x02,0xeb,0x00,0x22,
  0x00,0x48,0x00,0x00,0x00,0x03,0x01,0x2e,0x01,0x45,0x00,0x00,0xff,0xff,0x00,0x2e,0xff,0xfa,0x01,0xd4,
  0x02,0xeb,0x00,0x22,0x00,0x48,0x00,0x00,0x00,0x03,0x01,0x2f,0x01,0x81,0x00,0x00,0xff,0xff,0x00,0x2e,
  0xff,0xfa,0x01,0xd4,0x02,0xdf,0x00,0x22,0x00,0x48,0x00,0x00,0x00,0x03,0x01,0x32,0x01,0x9f,0x00,0x00,
  0xff,0xff,0x00,0x2e,0xff,0xfa,0x01,0xd4,0x02,0xac,0x00,0x22,0x00,0x48,0x00,0x00,0x00,0x03,0x01,0x2c,
  0x01,0x8d,0x00,0x00,0xff,0xff,0xff,0xf9,0xff,0xfa,0x00,0xae,0x02,0xf2,0x00,0x22,0x01,0x22,0x00,0x00,
  0x01,0x07,0x01,0x2e,0x00,0xae,0x00,0x07,0x00,0x08,0xb1,0x01,0x01,0xb0,0x07,0xb0,0x35,0x2b,0x00,0x00,
  0xff,0xff,0x00,0x35,0xff,0xfa,0x00,0xea,0x02,0xf2,0x00,0x22,0x01,0x22,0x00,0x00,0x01,0x07,0x01,0x2f,
  0x00,0xea,0x00,0x07,0x00,0x08,0xb1,0x01,0x01,0xb0,0x07,0xb0,0x35,0x2b,0x00,0x00,0xff,0xff,0xff,0xda,
  0xff,0xfa,0x01,0x08,0x02,0xe6,0x00,0x22,0x01,0x22,0x00,0x00,0x01,0x07,0x01,0x32,0x01,0x08,0x00,0x07,
  0x00,0x08,0xb1,0x01,0x01,0xb0,0x07,0xb0,0x35,0x2b,0x00,0x00,0xff,0xff,0xff,0xec,0xff,0xfa,0x00,0xf5,
  0x02,0xb3,0x00,0x22,0x01,0x22,0x00,0x00,0x01,0x07,0x01,0x2c,0x00,0xf5,0x00,0x07,0x00,0x08,0xb1,0x01,
  0x02,0xb0,0x07,0xb0,0x35,0x2b,0x00,0x00,0x00,0x02,0x00,0x28,0xff,0xfb,0x01,0xa8,0x02,0x96,0x00,0x32,
  0x00,0x3e,0x00,0x6f,0xb7,0x20,0x15,0x08,0x03,0x01,0x02,0x01,0x4c,0x4b,0xb0,0x2a,0x50,0x58,0x40,0x23,
  0x00,0x01,0x02,0x00,0x02,0x01,0x00,0x80,0x00,0x00,0x00,0x05,0x06,0x00,0x05,0x69,0x03,0x01,0x02,0x02,
  0x11,0x4d,0x08,0x01,0x06,0x06,0x04,0x61,0x07,0x01,0x04,0x04,0x12,0x04,0x4e,0x1b,0x40,0x20,0x03,0x01,
  0x02,0x01,0x02,0x85,0x00,0x01,0x00,0x01,0x85,0x00,0x00,0x00,0x05,0x06,0x00,0x05,0x69,0x08,0x01,0x06,
  0x06,0x04,0x61,0x07,0x01,0x04,0x04,0x12,0x04,0x4e,0x59,0x40,0x15,0x33,0x33,0x00,0x00,0x33,0x3e,0x33,
  0x3d,0x39,0x38,0x00,0x32,0x00,0x31,0x25,0x2e,0x25,0x15,0x09,0x07,0x1a,0x2b,0x16,0x26,0x26,0x35,0x34,
  0x36,0x37,0x26,0x27,0x06,0x07,0x06,0x23,0x22,0x26,0x35,0x34,0x37,0x36,0x37,0x36,0x37,0x27,0x26,0x26,
  0x35,0x34,0x36,0x33,0x32,0x17,0x16,0x17,0x36,0x36,0x33,0x32,0x16,0x15,0x14,0x07,0x06,0x06,0x07,0x16,
  0x16,0x15,0x14,0x06,0x06,0x23,0x3e,0x02,0x35,0x34,0x27,0x22,0x06,0x15,0x14,0x16,0x33,0xa0,0x4c,0x2c,
  0x91,0x79,0x21,0x35,0x19,0x44,0x11,0x06,0x09,0x0e,0x10,0x0f,0x27,0x05,0x1e,0x15,0x0c,0x0b,0x12,0x0c,
  0x0a,0x07,0x0f,0x22,0x20,0x4c,0x0a,0x09,0x0d,0x0b,0x18,0x44,0x04,0x43,0x56,0x35,0x64,0x41,0x31,0x48,
  0x27,0x1e,0x67,0x87,0x3d,0x2f,0x05,0x2d,0x51,0x34,0x72,0x89,0x06,0x36,0x3b,0x0e,0x2b,0x0b,0x0c,0x0a,
  0x0c,0x0d,0x0b,0x17,0x04,0x12,0x13,0x0a,0x0e,0x08,0x0c,0x11,0x06,0x0a,0x22,0x12,0x24,0x0c,0x0a,0x0d,
  0x06,0x0b,0x24,0x02,0x48,0xa6,0x54,0x41,0x75,0x49,0x3a,0x38,0x5c,0x34,0x3a,0x3f,0x62,0x68,0x36,0x41,
  0xff,0xff,0x00,0x4e,0xff,0xfa,0x01,0xe5,0x02,0xc9,0x00,0x22,0x00,0x51,0x00,0x00,0x00,0x03,0x01,0x36,
  0x01,0xc7,0x00,0x00,0xff,0xff,0x00,0x2e,0xff,0xfa,0x01,0xe2,0x02,0xeb,0x00,0x22,0x00,0x52,0x00,0x00,
  0x00,0x03,0x01,0x2e,0x01,0x48,0x00,0x00,0xff,0xff,0x00,0x2e,0xff,0xfa,0x01,0xe2,0x02,0xeb,0x00,0x22,
  0x00,0x52,0x00,0x00,0x00,0x03,0x01,0x2f,0x01,0x83,0x00,0x00,0xff,0xff,0x00,0x2e,0xff,0xfa,0x01,0xe2,
  0x02,0xdf,0x00,0x22,0x00,0x52,0x00,0x00,0x00,0x03,0x01,0x32,0x01,0xa1,0x00,0x00,0xff,0xff,0x00,0x2e,
  0xff,0xfa,0x01,0xe2,0x02,0xc9,0x00,0x22,0x00,0x52,0x00,0x00,0x00,0x03,0x01,0x36,0x01,0xbf,0x00,0x00,
  0xff,0xff,0x00,0x2e,0xff,0xfa,0x01,0xe2,0x02,0xac,0x00,0x22,0x00,0x52,0x00,0x00,0x00,0x03,0x01,0x2c,
  0x01,0x8f,0x00,0x00,0x00,0x03,0x00,0x3b,0x00,0x64,0x01,0x75,0x01,0x76,0x00,0x0b,0x00,0x19,0x00,0x25,
  0x00,0x40,0x40,0x3d,0x00,0x00,0x06,0x01,0x01,0x02,0x00,0x01,0x69,0x00,0x02,0x07,0x01,0x03,0x04,0x02,
  0x03,0x67,0x00,0x04,0x05,0x05,0x04,0x59,0x00,0x04,0x04,0x05,0x61,0x08,0x01,0x05,0x04,0x05,0x51,0x1a,
  0x1a,0x0c,0x0c,0x00,0x00,0x1a,0x25,0x1a,0x24,0x20,0x1e,0x0c,0x19,0x0c,0x17,0x13,0x10,0x00,0x0b,0x00,
  0x0a,0x24,0x09,0x07,0x17,0x2b,0x12,0x26,0x35,0x34,0x36,0x33,0x32,0x16,0x15,0x14,0x06,0x23,0x06,0x26,
  0x35,0x34,0x36,0x33,0x33,0x32,0x16,0x15,0x14,0x06,0x23,0x23,0x16,0x26,0x35,0x34,0x36,0x33,0x32,0x16,
  0x15,0x14,0x06,0x23,0xcf,0x11,0x16,0x0f,0x0c,0x12,0x15,0x0f,0x8f,0x13,0x13,0x0c,0xfd,0x0d,0x11,0x11,
  0x0d,0xfd,0x66,0x12,0x17,0x0f,0x0b,0x12,0x15,0x0f,0x01,0x2a,0x14,0x0f,0x10,0x19,0x13,0x0d,0x12,0x1a,
  0x5a,0x11,0x0c,0x0c,0x12,0x11,0x0d,0x0c,0x11,0x6c,0x14,0x0f,0x10,0x19,0x13,0x0d,0x13,0x19,0x00,0x00,
  0x00,0x03,0x00,0x2e,0xff,0xd7,0x01,0xe2,0x02,0x1a,0x00,0x23,0x00,0x2c,0x00,0x36,0x00,0x4f,0x40,0x4c,
  0x14,0x01,0x00,0x01,0x17,0x0e,0x02,0x04,0x00,0x34,0x33,0x2c,0x2b,0x05,0x05,0x05,0x04,0x20,0x01,0x02,
  0x05,0x04,0x4c,0x00,0x01,0x00,0x01,0x85,0x06,0x01,0x03,0x02,0x03,0x86,0x00,0x04,0x04,0x00,0x61,0x00,
  0x00,0x00,0x14,0x4d,0x07,0x01,0x05,0x05,0x02,0x61,0x00,0x02,0x02,0x18,0x02,0x4e,0x2d,0x2d,0x00,0x00,
  0x2d,0x36,0x2d,0x35,0x26,0x24,0x00,0x23,0x00,0x22,0x2b,0x23,0x2b,0x08,0x07,0x19,0x2b,0x16,0x26,0x35,
  0x34,0x37,0x37,0x26,0x26,0x35,0x34,0x36,0x36,0x33,0x32,0x17,0x37,0x36,0x33,0x32,0x16,0x15,0x14,0x07,
  0x07,0x16,0x16,0x15,0x14,0x06,0x06,0x23,0x22,0x27,0x07,0x06,0x23,0x12,0x23,0x22,0x06,0x06,0x15,0x14,
  0x17,0x13,0x02,0x36,0x36,0x35,0x34,0x26,0x27,0x03,0x16,0x33,0x61,0x11,0x04,0x1c,0x1f,0x23,0x40,0x6c,
  0x3e,0x29,0x26,0x1d,0x08,0x10,0x0c,0x12,0x04,0x1f,0x23,0x28,0x40,0x6b,0x3e,0x32,0x29,0x19,0x0a,0x0f,
  0xc4,0x1d,0x2c,0x4c,0x2d,0x23,0xb8,0x25,0x4e,0x30,0x17,0x15,0xbb,0x1c,0x22,0x29,0x12,0x0c,0x0a,0x06,
  0x30,0x20,0x59,0x32,0x48,0x7c,0x4a,0x13,0x31,0x0e,0x11,0x0c,0x07,0x08,0x33,0x21,0x5e,0x34,0x48,0x7c,
  0x4a,0x17,0x2b,0x0f,0x01,0xe0,0x3b,0x62,0x38,0x43,0x33,0x01,0x3d,0xfe,0x88,0x3a,0x61,0x37,0x24,0x43,
  0x19,0xfe,0xbf,0x11,0xff,0xff,0x00,0x3f,0xff,0xf7,0x01,0xbe,0x02,0xeb,0x00,0x22,0x00,0x58,0x00,0x00,
  0x00,0x03,0x01,0x2e,0x01,0x3c,0x00,0x00,0xff,0xff,0x00,0x3f,0xff,0xf7,0x01,0xbe,0x02,0xeb,0x00,0x22,
  0x00,0x58,0x00,0x00,0x00,0x03,0x01,0x2f,0x01,0x78,0x00,0x00,0xff,0xff,0x00,0x3f,0xff,0xf7,0x01,0xbe,
  0x02,0xdf,0x00,0x22,0x00,0x58,0x00,0x00,0x00,0x03,0x01,0x32,0x01,0x96,0x00,0x00,0xff,0xff,0x00,0x3f,
  0xff,0xf7,0x01,0xbe,0x02,0xac,0x00,0x22,0x00,0x58,0x00,0x00,0x00,0x03,0x01,0x2c,0x01,0x83,0x00,0x00,
  0xff,0xff,0xff,0xfd,0xff,0x38,0x01,0xbf,0x02,0xeb,0x00,0x22,0x00,0x5c,0x00,0x00,0x00,0x03,0x01,0x2f,
  0x01,0x59,0x00,0x00,0x00,0x02,0x00,0x4e,0xff,0x3a,0x01,0xe5,0x02,0xa8,0x00,0x19,0x00,0x25,0x00,0x70,
  0x40,0x0c,0x23,0x22,0x0a,0x03,0x05,0x04,0x15,0x01,0x02,0x05,0x02,0x4c,0x4b,0xb0,0x32,0x50,0x58,0x40,
  0x21,0x00,0x00,0x00,0x13,0x4d,0x00,0x04,0x04,0x01,0x61,0x00,0x01,0x01,0x14,0x4d,0x07,0x01,0x05,0x05,
  0x02,0x61,0x00,0x02,0x02,0x12,0x4d,0x06,0x01,0x03,0x03,0x16,0x03,0x4e,0x1b,0x40,0x1f,0x06,0x01,0x03,
  0x02,0x03,0x86,0x00,0x01,0x00,0x04,0x05,0x01,0x04,0x69,0x00,0x00,0x00,0x13,0x4d,0x07,0x01,0x05,0x05,
  0x02,0x61,0x00,0x02,0x02,0x12,0x02,0x4e,0x59,0x40,0x14,0x1a,0x1a,0x00,0x00,0x1a,0x25,0x1a,0x24,0x20,
  0x1e,0x00,0x19,0x00,0x18,0x25,0x24,0x25,0x08,0x07,0x19,0x2b,0x16,0x26,0x35,0x11,0x34,0x36,0x33,0x32,
  0x16,0x15,0x15,0x36,0x33,0x1e,0x02,0x15,0x14,0x06,0x23,0x22,0x27,0x15,0x14,0x06,0x23,0x00,0x35,0x34,
  0x26,0x26,0x23,0x22,0x06,0x07,0x15,0x16,0x33,0x61,0x13,0x13,0x0d,0x0d,0x12,0x46,0x6e,0x35,0x4a,0x25,
  0x64,0x78,0x36,0x46,0x13,0x0c,0x01,0x3e,0x15,0x33,0x29,0x42,0x58,0x14,0x47,0x3b,0xc6,0x13,0x0c,0x03,
  0x2f,0x0e,0x12,0x12,0x0e,0xe5,0x41,0x02,0x3e,0x63,0x38,0x6a,0x9d,0x1b,0xc4,0x0c,0x13,0x01,0x08,0xc7,
  0x23,0x4b,0x35,0x37,0x1d,0xf6,0x20,0x00,0xff,0xff,0xff,0xfd,0xff,0x38,0x01,0xbf,0x02,0xac,0x00,0x22,
  0x00,0x5c,0x00,0x00,0x00,0x03,0x01,0x2c,0x01,0x64,0x00,0x00,0xff,0xff,0x00,0x2e,0xff,0xf2,0x01,0xb6,
  0x02,0x90,0x00,0x22,0x00,0x44,0x00,0x00,0x00,0x03,0x01,0x37,0x01,0xa5,0x00,0x00,0xff,0xff,0x00,0x1b,
  0xff,0xf9,0x02,0x28,0x03,0x73,0x00,0x22,0x00,0x24,0x00,0x00,0x00,0x03,0x01,0x42,0x01,0xcd,0x00,0x00,
  0xff,0xff,0x00,0x2e,0xff,0xf2,0x01,0xc2,0x02,0xd4,0x00,0x22,0x00,0x44,0x00,0x00,0x00,0x03,0x01,0x34,
  0x01,0xc2,0x00,0x00,0x00,0x02,0x00,0x1b,0xff,0x32,0x02,0x69,0x02,0xab,0x00,0x37,0x00,0x3a,0x00,0x63,
  0x40,0x0b,0x3a,0x39,0x18,0x15,0x0d,0x0b,0x06,0x01,0x02,0x01,0x4c,0x4b,0xb0,0x1c,0x50,0x58,0x40,0x1e,
  0x05,0x01,0x04,0x01,0x03,0x01,0x04,0x03,0x80,0x00,0x02,0x02,0x13,0x4d,0x00,0x01,0x01,0x18,0x4d,0x00,
  0x03,0x03,0x00,0x61,0x00,0x00,0x00,0x16,0x00,0x4e,0x1b,0x40,0x1b,0x05,0x01,0x04,0x01,0x03,0x01,0x04,
  0x03,0x80,0x00,0x03,0x00,0x00,0x03,0x00,0x65,0x00,0x02,0x02,0x13,0x4d,0x00,0x01,0x01,0x18,0x01,0x4e,
  0x59,0x40,0x0f,0x00,0x00,0x00,0x37,0x00,0x36,0x34,0x32,0x25,0x23,0x2b,0x24,0x06,0x07,0x18,0x2b,0x04,
  0x16,0x15,0x14,0x06,0x23,0x22,0x26,0x35,0x34,0x36,0x37,0x27,0x27,0x07,0x07,0x06,0x06,0x23,0x22,0x26,
  0x35,0x34,0x37,0x37,0x07,0x06,0x26,0x35,0x34,0x36,0x37,0x37,0x13,0x36,0x36,0x33,0x32,0x16,0x17,0x13,
  0x16,0x15,0x14,0x06,0x07,0x06,0x06,0x15,0x14,0x16,0x33,0x32,0x37,0x36,0x33,0x01,0x37,0x27,0x02,0x5a,
  0x0f,0x40,0x23,0x2d,0x3d,0x2b,0x21,0x03,0x4d,0xf9,0x49,0x03,0x10,0x0a,0x0d,0x11,0x04,0x37,0x0d,0x0e,
  0x13,0x0e,0x0a,0x32,0xa0,0x04,0x12,0x09,0x0a,0x10,0x04,0xd3,0x06,0x0e,0x0f,0x1b,0x21,0x20,0x17,0x20,
  0x15,0x0c,0x0a,0xfe,0x69,0xc8,0x55,0x81,0x0e,0x0a,0x14,0x21,0x3b,0x2c,0x23,0x3f,0x18,0x09,0xe1,0x37,
  0xb8,0x09,0x0b,0x12,0x0e,0x06,0x0b,0x8d,0x03,0x02,0x13,0x0e,0x0b,0x12,0x02,0x0b,0x01,0x99,0x09,0x0b,
  0x0b,0x0a,0xfd,0x9b,0x0f,0x0a,0x0c,0x14,0x0b,0x13,0x27,0x1b,0x16,0x1d,0x12,0x08,0x01,0x8f,0x2b,0xf9,
  0x00,0x02,0x00,0x30,0xff,0x32,0x01,0xf6,0x01,0xfc,0x00,0x29,0x00,0x35,0x00,0xb1,0x40,0x10,0x14,0x01,
  0x05,0x01,0x2c,0x2b,0x02,0x06,0x05,0x06,0x05,0x02,0x00,0x06,0x03,0x4c,0x4b,0xb0,0x1c,0x50,0x58,0x40,
  0x29,0x00,0x03,0x00,0x02,0x00,0x03,0x02,0x80,0x00,0x05,0x05,0x01,0x61,0x00,0x01,0x01,0x14,0x4d,0x08,
  0x01,0x06,0x06,0x00,0x61,0x00,0x00,0x00,0x12,0x4d,0x00,0x02,0x02,0x04,0x61,0x07,0x01,0x04,0x04,0x16,
  0x04,0x4e,0x1b,0x4b,0xb0,0x22,0x50,0x58,0x40,0x26,0x00,0x03,0x00,0x02,0x00,0x03,0x02,0x80,0x00,0x02,
  0x07,0x01,0x04,0x02,0x04,0x65,0x00,0x05,0x05,0x01,0x61,0x00,0x01,0x01,0x14,0x4d,0x08,0x01,0x06,0x06,
  0x00,0x61,0x00,0x00,0x00,0x12,0x00,0x4e,0x1b,0x40,0x24,0x00,0x03,0x00,0x02,0x00,0x03,0x02,0x80,0x00,
  0x01,0x00,0x05,0x06,0x01,0x05,0x69,0x00,0x02,0x07,0x01,0x04,0x02,0x04,0x65,0x08,0x01,0x06,0x06,0x00,
  0x61,0x00,0x00,0x00,0x12,0x00,0x4e,0x59,0x59,0x40,0x15,0x2a,0x2a,0x00,0x00,0x2a,0x35,0x2a,0x34,0x2f,
  0x2d,0x00,0x29,0x00,0x28,0x22,0x2b,0x26,0x28,0x09,0x07,0x1a,0x2b,0x04,0x26,0x35,0x34,0x36,0x37,0x27,
  0x06,0x06,0x23,0x22,0x26,0x26,0x35,0x34,0x36,0x36,0x33,0x32,0x16,0x17,0x11,0x14,0x06,0x07,0x06,0x06,
  0x15,0x14,0x16,0x33,0x32,0x37,0x36,0x33,0x32,0x16,0x15,0x14,0x06,0x06,0x23,0x02,0x37,0x13,0x26,0x23,
  0x22,0x06,0x06,0x15,0x14,0x16,0x33,0x01,0x66,0x3d,0x2a,0x28,0x02,0x1e,0x4a,0x24,0x36,0x56,0x31,0x33,
  0x6b,0x51,0x2f,0x4a,0x20,0x11,0x17,0x19,0x1b,0x20,0x17,0x20,0x1a,0x08,0x08,0x0a,0x0f,0x22,0x30,0x11,
  0x6c,0x50,0x04,0x34,0x25,0x3d,0x50,0x25,0x3d,0x3e,0xce,0x39,0x2d,0x27,0x39,0x1a,0x1f,0x13,0x1a,0x35,
  0x62,0x3f,0x3b,0x87,0x60,0x1a,0x10,0xfe,0x52,0x14,0x18,0x10,0x12,0x23,0x1b,0x17,0x1d,0x16,0x05,0x0f,
  0x09,0x0e,0x19,0x0e,0x01,0x0f,0x38,0x01,0x32,0x13,0x4a,0x6a,0x2e,0x3c,0x5f,0x00,0xff,0xff,0x00,0x30,
  0xff,0xfa,0x02,0x45,0x03,0x7f,0x00,0x22,0x00,0x26,0x00,0x00,0x00,0x03,0x01,0x3e,0x01,0xd1,0x00,0x00,
  0xff,0xff,0x00,0x2e,0xff,0xfa,0x01,0xc9,0x02,0xeb,0x00,0x22,0x00,0x46,0x00,0x00,0x00,0x03,0x01,0x2f,
  0x01,0x86,0x00,0x00,0xff,0xff,0x00,0x30,0xff,0xfa,0x02,0x45,0x03,0x7f,0x00,0x22,0x00,0x26,0x00,0x00,
  0x00,0x03,0x01,0x40,0x01,0xf0,0x00,0x00,0xff,0xff,0x00,0x2e,0xff,0xfa,0x01,0xc9,0x02,0xdf,0x00,0x22,
  0x00,0x46,0x00,0x00,0x00,0x03,0x01,0x32,0x01,0xa4,0x00,0x00,0xff,0xff,0x00,0x30,0xff,0xfa,0x02,0x45,
  0x03,0x7f,0x00,0x22,0x00,0x26,0x00,0x00,0x00,0x03,0x01,0x41,0x01,0xf7,0x00,0x00,0xff,0xff,0x00,0x2e,
  0xff,0xfa,0x01,0xc9,0x02,0xdf,0x00,0x22,0x00,0x46,0x00,0x00,0x00,0x03,0x01,0x33,0x01,0xa4,0x00,0x00,
  0xff,0xff,0x00,0x53,0xff,0xf9,0x02,0x45,0x03,0x7f,0x00,0x22,0x00,0x27,0x00,0x00,0x00,0x03,0x01,0x41,
  0x01,0xda,0x00,0x00,0xff,0xff,0x00,0x2e,0xff,0xf4,0x02,0x51,0x02,0xac,0x00,0x26,0x00,0x47,0x00,0xfa,
  0x01,0x07,0x01,0x31,0x02,0x51,0xff,0xfa,0x00,0x12,0xb1,0x00,0x02,0xb8,0xff,0xfa,0xb0,0x35,0x2b,0xb1,
  0x02,0x01,0xb8,0xff,0xfa,0xb0,0x35,0x2b,0x00,0x02,0x00,0x23,0xff,0xe6,0x02,0x60,0x02,0xa3,0x00,0x19,
  0x00,0x2b,0x00,0xc0,0xb5,0x29,0x01,0x07,0x00,0x01,0x4c,0x4b,0xb0,0x0b,0x50,0x58,0x40,0x21,0x05,0x01,
  0x01,0x06,0x01,0x00,0x07,0x01,0x00,0x69,0x00,0x04,0x04,0x02,0x61,0x00,0x02,0x02,0x17,0x4d,0x09,0x01,
  0x07,0x07,0x03,0x61,0x08,0x01,0x03,0x03,0x18,0x03,0x4e,0x1b,0x4b,0xb0,0x0d,0x50,0x58,0x40,0x21,0x05,
  0x01,0x01,0x06,0x01,0x00,0x07,0x01,0x00,0x69,0x00,0x04,0x04,0x02,0x61,0x00,0x02,0x02,0x17,0x4d,0x09,
  0x01,0x07,0x07,0x03,0x61,0x08,0x01,0x03,0x03,0x12,0x03,0x4e,0x1b,0x4b,0xb0,0x1a,0x50,0x58,0x40,0x21,
  0x05,0x01,0x01,0x06,0x01,0x00,0x07,0x01,0x00,0x69,0x00,0x04,0x04,0x02,0x61,0x00,0x02,0x02,0x17,0x4d,
  0x09,0x01,0x07,0x07,0x03,0x61,0x08,0x01,0x03,0x03,0x18,0x03,0x4e,0x1b,0x40,0x1e,0x05,0x01,0x01,0x06,
  0x01,0x00,0x07,0x01,0x00,0x69,0x09,0x01,0x07,0x08,0x01,0x03,0x07,0x03,0x65,0x00,0x04,0x04,0x02,0x61,
  0x00,0x02,0x02,0x17,0x04,0x4e,0x59,0x59,0x59,0x40,0x18,0x1a,0x1a,0x00,0x00,0x1a,0x2b,0x1a,0x2a,0x28,
  0x26,0x22,0x20,0x1f,0x1e,0x00,0x19,0x00,0x18,0x23,0x24,0x26,0x0a,0x07,0x19,0x2b,0x16,0x26,0x27,0x26,
  0x26,0x35,0x35,0x23,0x22,0x26,0x35,0x34,0x36,0x33,0x33,0x11,0x34,0x36,0x33,0x32,0x16,0x16,0x15,0x14,
  0x06,0x23,0x36,0x36,0x35,0x34,0x26,0x27,0x11,0x33,0x32,0x16,0x15,0x14,0x06,0x23,0x23,0x15,0x16,0x33,
  0xeb,0x33,0x23,0x0b,0x0d,0x3b,0x0c,0x13,0x13,0x0c,0x3b,0x12,0x0e,0x66,0xcb,0x92,0xb7,0x99,0x84,0x8d,
  0xc4,0xa3,0x63,0x0d,0x12,0x12,0x0d,0x63,0x30,0x26,0x1a,0x09,0x08,0x03,0x12,0x0b,0xf9,0x13,0x0c,0x0d,
  0x14,0x01,0x34,0x0d,0x12,0x3d,0xa9,0x96,0xa1,0xa0,0x40,0x81,0x80,0x9e,0x96,0x08,0xfe,0xed,0x13,0x0e,
  0x0c,0x13,0xdf,0x0b,0x00,0x02,0x00,0x2e,0xff,0xfa,0x02,0x15,0x02,0xb2,0x00,0x2b,0x00,0x39,0x00,0x4c,
  0x40,0x49,0x19,0x01,0x08,0x03,0x2c,0x0e,0x02,0x09,0x08,0x0d,0x01,0x01,0x09,0x03,0x4c,0x0a,0x07,0x02,
  0x05,0x04,0x01,0x00,0x03,0x05,0x00,0x69,0x00,0x06,0x06,0x13,0x4d,0x00,0x08,0x08,0x03,0x61,0x00,0x03,
  0x03,0x14,0x4d,0x00,0x09,0x09,0x01,0x61,0x02,0x01,0x01,0x01,0x18,0x01,0x4e,0x00,0x00,0x36,0x34,0x30,
  0x2e,0x00,0x2b,0x00,0x2a,0x23,0x24,0x22,0x25,0x24,0x23,0x24,0x0b,0x07,0x1d,0x2b,0x00,0x16,0x15,0x14,
  0x06,0x23,0x23,0x03,0x14,0x06,0x23,0x22,0x26,0x37,0x37,0x06,0x23,0x22,0x26,0x26,0x35,0x34,0x36,0x33,
  0x32,0x17,0x37,0x23,0x22,0x26,0x35,0x34,0x36,0x33,0x33,0x37,0x34,0x36,0x33,0x32,0x16,0x15,0x07,0x33,
  0x07,0x26,0x26,0x23,0x22,0x06,0x15,0x14,0x16,0x33,0x32,0x36,0x36,0x37,0x02,0x05,0x10,0x10,0x0c,0x2e,
  0x0c,0x13,0x0d,0x0e,0x12,0x01,0x01,0x4f,0x56,0x38,0x4e,0x28,0x6a,0x6d,0x44,0x40,0x02,0x54,0x0c,0x11,
  0x11,0x0c,0x56,0x01,0x14,0x0d,0x0c,0x13,0x01,0x2c,0x71,0x18,0x45,0x24,0x58,0x43,0x36,0x3a,0x2e,0x4c,
  0x2c,0x01,0x02,0x56,0x10,0x0b,0x0b,0x11,0xfd,0xf9,0x0d,0x11,0x15,0x0e,0x27,0x46,0x3e,0x65,0x3b,0x74,
  0x9a,0x22,0x57,0x11,0x0b,0x0b,0x10,0x3b,0x0d,0x14,0x14,0x0e,0x3a,0xcc,0x0d,0x17,0x7c,0x53,0x44,0x65,
  0x24,0x32,0x11,0x00,0x00,0x01,0x00,0x53,0xff,0x37,0x02,0x49,0x02,0x9e,0x00,0x38,0x00,0x7f,0x4b,0xb0,
  0x26,0x50,0x58,0x40,0x31,0x0a,0x01,0x09,0x01,0x08,0x01,0x09,0x08,0x80,0x00,0x04,0x00,0x05,0x06,0x04,
  0x05,0x67,0x00,0x03,0x03,0x02,0x5f,0x00,0x02,0x02,0x11,0x4d,0x00,0x06,0x06,0x01,0x61,0x07,0x01,0x01,
  0x01,0x12,0x4d,0x00,0x08,0x08,0x00,0x61,0x00,0x00,0x00,0x16,0x00,0x4e,0x1b,0x40,0x2e,0x0a,0x01,0x09,
  0x01,0x08,0x01,0x09,0x08,0x80,0x00,0x04,0x00,0x05,0x06,0x04,0x05,0x67,0x00,0x08,0x00,0x00,0x08,0x00,
  0x65,0x00,0x03,0x03,0x02,0x5f,0x00,0x02,0x02,0x11,0x4d,0x00,0x06,0x06,0x01,0x61,0x07,0x01,0x01,0x01,
  0x12,0x01,0x4e,0x59,0x40,0x12,0x00,0x00,0x00,0x38,0x00,0x37,0x27,0x24,0x21,0x24,0x21,0x24,0x35,0x24,
  0x24,0x0b,0x07,0x1f,0x2b,0x04,0x16,0x15,0x14,0x06,0x23,0x26,0x26,0x35,0x34,0x37,0x21,0x22,0x26,0x35,
  0x11,0x34,0x36,0x33,0x21,0x32,0x16,0x15,0x14,0x06,0x23,0x21,0x15,0x21,0x32,0x16,0x15,0x14,0x06,0x23,
  0x21,0x15,0x21,0x32,0x16,0x15,0x14,0x06,0x23,0x23,0x30,0x07,0x06,0x06,0x15,0x14,0x16,0x33,0x32,0x37,
  0x36,0x33,0x02,0x39,0x10,0x47,0x1d,0x2d,0x3c,0x2f,0xfe,0xc9,0x0d,0x14,0x13,0x0e,0x01,0xa7,0x0e,0x12,
  0x13,0x0d,0xfe,0x78,0x01,0x58,0x0e,0x11,0x12,0x0d,0xfe,0xa8,0x01,0x86,0x0e,0x12,0x13,0x0d,0x21,0x02,
  0x27,0x21,0x20,0x18,0x1f,0x1b,0x06,0x0a,0x7c,0x0e,0x0a,0x15,0x20,0x01,0x3a,0x2c,0x33,0x2f,0x14,0x0d,
  0x02,0x5d,0x0d,0x13,0x12,0x0e,0x0d,0x13,0xe1,0x11,0x0e,0x0e,0x13,0xfd,0x12,0x0d,0x0e,0x13,0x02,0x1e,
  0x29,0x19,0x17,0x1d,0x15,0x05,0x00,0x00,0x00,0x02,0x00,0x31,0xff,0x32,0x01,0xd7,0x01,0xed,0x00,0x34,
  0x00,0x3d,0x00,0x7f,0x40,0x0a,0x2c,0x01,0x05,0x06,0x1d,0x01,0x01,0x04,0x02,0x4c,0x4b,0xb0,0x1c,0x50,
  0x58,0x40,0x2c,0x07,0x01,0x05,0x06,0x04,0x06,0x05,0x04,0x80,0x00,0x04,0x01,0x06,0x04,0x01,0x7e,0x00,
  0x01,0x00,0x06,0x01,0x00,0x7e,0x00,0x06,0x06,0x03,0x61,0x00,0x03,0x03,0x14,0x4d,0x00,0x00,0x00,0x02,
  0x62,0x00,0x02,0x02,0x16,0x02,0x4e,0x1b,0x40,0x29,0x07,0x01,0x05,0x06,0x04,0x06,0x05,0x04,0x80,0x00,
  0x04,0x01,0x06,0x04,0x01,0x7e,0x00,0x01,0x00,0x06,0x01,0x00,0x7e,0x00,0x00,0x00,0x02,0x00,0x02,0x66,
  0x00,0x06,0x06,0x03,0x61,0x00,0x03,0x03,0x14,0x06,0x4e,0x59,0x40,0x10,0x00,0x00,0x38,0x36,0x00,0x34,
  0x00,0x33,0x28,0x2c,0x24,0x22,0x2c,0x08,0x07,0x1b,0x2b,0x24,0x16,0x15,0x14,0x07,0x06,0x06,0x07,0x06,
  0x06,0x15,0x14,0x16,0x33,0x32,0x37,0x36,0x33,0x32,0x16,0x15,0x14,0x06,0x23,0x22,0x26,0x35,0x34,0x36,
  0x37,0x2e,0x02,0x35,0x34,0x36,0x36,0x33,0x32,0x16,0x16,0x15,0x14,0x07,0x05,0x16,0x16,0x33,0x32,0x36,
  0x37,0x36,0x33,0x27,0x26,0x23,0x22,0x06,0x06,0x15,0x14,0x17,0x01,0xc6,0x11,0x08,0x10,0x2f,0x28,0x36,
  0x28,0x1f,0x18,0x1e,0x1b,0x06,0x0a,0x09,0x10,0x41,0x20,0x2d,0x3f,0x1f,0x18,0x44,0x64,0x34,0x38,0x67,
  0x42,0x3c,0x55,0x2b,0x18,0xfe,0xca,0x19,0x56,0x39,0x23,0x44,0x16,0x07,0x0d,0x29,0x1c,0x61,0x30,0x4c,
  0x2c,0x02,0x74,0x10,0x0d,0x0b,0x0a,0x12,0x1c,0x13,0x1a,0x2c,0x21,0x17,0x1e,0x15,0x05,0x0e,0x0a,0x14,
  0x21,0x39,0x2d,0x1d,0x36,0x12,0x09,0x42,0x66,0x3c,0x45,0x76,0x48,0x2e,0x40,0x19,0x12,0x0e,0xb1,0x31,
  0x32,0x21,0x18,0x09,0xfb,0x42,0x34,0x5a,0x37,0x13,0x0a,0x00,0xff,0xff,0x00,0x53,0x00,0x00,0x02,0x3b,
  0x03,0x7f,0x00,0x22,0x00,0x28,0x00,0x00,0x00,0x03,0x01,0x41,0x01,0xe7,0x00,0x00,0xff,0xff,0x00,0x2e,
  0xff,0xfa,0x01,0xd4,0x02,0xdf,0x00,0x22,0x00,0x48,0x00,0x00,0x00,0x03,0x01,0x33,0x01,0x9f,0x00,0x00,
  0xff,0xff,0x00,0x30,0xff,0xf9,0x02,0xa7,0x03,0x7f,0x00,0x22,0x00,0x2a,0x00,0x00,0x00,0x03,0x01,0x40,
  0x02,0x03,0x00,0x00,0xff,0xff,0x00,0x2e,0xff,0x44,0x01,0xc5,0x02,0xdf,0x00,0x22,0x00,0x4a,0x00,0x00,
  0x00,0x03,0x01,0x32,0x01,0x9e,0x00,0x00,0xff,0xff,0x00,0x53,0xff,0xfa,0x02,0x80,0x03,0x7f,0x00,0x22,
  0x00,0x2b,0x00,0x00,0x00,0x03,0x01,0x40,0x02,0x03,0x00,0x00,0xff,0xff,0xff,0xd8,0xff,0xf9,0x01,0xd4,
  0x03,0x7f,0x00,0x22,0x00,0x4b,0x00,0x00,0x00,0x03,0x01,0x40,0x01,0x06,0x00,0x00,0xff,0xff,0x00,0x12,
  0xff,0xfa,0x01,0xb7,0x03,0x7f,0x00,0x22,0x00,0x2d,0x00,0x00,0x00,0x03,0x01,0x40,0x01,0xb7,0x00,0x00,
  0xff,0xff,0xff,0xa3,0xff,0x48,0x01,0x0d,0x02,0xe6,0x00,0x22,0x01,0x23,0x00,0x00,0x01,0x07,0x01,0x32,
  0x01,0x0d,0x00,0x07,0x00,0x08,0xb1,0x01,0x01,0xb0,0x07,0xb0,0x35,0x2b,0x00,0x00,0xff,0xff,0x00,0x49,
  0xff,0xf9,0x01,0xe8,0x03,0x7f,0x00,0x22,0x00,0x2f,0x00,0x00,0x00,0x03,0x01,0x3e,0x01,0x00,0x00,0x00,
  0xff,0xff,0x00,0x31,0xff,0xfa,0x00,0xf8,0x03,0x7f,0x00,0x22,0x00,0x4f,0x00,0x00,0x00,0x03,0x01,0x3e,
  0x00,0xe8,0x00,0x00,0xff,0xff,0x00,0x53,0xff,0xf9,0x01,0xe8,0x02,0xb2,0x00,0x22,0x00,0x2f,0x00,0x00,
  0x00,0x03,0x01,0x31,0x01,0xbd,0x00,0x00,0xff,0xff,0x00,0x4e,0xff,0xf4,0x01,0x1a,0x02,0xac,0x00,0x26,
  0x00,0x4f,0x00,0xfa,0x01,0x07,0x01,0x31,0x01,0x1a,0xff,0xfa,0x00,0x12,0xb1,0x00,0x01,0xb8,0xff,0xfa,
  0xb0,0x35,0x2b,0xb1,0x01,0x01,0xb8,0xff,0xfa,0xb0,0x35,0x2b,0x00,0x01,0x00,0x10,0xff,0xf3,0x01,0xe9,
  0x02,0x9d,0x00,0x26,0x00,0x6f,0x4b,0xb0,0x2c,0x50,0x58,0x40,0x09,0x24,0x1b,0x13,0x0a,0x04,0x01,0x03,
  0x01,0x4c,0x1b,0x40,0x0e,0x24,0x1b,0x13,0x0a,0x04,0x01,0x03,0x01,0x4c,0x06,0x05,0x02,0x04,0x49,0x59,
  0x4b,0xb0,0x2c,0x50,0x58,0x40,0x1f,0x00,0x03,0x02,0x01,0x02,0x03,0x01,0x80,0x00,0x01,0x04,0x02,0x01,
  0x04,0x7e,0x00,0x02,0x02,0x11,0x4d,0x00,0x04,0x04,0x00,0x60,0x00,0x00,0x00,0x12,0x00,0x4e,0x1b,0x40,
  0x19,0x00,0x03,0x02,0x01,0x02,0x03,0x01,0x80,0x00,0x01,0x04,0x02,0x01,0x04,0x7e,0x00,0x04,0x04,0x84,
  0x00,0x02,0x02,0x11,0x02,0x4e,0x59,0xb7,0x16,0x25,0x28,0x26,0x15,0x05,0x07,0x1b,0x2b,0x24,0x16,0x15,
  0x14,0x06,0x07,0x05,0x06,0x26,0x35,0x35,0x07,0x06,0x23,0x22,0x26,0x35,0x34,0x37,0x37,0x11,0x34,0x36,
  0x33,0x32,0x16,0x15,0x11,0x37,0x36,0x33,0x32,0x16,0x15,0x14,0x07,0x07,0x15,0x25,0x01,0xd7,0x12,0x12,
  0x0c,0xfe,0xa8,0x0c,0x13,0x13,0x06,0x0b,0x0d,0x13,0x0f,0x35,0x13,0x0d,0x0d,0x13,0x4e,0x08,0x09,0x0d,
  0x14,0x0f,0x71,0x01,0x35,0x4b,0x12,0x0e,0x0c,0x12,0x01,0x18,0x01,0x15,0x0c,0xf3,0x0c,0x05,0x10,0x0f,
  0x12,0x0a,0x22,0x01,0x2b,0x0c,0x13,0x13,0x0c,0xfe,0xfd,0x32,0x05,0x13,0x0e,0x11,0x09,0x47,0xfb,0x15,
  0x00,0x01,0x00,0x0f,0xff,0xfa,0x01,0x11,0x02,0xa9,0x00,0x22,0x00,0x34,0x40,0x31,0x1f,0x17,0x0e,0x06,
  0x02,0x05,0x01,0x03,0x01,0x4c,0x04,0x01,0x03,0x02,0x01,0x02,0x03,0x01,0x80,0x00,0x01,0x00,0x02,0x01,
  0x00,0x7e,0x00,0x02,0x02,0x13,0x4d,0x00,0x00,0x00,0x18,0x00,0x4e,0x00,0x00,0x00,0x22,0x00,0x21,0x28,
  0x25,0x29,0x05,0x07,0x19,0x2b,0x00,0x16,0x15,0x14,0x06,0x07,0x07,0x11,0x14,0x06,0x23,0x22,0x26,0x35,
  0x11,0x07,0x06,0x23,0x22,0x26,0x35,0x34,0x37,0x37,0x11,0x34,0x36,0x33,0x32,0x16,0x15,0x11,0x37,0x36,
  0x33,0x01,0x00,0x11,0x09,0x07,0x58,0x14,0x0c,0x0c,0x13,0x2a,0x0d,0x08,0x0c,0x10,0x0f,0x4c,0x12,0x0d,
  0x0d,0x13,0x37,0x0a,0x09,0x01,0xae,0x0f,0x0d,0x07,0x0f,0x05,0x37,0xfe,0xd6,0x0b,0x11,0x11,0x0b,0x01,
  0x02,0x1a,0x08,0x0f,0x0c,0x11,0x0a,0x30,0x01,0x2f,0x0d,0x11,0x11,0x0d,0xfe,0xf9,0x23,0x07,0x00,0x00,
  0xff,0xff,0x00,0x53,0xff,0xfa,0x02,0x3f,0x03,0x7f,0x00,0x22,0x00,0x31,0x00,0x00,0x00,0x03,0x01,0x3e,
  0x01,0xc4,0x00,0x00,0xff,0xff,0x00,0x4e,0xff,0xfa,0x01,0xe5,0x02,0xeb,0x00,0x22,0x00,0x51,0x00,0x00,
  0x00,0x03,0x01,0x2f,0x01,0x8b,0x00,0x00,0xff,0xff,0x00,0x53,0xff,0xfa,0x02,0x3f,0x03,0x7f,0x00,0x22,
  0x00,0x31,0x00,0x00,0x00,0x03,0x01,0x41,0x01,0xea,0x00,0x00,0xff,0xff,0x00,0x4e,0xff,0xfa,0x01,0xe5,
  0x02,0xdf,0x00,0x22,0x00,0x51,0x00,0x00,0x00,0x03,0x01,0x33,0x01,0xa9,0x00,0x00,0xff,0xff,0x00,0x30,
  0xff,0xfa,0x02,0x53,0x03,0x8c,0x00,0x22,0x00,0x32,0x00,0x00,0x00,0x03,0x01,0x3f,0x02,0x33,0x00,0x00,
  0xff,0xff,0x00,0x2e,0xff,0xfa,0x01,0xe5,0x02,0xea,0x00,0x22,0x00,0x52,0x00,0x00,0x00,0x03,0x01,0x30,
  0x01,0xf9,0x00,0x00,0x00,0x02,0x00,0x2f,0xff,0xfa,0x03,0xfd,0x02,0xa6,0x00,0x2f,0x00,0x3f,0x00,0xc3,
  0x40,0x0a,0x0a,0x01,0x03,0x02,0x2c,0x01,0x05,0x04,0x02,0x4c,0x4b,0xb0,0x22,0x50,0x58,0x40,0x23,0x00,
  0x03,0x00,0x04,0x05,0x03,0x04,0x67,0x08,0x01,0x02,0x02,0x00,0x61,0x01,0x01,0x00,0x00,0x17,0x4d,0x0b,
  0x09,0x02,0x05,0x05,0x06,0x61,0x0a,0x07,0x02,0x06,0x06,0x18,0x06,0x4e,0x1b,0x4b,0xb0,0x2e,0x50,0x58,
  0x40,0x2d,0x00,0x03,0x00,0x04,0x05,0x03,0x04,0x67,0x00,0x08,0x08,0x00,0x61,0x01,0x01,0x00,0x00,0x17,
  0x4d,0x00,0x02,0x02,0x00,0x61,0x01,0x01,0x00,0x00,0x17,0x4d,0x0b,0x09,0x02,0x05,0x05,0x06,0x61,0x0a,
  0x07,0x02,0x06,0x06,0x18,0x06,0x4e,0x1b,0x40,0x38,0x00,0x03,0x00,0x04,0x05,0x03,0x04,0x67,0x00,0x08,
  0x08,0x00,0x61,0x01,0x01,0x00,0x00,0x17,0x4d,0x00,0x02,0x02,0x00,0x61,0x01,0x01,0x00,0x00,0x17,0x4d,
  0x00,0x05,0x05,0x06,0x61,0x0a,0x07,0x02,0x06,0x06,0x18,0x4d,0x0b,0x01,0x09,0x09,0x06,0x61,0x0a,0x07,
  0x02,0x06,0x06,0x18,0x06,0x4e,0x59,0x59,0x40,0x18,0x30,0x30,0x00,0x00,0x30,0x3f,0x30,0x3e,0x38,0x36,
  0x00,0x2f,0x00,0x2e,0x34,0x21,0x24,0x21,0x24,0x35,0x26,0x0c,0x07,0x1d,0x2b,0x16,0x26,0x26,0x35,0x34,
  0x36,0x36,0x33,0x32,0x16,0x17,0x35,0x34,0x36,0x33,0x21,0x32,0x16,0x15,0x14,0x06,0x23,0x21,0x15,0x21,
  0x32,0x16,0x15,0x14,0x06,0x23,0x21,0x11,0x21,0x32,0x16,0x15,0x14,0x06,0x23,0x21,0x22,0x26,0x35,0x35,
  0x06,0x06,0x23,0x3e,0x02,0x35,0x34,0x26,0x26,0x23,0x22,0x06,0x06,0x15,0x14,0x16,0x16,0x33,0xe2,0x72,
  0x41,0x50,0x86,0x4d,0x3a,0x69,0x21,0x13,0x0e,0x01,0xa7,0x0d,0x12,0x12,0x0d,0xfe,0x78,0x01,0x57,0x0e,
  0x12,0x13,0x0d,0xfe,0xa9,0x01,0x86,0x0e,0x11,0x12,0x0d,0xfe,0x5b,0x0d,0x14,0x28,0x7e,0x47,0x45,0x6a,
  0x38,0x33,0x5a,0x38,0x3b,0x67,0x3e,0x31,0x57,0x36,0x06,0x56,0x90,0x55,0x62,0xaa,0x65,0x3e,0x38,0x54,
  0x0d,0x13,0x12,0x0e,0x0d,0x13,0xea,0x12,0x0d,0x0e,0x13,0xff,0x00,0x11,0x0e,0x0e,0x13,0x14,0x0d,0x80,
  0x4a,0x57,0x3b,0x5f,0x8f,0x44,0x42,0x78,0x4a,0x53,0x8f,0x54,0x46,0x75,0x45,0x00,0x00,0x03,0x00,0x30,
  0xff,0xfa,0x03,0x37,0x01,0xde,0x00,0x29,0x00,0x39,0x00,0x43,0x00,0xc3,0x4b,0xb0,0x26,0x50,0x58,0x40,
  0x0a,0x43,0x42,0x26,0x14,0x0a,0x05,0x03,0x06,0x01,0x4c,0x1b,0x40,0x0a,0x43,0x42,0x26,0x14,0x0a,0x05,
  0x03,0x08,0x01,0x4c,0x59,0x4b,0xb0,0x22,0x50,0x58,0x40,0x23,0x00,0x03,0x06,0x02,0x06,0x03,0x02,0x80,
  0x08,0x01,0x06,0x06,0x00,0x61,0x01,0x01,0x00,0x00,0x14,0x4d,0x0a,0x07,0x02,0x02,0x02,0x04,0x61,0x09,
  0x05,0x02,0x04,0x04,0x18,0x04,0x4e,0x1b,0x4b,0xb0,0x26,0x50,0x58,0x40,0x21,0x00,0x03,0x06,0x02,0x06,
  0x03,0x02,0x80,0x01,0x01,0x00,0x08,0x01,0x06,0x03,0x00,0x06,0x69,0x0a,0x07,0x02,0x02,0x02,0x04,0x61,
  0x09,0x05,0x02,0x04,0x04,0x18,0x04,0x4e,0x1b,0x40,0x31,0x00,0x03,0x08,0x02,0x08,0x03,0x02,0x80,0x00,
  0x06,0x08,0x00,0x06,0x59,0x01,0x01,0x00,0x00,0x08,0x03,0x00,0x08,0x69,0x00,0x02,0x02,0x04,0x61,0x09,
  0x05,0x02,0x04,0x04,0x18,0x4d,0x0a,0x01,0x07,0x07,0x04,0x61,0x09,0x05,0x02,0x04,0x04,0x18,0x04,0x4e,
  0x59,0x59,0x40,0x18,0x2a,0x2a,0x00,0x00,0x3d,0x3b,0x2a,0x39,0x2a,0x38,0x32,0x30,0x00,0x29,0x00,0x28,
  0x26,0x23,0x28,0x24,0x26,0x0b,0x07,0x1b,0x2b,0x16,0x26,0x26,0x35,0x34,0x36,0x36,0x33,0x32,0x16,0x17,
  0x36,0x36,0x33,0x32,0x16,0x16,0x15,0x14,0x07,0x05,0x16,0x16,0x33,0x32,0x36,0x37,0x36,0x33,0x32,0x16,
  0x15,0x14,0x07,0x06,0x06,0x23,0x22,0x27,0x06,0x06,0x23,0x3e,0x02,0x35,0x34,0x26,0x26,0x23,0x22,0x06,
  0x06,0x15,0x14,0x16,0x16,0x33,0x00,0x26,0x23,0x22,0x06,0x06,0x07,0x06,0x17,0x25,0xbe,0x5a,0x34,0x3a,
  0x67,0x41,0x37,0x5f,0x17,0x1e,0x67,0x38,0x38,0x51,0x29,0x18,0xfe,0xd3,0x1a,0x55,0x3b,0x1f,0x3f,0x14,
  0x09,0x0b,0x0d,0x11,0x08,0x1b,0x5b,0x2c,0x94,0x43,0x1f,0x67,0x3b,0x2c,0x4b,0x2b,0x25,0x3f,0x26,0x2a,
  0x49,0x2b,0x23,0x3e,0x25,0x01,0xeb,0x36,0x2d,0x2e,0x4c,0x2c,0x01,0x01,0x01,0x01,0x1b,0x06,0x3c,0x65,
  0x3c,0x40,0x7a,0x4d,0x40,0x35,0x39,0x3b,0x2c,0x3e,0x19,0x12,0x0d,0xae,0x2e,0x2a,0x1f,0x17,0x09,0x11,
  0x0d,0x0a,0x0a,0x1f,0x29,0x80,0x3b,0x45,0x35,0x3c,0x5a,0x29,0x37,0x55,0x2e,0x3a,0x5f,0x35,0x31,0x4e,
  0x2c,0x01,0x56,0x1d,0x30,0x55,0x35,0x13,0x0e,0x9c,0x00,0x00,0xff,0xff,0x00,0x53,0xff,0xfa,0x02,0x37,
  0x03,0x7f,0x00,0x22,0x00,0x35,0x00,0x00,0x00,0x03,0x01,0x3e,0x01,0xa4,0x00,0x00,0xff,0xff,0x00,0x4e,
  0xff,0xfa,0x01,0x88,0x02,0xeb,0x00,0x22,0x00,0x55,0x00,0x00,0x00,0x03,0x01,0x2f,0x01,0x42,0x00,0x00,
  0xff,0xff,0x00,0x53,0xff,0xfa,0x02,0x37,0x03,0x7f,0x00,0x22,0x00,0x35,0x00,0x00,0x00,0x03,0x01,0x41,
  0x01,0xca,0x00,0x00,0xff,0xff,0x00,0x32,0xff,0xfa,0x01,0x88,0x02,0xdf,0x00,0x22,0x00,0x55,0x00,0x00,
  0x00,0x03,0x01,0x33,0x01,0x60,0x00,0x00,0xff,0xff,0x00,0x1c,0xff,0xfa,0x01,0xfa,0x03,0x7f,0x00,0x22,
  0x00,0x36,0x00,0x00,0x00,0x03,0x01,0x3e,0x01,0x9e,0x00,0x00,0xff,0xff,0x00,0x17,0xff,0xf8,0x01,0x7b,
  0x02,0xeb,0x00,0x22,0x00,0x56,0x00,0x00,0x00,0x03,0x01,0x2f,0x01,0x49,0x00,0x00,0xff,0xff,0x00,0x1c,
  0xff,0xfa,0x01,0xfa,0x03,0x7f,0x00,0x22,0x00,0x36,0x00,0x00,0x00,0x03,0x01,0x40,0x01,0xbd,0x00,0x00,
  0xff,0xff,0x00,0x17,0xff,0xf8,0x01,0x7b,0x02,0xdf,0x00,0x22,0x00,0x56,0x00,0x00,0x00,0x03,0x01,0x32,
  0x01,0x67,0x00,0x00,0x00,0x01,0x00,0x1c,0xff,0x29,0x01,0xfa,0x02,0xa4,0x00,0x54,0x00,0xaa,0xb5,0x04,
  0x01,0x04,0x00,0x01,0x4c,0x4b,0xb0,0x0f,0x50,0x58,0x40,0x41,0x00,0x0a,0x0b,0x07,0x0b,0x0a,0x07,0x80,
  0x00,0x07,0x08,0x0b,0x07,0x08,0x7e,0x00,0x05,0x04,0x02,0x06,0x05,0x72,0x00,0x02,0x03,0x04,0x02,0x03,
  0x7e,0x00,0x00,0x00,0x04,0x05,0x00,0x04,0x69,0x00,0x03,0x00,0x01,0x03,0x01,0x65,0x00,0x0b,0x0b,0x09,
  0x61,0x00,0x09,0x09,0x17,0x4d,0x00,0x08,0x08,0x06,0x61,0x00,0x06,0x06,0x12,0x06,0x4e,0x1b,0x40,0x42,
  0x00,0x0a,0x0b,0x07,0x0b,0x0a,0x07,0x80,0x00,0x07,0x08,0x0b,0x07,0x08,0x7e,0x00,0x05,0x04,0x02,0x04,
  0x05,0x02,0x80,0x00,0x02,0x03,0x04,0x02,0x03,0x7e,0x00,0x00,0x00,0x04,0x05,0x00,0x04,0x69,0x00,0x03,
  0x00,0x01,0x03,0x01,0x65,0x00,0x0b,0x0b,0x09,0x61,0x00,0x09,0x09,0x17,0x4d,0x00,0x08,0x08,0x06,0x61,
  0x00,0x06,0x06,0x12,0x06,0x4e,0x59,0x40,0x12,0x4c,0x4a,0x46,0x44,0x40,0x3e,0x23,0x26,0x14,0x21,0x24,
  0x23,0x24,0x24,0x25,0x0c,0x07,0x1f,0x2b,0x24,0x06,0x06,0x07,0x07,0x36,0x33,0x32,0x16,0x15,0x14,0x06,
  0x23,0x22,0x26,0x35,0x34,0x36,0x33,0x32,0x17,0x16,0x16,0x33,0x32,0x36,0x35,0x34,0x26,0x23,0x22,0x06,
  0x23,0x22,0x26,0x35,0x34,0x37,0x26,0x26,0x27,0x26,0x35,0x34,0x36,0x33,0x32,0x17,0x16,0x16,0x33,0x32,
  0x36,0x36,0x35,0x34,0x26,0x27,0x26,0x35,0x34,0x36,0x36,0x33,0x32,0x16,0x15,0x14,0x06,0x23,0x22,0x26,
  0x27,0x26,0x26,0x23,0x22,0x06,0x15,0x14,0x16,0x17,0x16,0x16,0x15,0x01,0xfa,0x39,0x60,0x39,0x03,0x09,
  0x0d,0x1f,0x32,0x36,0x28,0x1d,0x31,0x0d,0x09,0x0c,0x0a,0x07,0x10,0x0e,0x13,0x1b,0x1c,0x13,0x0e,0x1a,
  0x06,0x07,0x0b,0x14,0x54,0x76,0x18,0x06,0x14,0x0e,0x19,0x08,0x11,0x63,0x3e,0x31,0x4d,0x2b,0x4c,0x5b,
  0xd1,0x37,0x69,0x46,0x63,0x6e,0x12,0x0d,0x0c,0x11,0x01,0x05,0x51,0x41,0x4e,0x55,0x4f,0x52,0x6c,0x6b,
  0x88,0x55,0x33,0x05,0x24,0x03,0x33,0x23,0x26,0x35,0x1e,0x16,0x0a,0x0d,0x0c,0x09,0x0b,0x1c,0x15,0x13,
  0x1b,0x0e,0x0a,0x08,0x09,0x3a,0x03,0x4c,0x3c,0x0a,0x0a,0x0e,0x13,0x1a,0x2f,0x3b,0x22,0x3a,0x24,0x2e,
  0x44,0x19,0x39,0x81,0x31,0x4c,0x2c,0x4b,0x3f,0x0d,0x13,0x10,0x0b,0x26,0x30,0x3a,0x33,0x2b,0x3c,0x17,
  0x1e,0x61,0x46,0x00,0x00,0x01,0x00,0x17,0xff,0x31,0x01,0x7b,0x01,0xed,0x00,0x57,0x00,0xf6,0x40,0x0e,
  0x4b,0x01,0x09,0x0a,0x29,0x01,0x00,0x07,0x08,0x01,0x04,0x00,0x03,0x4c,0x4b,0xb0,0x0f,0x50,0x58,0x40,
  0x40,0x00,0x09,0x0a,0x06,0x0a,0x09,0x06,0x80,0x00,0x06,0x07,0x0a,0x06,0x07,0x7e,0x00,0x07,0x00,0x00,
  0x07,0x70,0x00,0x05,0x04,0x02,0x04,0x05,0x72,0x00,0x02,0x03,0x04,0x02,0x03,0x7e,0x00,0x00,0x00,0x04,
  0x05,0x00,0x04,0x6a,0x00,0x0a,0x0a,0x08,0x61,0x00,0x08,0x08,0x14,0x4d,0x00,0x03,0x03,0x01,0x61,0x00,
  0x01,0x01,0x16,0x01,0x4e,0x1b,0x4b,0xb0,0x1a,0x50,0x58,0x40,0x41,0x00,0x09,0x0a,0x06,0x0a,0x09,0x06,
  0x80,0x00,0x06,0x07,0x0a,0x06,0x07,0x7e,0x00,0x07,0x00,0x0a,0x07,0x00,0x7e,0x00,0x05,0x04,0x02,0x04,
  0x05,0x72,0x00,0x02,0x03,0x04,0x02,0x03,0x7e,0x00,0x00,0x00,0x04,0x05,0x00,0x04,0x6a,0x00,0x0a,0x0a,
  0x08,0x61,0x00,0x08,0x08,0x14,0x4d,0x00,0x03,0x03,0x01,0x61,0x00,0x01,0x01,0x16,0x01,0x4e,0x1b,0x40,
  0x3e,0x00,0x09,0x0a,0x06,0x0a,0x09,0x06,0x80,0x00,0x06,0x07,0x0a,0x06,0x07,0x7e,0x00,0x07,0x00,0x0a,
  0x07,0x00,0x7e,0x00,0x05,0x04,0x02,0x04,0x05,0x72,0x00,0x02,0x03,0x04,0x02,0x03,0x7e,0x00,0x00,0x00,
  0x04,0x05,0x00,0x04,0x6a,0x00,0x03,0x00,0x01,0x03,0x01,0x65,0x00,0x0a,0x0a,0x08,0x61,0x00,0x08,0x08,
  0x14,0x0a,0x4e,0x59,0x59,0x40,0x10,0x52,0x50,0x49,0x47,0x2b,0x23,0x2a,0x21,0x24,0x23,0x24,0x24,0x29,
  0x0b,0x07,0x1f,0x2b,0x00,0x16,0x16,0x15,0x14,0x06,0x06,0x07,0x07,0x36,0x33,0x32,0x16,0x15,0x14,0x06,
  0x23,0x22,0x26,0x35,0x34,0x36,0x33,0x32,0x17,0x16,0x16,0x33,0x32,0x36,0x35,0x34,0x26,0x23,0x22,0x06,
  0x23,0x22,0x26,0x35,0x34,0x37,0x2e,0x02,0x35,0x34,0x36,0x33,0x32,0x17,0x16,0x16,0x33,0x32,0x36,0x35,
  0x34,0x26,0x26,0x27,0x26,0x26,0x35,0x34,0x36,0x33,0x32,0x16,0x15,0x14,0x06,0x23,0x22,0x26,0x35,0x34,
  0x36,0x35,0x34,0x26,0x23,0x22,0x06,0x15,0x14,0x16,0x17,0x01,0x1c,0x41,0x1d,0x25,0x45,0x2d,0x02,0x09,
  0x0d,0x1f,0x32,0x36,0x28,0x1d,0x31,0x0d,0x09,0x0b,0x0b,0x08,0x0f,0x0e,0x13,0x1b,0x1c,0x13,0x0e,0x1a,
  0x06,0x07,0x0b,0x10,0x34,0x4a,0x27,0x11,0x0d,0x16,0x06,0x0e,0x42,0x30,0x30,0x3e,0x13,0x31,0x2f,0x51,
  0x48,0x59,0x53,0x4b,0x51,0x10,0x0f,0x0d,0x12,0x03,0x30,0x31,0x36,0x3b,0x33,0x3f,0x01,0x07,0x24,0x31,
  0x26,0x23,0x40,0x2c,0x04,0x1a,0x03,0x33,0x22,0x27,0x35,0x1e,0x16,0x0a,0x0d,0x0b,0x0a,0x0b,0x1c,0x15,
  0x13,0x1c,0x0f,0x0b,0x08,0x07,0x32,0x04,0x2f,0x3b,0x15,0x0d,0x11,0x15,0x28,0x2c,0x34,0x24,0x15,0x1d,
  0x1a,0x0e,0x19,0x42,0x36,0x36,0x43,0x3d,0x35,0x18,0x19,0x11,0x0b,0x05,0x0c,0x05,0x1b,0x1f,0x23,0x20,
  0x1f,0x24,0x15,0x00,0xff,0xff,0x00,0x1c,0xff,0xfa,0x01,0xfa,0x03,0x7f,0x00,0x22,0x00,0x36,0x00,0x00,
  0x00,0x03,0x01,0x41,0x01,0xc4,0x00,0x00,0xff,0xff,0x00,0x17,0xff,0xf8,0x01,0x7b,0x02,0xdf,0x00,0x22,
  0x00,0x56,0x00,0x00,0x00,0x03,0x01,0x33,0x01,0x67,0x00,0x00,0xff,0xff,0x00,0x09,0xff,0x35,0x02,0x01,
  0x02,0x9e,0x00,0x22,0x00,0x37,0x00,0x00,0x00,0x03,0x01,0x38,0x01,0x27,0x00,0x00,0xff,0xff,0xff,0xd9,
  0xff,0x34,0x01,0x36,0x02,0x97,0x00,0x22,0x00,0x57,0x00,0x00,0x01,0x07,0x01,0x38,0x00,0xab,0xff,0xff,
  0x00,0x09,0xb1,0x01,0x01,0xb8,0xff,0xff,0xb0,0x35,0x2b,0x00,0xff,0xff,0x00,0x09,0xff,0xfa,0x02,0x01,
  0x03,0x7f,0x00,0x22,0x00,0x37,0x00,0x00,0x00,0x03,0x01,0x41,0x01,0xa6,0x00,0x00,0xff,0xff,0xff,0xd9,
  0xff,0xf3,0x01,0x4a,0x02,0xfe,0x00,0x26,0x00,0x57,0x00,0xfa,0x01,0x07,0x01,0x31,0x01,0x4a,0x00,0x4c,
  0x00,0x11,0xb1,0x00,0x01,0xb8,0xff,0xfa,0xb0,0x35,0x2b,0xb1,0x01,0x01,0xb0,0x4c,0xb0,0x35,0x2b,0x00,
  0xff,0xff,0x00,0x43,0xff,0xfa,0x02,0x70,0x03,0x73,0x00,0x22,0x00,0x38,0x00,0x00,0x00,0x03,0x01,0x42,
  0x01,0xfc,0x00,0x00,0xff,0xff,0x00,0x3f,0xff,0xf7,0x01,0xbe,0x02,0xd4,0x00,0x22,0x00,0x58,0x00,0x00,
  0x00,0x03,0x01,0x34,0x01,0xa0,0x00,0x00,0xff,0xff,0x00,0x43,0xff,0xfa,0x02,0x70,0x03,0xa0,0x00,0x22,
  0x00,0x38,0x00,0x00,0x00,0x03,0x01,0x43,0x01,0xd3,0x00,0x00,0xff,0xff,0x00,0x3f,0xff,0xf7,0x01,0xbe,
  0x02,0xf6,0x00,0x22,0x00,0x58,0x00,0x00,0x00,0x03,0x01,0x35,0x01,0x78,0x00,0x00,0xff,0xff,0x00,0x43,
  0xff,0xfa,0x02,0x70,0x03,0x8c,0x00,0x22,0x00,0x38,0x00,0x00,0x00,0x03,0x01,0x3f,0x02,0x4a,0x00,0x00,
  0xff,0xff,0x00,0x3f,0xff,0xf7,0x01,0xda,0x02,0xea,0x00,0x22,0x00,0x58,0x00,0x00,0x00,0x03,0x01,0x30,
  0x01,0xee,0x00,0x00,0xff,0xff,0x00,0x0c,0xff,0xfa,0x02,0x4a,0x03,0x4d,0x00,0x22,0x00,0x3c,0x00,0x00,
  0x00,0x03,0x01,0x3b,0x01,0xad,0x00,0x00,0xff,0xff,0x00,0x14,0xff,0xff,0x02,0x2c,0x03,0x7f,0x00,0x22,
  0x00,0x3d,0x00,0x00,0x00,0x03,0x01,0x3e,0x01,0xa1,0x00,0x00,0xff,0xff,0x00,0x0b,0xff,0xfb,0x01,0xa5,
  0x02,0xeb,0x00,0x22,0x00,0x5d,0x00,0x00,0x00,0x03,0x01,0x2f,0x01,0x54,0x00,0x00,0xff,0xff,0x00,0x14,
  0xff,0xff,0x02,0x2c,0x03,0x3e,0x00,0x22,0x00,0x3d,0x00,0x00,0x00,0x03,0x01,0x3c,0x01,0x5e,0x00,0x00,
  0xff,0xff,0x00,0x0b,0xff,0xfb,0x01,0xa5,0x02,0xb4,0x00,0x22,0x00,0x5d,0x00,0x00,0x00,0x03,0x01,0x2d,
  0x01,0x13,0x00,0x00,0xff,0xff,0x00,0x14,0xff,0xff,0x02,0x2c,0x03,0x7f,0x00,0x22,0x00,0x3d,0x00,0x00,
  0x00,0x03,0x01,0x41,0x01,0xc7,0x00,0x00,0xff,0xff,0x00,0x0b,0xff,0xfb,0x01,0xa5,0x02,0xdf,0x00,0x22,
  0x00,0x5d,0x00,0x00,0x00,0x03,0x01,0x33,0x01,0x72,0x00,0x00,0x00,0x01,0x00,0x00,0x02,0x36,0x01,0x2e,
  0x02,0xdf,0x00,0x15,0x00,0x27,0xb1,0x06,0x64,0x44,0x40,0x1c,0x12,0x01,0x01,0x00,0x01,0x4c,0x00,0x00,
  0x01,0x00,0x85,0x03,0x02,0x02,0x01,0x01,0x76,0x00,0x00,0x00,0x15,0x00,0x14,0x26,0x26,0x04,0x07,0x18,
  0x2b,0xb1,0x06,0x00,0x44,0x12,0x26,0x35,0x34,0x37,0x37,0x36,0x33,0x32,0x17,0x17,0x16,0x15,0x14,0x06,
  0x23,0x22,0x27,0x27,0x07,0x06,0x23,0x12,0x12,0x0b,0x78,0x09,0x0d,0x0d,0x09,0x75,0x0a,0x11,0x0c,0x0e,
  0x08,0x63,0x67,0x07,0x0c,0x02,0x36,0x11,0x0c,0x0d,0x0b,0x6c,0x08,0x09,0x6c,0x0a,0x0d,0x0b,0x12,0x08,
  0x53,0x55,0x06,0x00,0x00,0x01,0x00,0x00,0x02,0x36,0x01,0x2e,0x02,0xdf,0x00,0x15,0x00,0x27,0xb1,0x06,
  0x64,0x44,0x40,0x1c,0x0a,0x01,0x02,0x00,0x01,0x4c,0x01,0x01,0x00,0x02,0x00,0x85,0x03,0x01,0x02,0x02,
  0x76,0x00,0x00,0x00,0x15,0x00,0x14,0x24,0x26,0x04,0x07,0x18,0x2b,0xb1,0x06,0x00,0x44,0x12,0x27,0x27,
  0x26,0x35,0x34,0x36,0x33,0x32,0x17,0x17,0x37,0x36,0x33,0x32,0x16,0x15,0x14,0x07,0x07,0x06,0x23,0x80,
  0x0a,0x6c,0x0a,0x12,0x0b,0x0e,0x08,0x5c,0x6f,0x07,0x0c,0x0c,0x11,0x0b,0x81,0x09,0x0c,0x02,0x36,0x0a,
  0x6b,0x0a,0x0d,0x0b,0x12,0x08,0x53,0x55,0x06,0x11,0x0c,0x0e,0x0a,0x6c,0x08,0x00,0x00,0x01,0x00,0x00,
  0x02,0x40,0x01,0x41,0x02,0xd4,0x00,0x17,0x00,0x2e,0xb1,0x06,0x64,0x44,0x40,0x23,0x02,0x01,0x00,0x01,
  0x00,0x85,0x00,0x01,0x03,0x03,0x01,0x59,0x00,0x01,0x01,0x03,0x61,0x04,0x01,0x03,0x01,0x03,0x51,0x00,
  0x00,0x00,0x17,0x00,0x16,0x23,0x23,0x25,0x05,0x07,0x19,0x2b,0xb1,0x06,0x00,0x44,0x12,0x26,0x26,0x35,
  0x34,0x36,0x33,0x32,0x17,0x16,0x16,0x33,0x32,0x36,0x37,0x36,0x33,0x32,0x16,0x15,0x14,0x06,0x06,0x23,
  0x69,0x48,0x21,0x10,0x0d,0x14,0x09,0x0c,0x3c,0x1f,0x20,0x39,0x0c,0x0a,0x14,0x0c,0x11,0x24,0x49,0x35,
  0x02,0x40,0x2c,0x37,0x12,0x0d,0x11,0x18,0x1d,0x1d,0x1d,0x1e,0x18,0x12,0x0c,0x12,0x39,0x2b,0x00,0x00,
  0x00,0x01,0x00,0x02,0x02,0x54,0x00,0x70,0x02,0xb4,0x00,0x0b,0x00,0x26,0xb1,0x06,0x64,0x44,0x40,0x1b,
  0x00,0x00,0x01,0x01,0x00,0x59,0x00,0x00,0x00,0x01,0x61,0x02,0x01,0x01,0x00,0x01,0x51,0x00,0x00,0x00,
  0x0b,0x00,0x0a,0x24,0x03,0x07,0x17,0x2b,0xb1,0x06,0x00,0x44,0x12,0x26,0x35,0x34,0x36,0x33,0x32,0x16,
  0x15,0x14,0x06,0x23,0x20,0x1e,0x22,0x18,0x15,0x1f,0x21,0x19,0x02,0x54,0x1a,0x14,0x14,0x1e,0x1a,0x13,
  0x15,0x1e,0x00,0x00,0x00,0x02,0x00,0x00,0x02,0x21,0x00,0xf1,0x02,0xf6,0x00,0x0d,0x00,0x19,0x00,0x38,
  0xb1,0x06,0x64,0x44,0x40,0x2d,0x00,0x00,0x00,0x02,0x03,0x00,0x02,0x69,0x05,0x01,0x03,0x01,0x01,0x03,
  0x59,0x05,0x01,0x03,0x03,0x01,0x61,0x04,0x01,0x01,0x03,0x01,0x51,0x0e,0x0e,0x00,0x00,0x0e,0x19,0x0e,
  0x18,0x14,0x12,0x00,0x0d,0x00,0x0c,0x25,0x06,0x07,0x17,0x2b,0xb1,0x06,0x00,0x44,0x12,0x26,0x35,0x34,
  0x36,0x36,0x33,0x32,0x16,0x15,0x14,0x06,0x06,0x23,0x36,0x36,0x35,0x34,0x26,0x23,0x22,0x06,0x15,0x14,
  0x16,0x33,0x41,0x41,0x26,0x3c,0x21,0x2d,0x41,0x26,0x3c,0x20,0x25,0x28,0x22,0x1b,0x22,0x28,0x22,0x1b,
  0x02,0x21,0x3a,0x2a,0x20,0x34,0x1d,0x3a,0x2a,0x20,0x34,0x1d,0x37,0x22,0x16,0x14,0x1a,0x22,0x16,0x14,
  0x1a,0x00,0x00,0x00,0x00,0x01,0x00,0x00,0xff,0x38,0x00,0xcd,0x00,0x2b,0x00,0x1d,0x00,0x32,0xb1,0x06,
  0x64,0x44,0x40,0x27,0x00,0x00,0x02,0x00,0x85,0x00,0x02,0x01,0x02,0x85,0x00,0x01,0x03,0x03,0x01,0x59,
  0x00,0x01,0x01,0x03,0x62,0x04,0x01,0x03,0x01,0x03,0x52,0x00,0x00,0x00,0x1d,0x00,0x1c,0x22,0x29,0x26,
  0x05,0x07,0x19,0x2b,0xb1,0x06,0x00,0x44,0x16,0x26,0x35,0x34,0x36,0x37,0x36,0x33,0x32,0x16,0x15,0x14,
  0x07,0x06,0x06,0x15,0x14,0x16,0x33,0x32,0x37,0x36,0x33,0x32,0x16,0x15,0x14,0x06,0x06,0x23,0x3c,0x3c,
  0x39,0x28,0x08,0x09,0x09,0x0d,0x1a,0x1b,0x21,0x20,0x18,0x1f,0x1b,0x06,0x0a,0x09,0x10,0x23,0x30,0x10,
  0xc7,0x3a,0x2c,0x2a,0x46,0x18,0x04,0x0f,0x0b,0x0b,0x13,0x13,0x27,0x1b,0x16,0x1d,0x15,0x05,0x0f,0x0a,
  0x0e,0x18,0x0e,0x00,0x00,0x01,0x00,0x03,0x02,0x3b,0x01,0x65,0x02,0xd3,0x00,0x28,0x00,0x84,0xb1,0x06,
  0x64,0x44,0x4b,0xb0,0x1a,0x50,0x58,0xb5,0x22,0x01,0x00,0x02,0x01,0x4c,0x1b,0xb5,0x22,0x01,0x00,0x04,
  0x01,0x4c,0x59,0x4b,0xb0,0x1a,0x50,0x58,0x40,0x22,0x00,0x01,0x03,0x05,0x03,0x01,0x05,0x80,0x04,0x01,
  0x02,0x00,0x00,0x03,0x02,0x00,0x69,0x00,0x03,0x01,0x05,0x03,0x59,0x00,0x03,0x03,0x05,0x61,0x06,0x01,
  0x05,0x03,0x05,0x51,0x1b,0x40,0x29,0x00,0x04,0x02,0x00,0x02,0x04,0x00,0x80,0x00,0x01,0x03,0x05,0x03,
  0x01,0x05,0x80,0x00,0x02,0x00,0x00,0x03,0x02,0x00,0x69,0x00,0x03,0x01,0x05,0x03,0x59,0x00,0x03,0x03,
  0x05,0x61,0x06,0x01,0x05,0x03,0x05,0x51,0x59,0x40,0x0e,0x00,0x00,0x00,0x28,0x00,0x27,0x24,0x24,0x27,
  0x23,0x24,0x07,0x07,0x1b,0x2b,0xb1,0x06,0x00,0x44,0x12,0x26,0x27,0x26,0x26,0x23,0x22,0x06,0x07,0x06,
  0x23,0x22,0x26,0x35,0x34,0x36,0x37,0x36,0x36,0x33,0x32,0x16,0x17,0x16,0x16,0x33,0x32,0x36,0x37,0x36,
  0x36,0x33,0x32,0x16,0x15,0x14,0x06,0x07,0x06,0x06,0x23,0xd8,0x25,0x14,0x12,0x17,0x0b,0x0d,0x1d,0x09,
  0x07,0x13,0x0b,0x10,0x0a,0x05,0x0f,0x32,0x1c,0x1d,0x22,0x16,0x14,0x15,0x0d,0x10,0x18,0x0f,0x03,0x0e,
  0x08,0x0b,0x10,0x09,0x05,0x12,0x32,0x1e,0x02,0x3b,0x1e,0x1c,0x18,0x16,0x22,0x1f,0x13,0x0f,0x0b,0x0a,
  0x18,0x0a,0x1c,0x22,0x1c,0x1c,0x1b,0x15,0x28,0x25,0x08,0x0a,0x0f,0x0a,0x07,0x1d,0x0a,0x20,0x28,0x00,
  0x00,0x02,0x00,0x00,0x02,0x2c,0x01,0x52,0x02,0xea,0x00,0x12,0x00,0x23,0x00,0x5b,0xb1,0x06,0x64,0x44,
  0x4b,0xb0,0x1a,0x50,0x58,0xb5,0x02,0x01,0x01,0x00,0x01,0x4c,0x1b,0xb5,0x02,0x01,0x01,0x02,0x01,0x4c,
  0x59,0x4b,0xb0,0x1a,0x50,0x58,0x40,0x0d,0x02,0x01,0x00,0x01,0x00,0x85,0x05,0x03,0x04,0x03,0x01,0x01,
  0x76,0x1b,0x40,0x11,0x00,0x00,0x02,0x00,0x85,0x00,0x02,0x01,0x02,0x85,0x05,0x03,0x04,0x03,0x01,0x01,
  0x76,0x59,0x40,0x12,0x13,0x13,0x00,0x00,0x13,0x23,0x13,0x22,0x1b,0x19,0x00,0x12,0x00,0x11,0x28,0x06,
  0x07,0x17,0x2b,0xb1,0x06,0x00,0x44,0x12,0x26,0x35,0x34,0x36,0x37,0x37,0x36,0x36,0x33,0x32,0x16,0x17,
  0x14,0x06,0x07,0x07,0x06,0x23,0x16,0x26,0x35,0x34,0x37,0x37,0x36,0x33,0x32,0x16,0x15,0x14,0x06,0x07,
  0x07,0x06,0x23,0x10,0x10,0x04,0x06,0x5e,0x0b,0x10,0x0c,0x0e,0x13,0x01,0x06,0x08,0x6a,0x10,0x0d,0x89,
  0x10,0x0b,0x6a,0x14,0x11,0x0f,0x14,0x07,0x08,0x76,0x0f,0x0c,0x02,0x2d,0x0f,0x0d,0x07,0x0a,0x08,0x72,
  0x0b,0x0b,0x12,0x0f,0x0a,0x0e,0x08,0x6c,0x10,0x01,0x10,0x0d,0x0b,0x0d,0x6c,0x14,0x15,0x0f,0x0a,0x0d,
  0x07,0x66,0x0d,0x00,0x00,0x01,0x00,0x49,0x00,0xd4,0x02,0x0d,0x01,0x12,0x00,0x0d,0x00,0x1e,0x40,0x1b,
  0x00,0x00,0x01,0x01,0x00,0x57,0x00,0x00,0x00,0x01,0x5f,0x02,0x01,0x01,0x00,0x01,0x4f,0x00,0x00,0x00,
  0x0d,0x00,0x0b,0x34,0x03,0x07,0x17,0x2b,0x36,0x26,0x35,0x34,0x36,0x33,0x21,0x32,0x16,0x15,0x14,0x06,
  0x23,0x21,0x5b,0x12,0x12,0x0d,0x01,0x86,0x0e,0x11,0x12,0x0d,0xfe,0x7a,0xd4,0x12,0x0d,0x0e,0x11,0x11,
  0x0e,0x0d,0x12,0x00,0x00,0x01,0x00,0x32,0x00,0xd4,0x03,0x06,0x01,0x12,0x00,0x0d,0x00,0x1e,0x40,0x1b,
  0x00,0x00,0x01,0x01,0x00,0x57,0x00,0x00,0x00,0x01,0x5f,0x02,0x01,0x01,0x00,0x01,0x4f,0x00,0x00,0x00,
  0x0d,0x00,0x0b,0x34,0x03,0x07,0x17,0x2b,0x36,0x26,0x35,0x34,0x36,0x33,0x21,0x32,0x16,0x15,0x14,0x06,
  0x23,0x21,0x44,0x12,0x12,0x0d,0x02,0x96,0x0d,0x12,0x11,0x0e,0xfd,0x6a,0xd4,0x12,0x0d,0x0d,0x12,0x12,
  0x0d,0x0d,0x12,0x00,0x00,0x01,0x00,0x3b,0x02,0x1c,0x00,0x98,0x02,0xcb,0x00,0x14,0x00,0x1e,0x40,0x1b,
  0x0f,0x0c,0x02,0x01,0x00,0x01,0x4c,0x00,0x00,0x01,0x00,0x85,0x02,0x01,0x01,0x01,0x76,0x00,0x00,0x00,
  0x14,0x00,0x13,0x28,0x03,0x07,0x17,0x2b,0x12,0x26,0x35,0x34,0x36,0x37,0x37,0x36,0x36,0x33,0x32,0x16,
  0x15,0x14,0x07,0x07,0x16,0x15,0x14,0x06,0x23,0x50,0x15,0x09,0x0d,0x08,0x0c,0x0c,0x0c,0x0b,0x10,0x03,
  0x17,0x0c,0x1a,0x11,0x02,0x1c,0x16,0x0d,0x0e,0x1a,0x20,0x14,0x1e,0x12,0x0f,0x0a,0x05,0x05,0x3e,0x0c,
  0x12,0x13,0x1d,0x00,0x00,0x01,0x00,0x21,0x02,0x1c,0x00,0x7e,0x02,0xcb,0x00,0x14,0x00,0x1e,0x40,0x1b,
  0x05,0x02,0x02,0x01,0x00,0x01,0x4c,0x00,0x00,0x01,0x00,0x85,0x02,0x01,0x01,0x01,0x76,0x00,0x00,0x00,
  0x14,0x00,0x13,0x29,0x03,0x07,0x17,0x2b,0x12,0x26,0x35,0x34,0x37,0x37,0x26,0x35,0x34,0x36,0x33,0x32,
  0x16,0x15,0x14,0x06,0x07,0x07,0x06,0x06,0x23,0x31,0x10,0x03,0x17,0x0c,0x1a,0x11,0x0f,0x15,0x08,0x0e,
  0x09,0x0b,0x0c,0x0c,0x02,0x1c,0x0f,0x0b,0x04,0x06,0x3d,0x0c,0x12,0x13,0x1d,0x16,0x0d,0x0d,0x1a,0x21,
  0x16,0x1c,0x12,0x00,0x00,0x01,0x00,0x58,0xff,0x9b,0x00,0xb4,0x00,0x4a,0x00,0x14,0x00,0x1e,0x40,0x1b,
  0x05,0x02,0x02,0x01,0x00,0x01,0x4c,0x00,0x00,0x01,0x00,0x85,0x02,0x01,0x01,0x01,0x76,0x00,0x00,0x00,
  0x14,0x00,0x13,0x29,0x03,0x07,0x17,0x2b,0x16,0x26,0x35,0x34,0x37,0x37,0x26,0x35,0x34,0x36,0x33,0x32,
  0x16,0x15,0x14,0x06,0x07,0x07,0x06,0x06,0x23,0x68,0x10,0x02,0x17,0x0b,0x1a,0x11,0x0f,0x14,0x09,0x0c,
  0x0b,0x0a,0x0c,0x0b,0x65,0x0f,0x0b,0x04,0x06,0x3d,0x0f,0x0f,0x13,0x1d,0x16,0x0d,0x0d,0x1d,0x1d,0x1a,
  0x1a,0x11,0x00,0x00,0xff,0xff,0x00,0x2a,0x02,0x16,0x01,0x13,0x02,0xcb,0x00,0x26,0x01,0x0b,0xef,0xfa,
  0x01,0x02,0x01,0x0b,0x7b,0x00,0x00,0x09,0xb1,0x00,0x01,0xb8,0xff,0xfa,0xb0,0x35,0x2b,0x00,0x00,0x00,
  0xff,0xff,0x00,0x21,0x02,0x16,0x01,0x0b,0x02,0xcb,0x00,0x26,0x01,0x0c,0x00,0xfa,0x01,0x03,0x01,0x0c,
  0x00,0x8d,0x00,0x00,0x00,0x09,0xb1,0x00,0x01,0xb8,0xff,0xfa,0xb0,0x35,0x2b,0x00,0x00,0x02,0x00,0x47,
  0xff,0x9b,0x01,0x31,0x00,0x4a,0x00,0x14,0x00,0x29,0x00,0x2b,0x40,0x28,0x1a,0x17,0x05,0x02,0x04,0x01,
  0x00,0x01,0x4c,0x02,0x01,0x00,0x01,0x00,0x85,0x05,0x03,0x04,0x03,0x01,0x01,0x76,0x15,0x15,0x00,0x00,
  0x15,0x29,0x15,0x28,0x20,0x1e,0x00,0x14,0x00,0x13,0x29,0x06,0x07,0x17,0x2b,0x16,0x26,0x35,0x34,0x37,
  0x37,0x26,0x35,0x34,0x36,0x33,0x32,0x16,0x15,0x14,0x06,0x07,0x07,0x06,0x06,0x23,0x32,0x26,0x35,0x34,
  0x37,0x37,0x26,0x35,0x34,0x36,0x33,0x32,0x16,0x15,0x14,0x06,0x07,0x07,0x06,0x06,0x23,0x57,0x10,0x03,
  0x17,0x0c,0x1a,0x11,0x0f,0x15,0x09,0x0d,0x09,0x0b,0x0c,0x0c,0x82,0x10,0x02,0x17,0x0b,0x1a,0x11,0x0f,
  0x15,0x09,0x0d,0x09,0x0b,0x0c,0x0c,0x65,0x0f,0x0b,0x05,0x05,0x3d,0x0e,0x10,0x13,0x1d,0x16,0x0d,0x0d,
  0x1a,0x20,0x16,0x1d,0x12,0x0f,0x0b,0x04,0x06,0x3d,0x0f,0x0f,0x13,0x1d,0x16,0x0d,0x0d,0x1a,0x20,0x16,
  0x1d,0x12,0x00,0x00,0x00,0x01,0x00,0x41,0x00,0x9c,0x00,0xf7,0x01,0x52,0x00,0x0b,0x00,0x1e,0x40,0x1b,
  0x00,0x00,0x01,0x01,0x00,0x59,0x00,0x00,0x00,0x01,0x61,0x02,0x01,0x01,0x00,0x01,0x51,0x00,0x00,0x00,
  0x0b,0x00,0x0a,0x24,0x03,0x07,0x17,0x2b,0x36,0x26,0x35,0x34,0x36,0x33,0x32,0x16,0x15,0x14,0x06,0x23,
  0x77,0x36,0x36,0x25,0x26,0x35,0x35,0x26,0x9c,0x36,0x25,0x26,0x35,0x35,0x26,0x25,0x36,0x00,0x00,0x00,
  0x00,0x03,0x00,0x29,0xff,0xfa,0x02,0x70,0x00,0x53,0x00,0x0b,0x00,0x17,0x00,0x23,0x00,0x2f,0x40,0x2c,
  0x04,0x02,0x02,0x00,0x00,0x01,0x61,0x08,0x05,0x07,0x03,0x06,0x05,0x01,0x01,0x18,0x01,0x4e,0x18,0x18,
  0x0c,0x0c,0x00,0x00,0x18,0x23,0x18,0x22,0x1e,0x1c,0x0c,0x17,0x0c,0x16,0x12,0x10,0x00,0x0b,0x00,0x0a,
  0x24,0x09,0x07,0x17,0x2b,0x16,0x26,0x35,0x34,0x36,0x33,0x32,0x16,0x15,0x14,0x06,0x23,0x32,0x26,0x35,
  0x34,0x36,0x33,0x32,0x16,0x15,0x14,0x06,0x23,0x32,0x26,0x35,0x34,0x36,0x33,0x32,0x16,0x15,0x14,0x06,
  0x23,0x3c,0x13,0x1a,0x11,0x0f,0x14,0x1a,0x11,0xeb,0x13,0x1a,0x11,0x0f,0x15,0x1a,0x12,0xed,0x13,0x1a,
  0x11,0x0f,0x15,0x1a,0x12,0x06,0x17,0x12,0x13,0x1d,0x16,0x11,0x15,0x1d,0x17,0x12,0x13,0x1d,0x17,0x10,
  0x15,0x1d,0x17,0x12,0x13,0x1d,0x17,0x10,0x15,0x1d,0x00,0x00,0x00,0x01,0x00,0x3a,0x00,0x45,0x01,0x29,
  0x01,0xac,0x00,0x15,0x00,0x24,0x40,0x21,0x0f,0x01,0x01,0x00,0x01,0x4c,0x00,0x00,0x01,0x01,0x00,0x59,
  0x00,0x00,0x00,0x01,0x61,0x02,0x01,0x01,0x00,0x01,0x51,0x00,0x00,0x00,0x15,0x00,0x14,0x28,0x03,0x07,
  0x17,0x2b,0x36,0x27,0x27,0x26,0x35,0x34,0x37,0x37,0x36,0x33,0x32,0x16,0x15,0x14,0x07,0x07,0x17,0x16,
  0x15,0x14,0x06,0x23,0xee,0x09,0xa0,0x0b,0x0b,0xb1,0x0a,0x0a,0x0c,0x13,0x0b,0x95,0x87,0x0a,0x13,0x0d,
  0x45,0x08,0x8f,0x09,0x0f,0x0f,0x09,0x98,0x08,0x12,0x0d,0x0f,0x09,0x82,0x78,0x0a,0x0e,0x0d,0x11,0x00,
  0x00,0x01,0x00,0x30,0x00,0x45,0x01,0x1f,0x01,0xac,0x00,0x15,0x00,0x24,0x40,0x21,0x05,0x01,0x01,0x00,
  0x01,0x4c,0x00,0x00,0x01,0x01,0x00,0x59,0x00,0x00,0x00,0x01,0x61,0x02,0x01,0x01,0x00,0x01,0x51,0x00,
  0x00,0x00,0x15,0x00,0x14,0x2a,0x03,0x07,0x17,0x2b,0x36,0x26,0x35,0x34,0x37,0x37,0x27,0x26,0x35,0x34,
  0x36,0x33,0x32,0x17,0x17,0x16,0x15,0x14,0x07,0x07,0x06,0x23,0x53,0x13,0x0a,0x87,0x96,0x0b,0x14,0x0c,
  0x0a,0x0a,0xb1,0x0a,0x0a,0xa0,0x09,0x0d,0x45,0x12,0x0c,0x0f,0x09,0x78,0x82,0x0a,0x0e,0x0d,0x12,0x08,
  0x98,0x09,0x0f,0x0f,0x09,0x8f,0x08,0x00,0x00,0x01,0xff,0x84,0xff,0xf8,0x01,0x1b,0x02,0xae,0x00,0x10,
  0x00,0x4d,0xb6,0x0b,0x02,0x02,0x01,0x00,0x01,0x4c,0x4b,0xb0,0x0b,0x50,0x58,0x40,0x0c,0x00,0x00,0x00,
  0x13,0x4d,0x02,0x01,0x01,0x01,0x18,0x01,0x4e,0x1b,0x4b,0xb0,0x0d,0x50,0x58,0x40,0x0c,0x00,0x00,0x00,
  0x13,0x4d,0x02,0x01,0x01,0x01,0x12,0x01,0x4e,0x1b,0x40,0x0c,0x00,0x00,0x00,0x13,0x4d,0x02,0x01,0x01,
  0x01,0x18,0x01,0x4e,0x59,0x59,0x40,0x0a,0x00,0x00,0x00,0x10,0x00,0x0f,0x27,0x03,0x07,0x17,0x2b,0x06,
  0x26,0x35,0x34,0x37,0x01,0x36,0x36,0x33,0x32,0x16,0x15,0x14,0x07,0x01,0x06,0x23,0x6d,0x0f,0x05,0x01,
  0x62,0x03,0x0d,0x06,0x0b,0x0f,0x07,0xfe,0xa0,0x07,0x0f,0x08,0x0f,0x0a,0x08,0x09,0x02,0x7d,0x07,0x08,
  0x0f,0x09,0x08,0x0e,0xfd,0x85,0x0d,0x00,0x00,0x02,0x00,0x0b,0x01,0xca,0x01,0xc1,0x02,0xaa,0x00,0x16,
  0x00,0x3c,0x00,0x4b,0x40,0x48,0x0e,0x01,0x00,0x01,0x38,0x31,0x2b,0x22,0x19,0x13,0x06,0x03,0x00,0x02,
  0x4c,0x0a,0x08,0x07,0x06,0x09,0x05,0x03,0x00,0x03,0x86,0x05,0x04,0x02,0x01,0x00,0x00,0x01,0x59,0x05,
  0x04,0x02,0x01,0x01,0x00,0x61,0x02,0x01,0x00,0x01,0x00,0x51,0x17,0x17,0x00,0x00,0x17,0x3c,0x17,0x3b,
  0x34,0x33,0x2f,0x2d,0x27,0x25,0x20,0x1e,0x00,0x16,0x00,0x15,0x25,0x25,0x13,0x0b,0x06,0x19,0x2b,0x12,
  0x26,0x35,0x35,0x23,0x22,0x26,0x35,0x34,0x36,0x33,0x33,0x32,0x16,0x15,0x14,0x06,0x23,0x23,0x15,0x14,
  0x06,0x23,0x32,0x26,0x35,0x34,0x37,0x37,0x36,0x36,0x33,0x32,0x17,0x17,0x37,0x36,0x36,0x33,0x32,0x16,
  0x1f,0x02,0x14,0x06,0x23,0x22,0x27,0x27,0x07,0x06,0x23,0x22,0x26,0x27,0x27,0x07,0x06,0x06,0x23,0x5c,
  0x0d,0x2f,0x08,0x0d,0x0d,0x08,0x8e,0x08,0x0c,0x0c,0x08,0x34,0x0d,0x08,0x60,0x0b,0x03,0x29,0x02,0x0b,
  0x07,0x0f,0x06,0x2c,0x32,0x02,0x0b,0x06,0x07,0x0a,0x02,0x2b,0x03,0x0a,0x09,0x11,0x04,0x1e,0x2e,0x05,
  0x0e,0x06,0x0c,0x02,0x28,0x1d,0x02,0x0b,0x07,0x01,0xca,0x0d,0x09,0xa0,0x0c,0x08,0x0a,0x0c,0x0c,0x0a,
  0x08,0x0c,0xa0,0x08,0x0e,0x0c,0x09,0x08,0x0c,0xa7,0x07,0x09,0x10,0x84,0x87,0x06,0x07,0x08,0x06,0xaa,
  0x12,0x09,0x0d,0x11,0x78,0x7b,0x0e,0x09,0x07,0x77,0x76,0x08,0x09,0x00,0x00,0x00,0x00,0x01,0x00,0x36,
  0x00,0xd7,0x01,0x88,0x01,0x13,0x00,0x0d,0x00,0x1e,0x40,0x1b,0x00,0x00,0x01,0x01,0x00,0x57,0x00,0x00,
  0x00,0x01,0x5f,0x02,0x01,0x01,0x00,0x01,0x4f,0x00,0x00,0x00,0x0d,0x00,0x0b,0x34,0x03,0x06,0x17,0x2b,
  0x36,0x26,0x35,0x34,0x36,0x33,0x21,0x32,0x16,0x15,0x14,0x06,0x23,0x21,0x48,0x12,0x12,0x0d,0x01,0x14,
  0x0d,0x12,0x12,0x0d,0xfe,0xec,0xd7,0x11,0x0d,0x0d,0x11,0x11,0x0d,0x0d,0x11,0x00,0xff,0xff,0x00,0x32,
  0xff,0xfa,0x02,0x0f,0x02,0xa7,0x00,0x02,0x00,0x13,0xf0,0x00,0x00,0x01,0x00,0x84,0x00,0x00,0x01,0xde,
  0x02,0xa5,0x00,0x1f,0x00,0x33,0x40,0x30,0x07,0x01,0x01,0x02,0x01,0x4c,0x00,0x02,0x01,0x02,0x85,0x00,
  0x01,0x00,0x01,0x85,0x03,0x01,0x00,0x04,0x04,0x00,0x57,0x03,0x01,0x00,0x00,0x04,0x5f,0x05,0x01,0x04,
  0x00,0x04,0x4f,0x00,0x00,0x00,0x1f,0x00,0x1d,0x23,0x27,0x23,0x24,0x06,0x06,0x1a,0x2b,0x32,0x26,0x35,
  0x34,0x36,0x33,0x33,0x13,0x07,0x06,0x23,0x22,0x26,0x35,0x34,0x37,0x37,0x36,0x36,0x33,0x32,0x16,0x15,
  0x03,0x33,0x32,0x16,0x15,0x14,0x06,0x23,0x21,0x96,0x12,0x12,0x0d,0x7b,0x08,0x5c,0x0a,0x0d,0x0d,0x13,
  0x09,0x93,0x05,0x0d,0x04,0x0f,0x12,0x09,0x5f,0x10,0x12,0x13,0x0d,0xfe,0xe5,0x12,0x0d,0x0d,0x13,0x01,
  0xf9,0x4f,0x0a,0x12,0x0d,0x0e,0x07,0x88,0x04,0x06,0x13,0x0d,0xfd,0xba,0x13,0x0d,0x0d,0x12,0x00,0x00,
  0xff,0xff,0x00,0x58,0x00,0x00,0x01,0xee,0x02,0xa2,0x00,0x02,0x00,0x15,0x1c,0x00,0xff,0xff,0x00,0x48,
  0xff,0xfa,0x01,0xdf,0x02,0xa8,0x00,0x02,0x00,0x16,0x24,0x00,0x00,0x02,0x00,0x4a,0xff,0xfa,0x02,0x05,
  0x02,0xa4,0x00,0x1c,0x00,0x1f,0x00,0xd1,0x4b,0xb0,0x09,0x50,0x58,0xb5,0x1d,0x01,0x02,0x01,0x01,0x4c,
  0x1b,0x4b,0xb0,0x0a,0x50,0x58,0xb5,0x1d,0x01,0x05,0x01,0x01,0x4c,0x1b,0xb5,0x1d,0x01,0x02,0x01,0x01,
  0x4c,0x59,0x59,0x4b,0xb0,0x09,0x50,0x58,0x40,0x1f,0x00,0x01,0x02,0x01,0x85,0x06,0x01,0x04,0x03,0x04,
  0x86,0x05,0x01,0x02,0x00,0x00,0x03,0x02,0x00,0x67,0x05,0x01,0x02,0x02,0x03,0x61,0x00,0x03,0x02,0x03,
  0x51,0x1b,0x4b,0xb0,0x0a,0x50,0x58,0x40,0x23,0x00,0x01,0x05,0x01,0x85,0x06,0x01,0x04,0x03,0x04,0x86,
  0x00,0x02,0x00,0x03,0x02,0x59,0x00,0x05,0x00,0x00,0x03,0x05,0x00,0x67,0x00,0x02,0x02,0x03,0x61,0x00,
  0x03,0x02,0x03,0x51,0x1b,0x4b,0xb0,0x0b,0x50,0x58,0x40,0x1e,0x00,0x01,0x02,0x01,0x85,0x06,0x01,0x04,
  0x00,0x04,0x86,0x05,0x01,0x02,0x00,0x00,0x02,0x59,0x05,0x01,0x02,0x02,0x00,0x61,0x03,0x01,0x00,0x02,
  0x00,0x51,0x1b,0x40,0x1f,0x00,0x01,0x02,0x01,0x85,0x06,0x01,0x04,0x03,0x04,0x86,0x05,0x01,0x02,0x00,
  0x00,0x03,0x02,0x00,0x67,0x05,0x01,0x02,0x02,0x03,0x61,0x00,0x03,0x02,0x03,0x51,0x59,0x59,0x59,0x40,
  0x0f,0x00,0x00,0x1f,0x1e,0x00,0x1c,0x00,0x1b,0x24,0x23,0x26,0x23,0x07,0x06,0x1a,0x2b,0x04,0x26,0x35,
  0x35,0x25,0x22,0x26,0x35,0x34,0x37,0x01,0x36,0x33,0x32,0x16,0x15,0x11,0x17,0x32,0x16,0x15,0x14,0x06,
  0x23,0x27,0x15,0x14,0x06,0x23,0x03,0x03,0x17,0x01,0x87,0x13,0xfe,0xf5,0x0d,0x12,0x05,0x01,0x29,0x0a,
  0x12,0x0e,0x11,0x34,0x0c,0x12,0x12,0x0c,0x34,0x12,0x0d,0x20,0xd3,0xd3,0x06,0x13,0x0c,0x85,0x04,0x13,
  0x0c,0x09,0x08,0x01,0xc2,0x10,0x11,0x0e,0xfe,0x57,0x01,0x12,0x0d,0x0d,0x13,0x01,0x84,0x0c,0x13,0x02,
  0x28,0xfe,0xbe,0x03,0xff,0xff,0x00,0x45,0xff,0xfa,0x01,0xf2,0x02,0x9b,0x00,0x02,0x00,0x18,0x12,0x00,
  0xff,0xff,0x00,0x4d,0xff,0xfa,0x01,0xf1,0x02,0xa3,0x00,0x02,0x00,0x19,0x12,0x00,0x00,0x01,0x00,0x4d,
  0xff,0xfa,0x02,0x0a,0x02,0x95,0x00,0x16,0x00,0x2a,0x40,0x27,0x02,0x01,0x02,0x00,0x01,0x4c,0x03,0x01,
  0x02,0x00,0x02,0x86,0x00,0x01,0x00,0x00,0x01,0x57,0x00,0x01,0x01,0x00,0x5f,0x00,0x00,0x01,0x00,0x4f,
  0x00,0x00,0x00,0x16,0x00,0x15,0x34,0x25,0x04,0x06,0x18,0x2b,0x16,0x26,0x35,0x34,0x37,0x01,0x21,0x22,
  0x26,0x35,0x34,0x36,0x33,0x21,0x32,0x16,0x15,0x14,0x07,0x01,0x06,0x06,0x23,0x99,0x12,0x03,0x01,0x2e,
  0xfe,0xb5,0x0e,0x12,0x13,0x0d,0x01,0x7e,0x0d,0x12,0x05,0xfe,0xbd,0x04,0x10,0x08,0x06,0x13,0x0d,0x06,
  0x07,0x02,0x30,0x12,0x0d,0x0d,0x12,0x13,0x0d,0x0c,0x0a,0xfd,0xac,0x08,0x09,0x00,0xff,0xff,0x00,0x52,
  0xff,0xfa,0x01,0xef,0x02,0xa7,0x00,0x02,0x00,0x1b,0x1f,0x00,0xff,0xff,0x00,0x46,0xff,0xfa,0x01,0xea,
  0x02,0xa3,0x00,0x02,0x00,0x1c,0x16,0x00,0x00,0x01,0x00,0x4d,0xff,0xfa,0x00,0x94,0x01,0xea,0x00,0x0d,
  0x00,0x19,0x40,0x16,0x00,0x00,0x00,0x14,0x4d,0x02,0x01,0x01,0x01,0x18,0x01,0x4e,0x00,0x00,0x00,0x0d,
  0x00,0x0c,0x25,0x03,0x07,0x17,0x2b,0x16,0x26,0x35,0x13,0x34,0x36,0x33,0x32,0x16,0x15,0x03,0x14,0x06,
  0x23,0x61,0x14,0x06,0x14,0x0d,0x0e,0x12,0x06,0x13,0x0d,0x06,0x13,0x0d,0x01,0xb0,0x0d,0x13,0x12,0x0e,
  0xfe,0x50,0x0d,0x13,0x00,0x01,0xff,0xa3,0xff,0x48,0x00,0x9f,0x01,0xf0,0x00,0x1c,0x00,0x28,0x40,0x25,
  0x00,0x00,0x02,0x01,0x02,0x00,0x01,0x80,0x00,0x02,0x02,0x14,0x4d,0x00,0x01,0x01,0x03,0x61,0x04,0x01,
  0x03,0x03,0x16,0x03,0x4e,0x00,0x00,0x00,0x1c,0x00,0x1b,0x26,0x24,0x26,0x05,0x07,0x19,0x2b,0x06,0x26,
  0x27,0x26,0x35,0x34,0x36,0x33,0x32,0x16,0x17,0x16,0x16,0x33,0x32,0x36,0x35,0x27,0x27,0x34,0x36,0x33,
  0x32,0x16,0x15,0x13,0x14,0x06,0x23,0x03,0x47,0x10,0x03,0x12,0x0e,0x0a,0x11,0x03,0x0c,0x20,0x18,0x1a,
  0x22,0x03,0x04,0x12,0x0e,0x0c,0x13,0x06,0x42,0x38,0xb8,0x37,0x2a,0x0c,0x02,0x0c,0x12,0x0c,0x0a,0x20,
  0x1e,0x3d,0x36,0xe9,0xf3,0x0e,0x12,0x13,0x0c,0xfe,0x2b,0x55,0x5f,0x00,0x00,0x00,0x00,0x02,0x00,0x02,
  0x01,0xad,0x01,0x09,0x03,0x33,0x00,0x1c,0x00,0x1f,0x00,0x2e,0x40,0x2b,0x1d,0x01,0x02,0x01,0x01,0x4c,
  0x05,0x01,0x02,0x03,0x01,0x00,0x04,0x02,0x00,0x69,0x00,0x01,0x01,0x21,0x4d,0x06,0x01,0x04,0x04,0x22,
  0x04,0x4e,0x00,0x00,0x1f,0x1e,0x00,0x1c,0x00,0x1b,0x24,0x23,0x26,0x23,0x07,0x08,0x1a,0x2b,0x12,0x26,
  0x35,0x35,0x27,0x22,0x26,0x35,0x34,0x37,0x37,0x36,0x33,0x32,0x16,0x15,0x15,0x33,0x32,0x16,0x15,0x14,
  0x06,0x23,0x23,0x15,0x14,0x06,0x23,0x03,0x07,0x17,0xbc,0x10,0x8e,0x0d,0x0f,0x07,0xa6,0x08,0x0f,0x0b,
  0x10,0x0d,0x0c,0x0f,0x11,0x0b,0x0c,0x10,0x0a,0x1b,0x65,0x65,0x01,0xad,0x11,0x0b,0x3f,0x02,0x0e,0x09,
  0x0c,0x08,0xf1,0x0d,0x0f,0x0c,0xde,0x0f,0x0a,0x0a,0x0f,0x3f,0x0b,0x11,0x01,0x1e,0x8f,0x02,0x00,0x00,
  0x00,0x01,0x00,0x31,0x00,0xd6,0x01,0x61,0x01,0x12,0x00,0x0d,0x00,0x1e,0x40,0x1b,0x00,0x00,0x01,0x01,
  0x00,0x57,0x00,0x00,0x00,0x01,0x5f,0x02,0x01,0x01,0x00,0x01,0x4f,0x00,0x00,0x00,0x0d,0x00,0x0b,0x34,
  0x03,0x07,0x17,0x2b,0x36,0x26,0x35,0x34,0x36,0x33,0x33,0x32,0x16,0x15,0x14,0x06,0x23,0x23,0x44,0x13,
  0x13,0x0c,0xf3,0x0d,0x11,0x11,0x0d,0xf3,0xd6,0x12,0x0c,0x0c,0x12,0x11,0x0d,0x0c,0x12,0x00,0x00,0x00,
  0xff,0xff,0x00,0x3a,0x00,0x3f,0x02,0x02,0x01,0xac,0x00,0x26,0x01,0x13,0x00,0xfa,0x01,0x03,0x01,0x13,
  0x00,0xd9,0x00,0x00,0x00,0x09,0xb1,0x00,0x01,0xb8,0xff,0xfa,0xb0,0x35,0x2b,0x00,0xff,0xff,0x00,0x30,
  0x00,0x3f,0x01,0xf4,0x01,0xac,0x00,0x26,0x01,0x14,0x00,0xfa,0x01,0x03,0x01,0x14,0x00,0xd5,0x00,0x00,
  0x00,0x09,0xb1,0x00,0x01,0xb8,0xff,0xfa,0xb0,0x35,0x2b,0x00,0x00,0x01,0x00,0x3d,0xff,0xfa,0x02,0x57,
  0x02,0xaa,0x00,0x4b,0x00,0x57,0x40,0x54,0x00,0x05,0x06,0x03,0x06,0x05,0x03,0x80,0x00,0x0c,0x00,0x0b,
  0x00,0x0c,0x0b,0x80,0x07,0x01,0x03,0x08,0x01,0x02,0x01,0x03,0x02,0x69,0x09,0x01,0x01,0x0a,0x01,0x00,
  0x0c,0x01,0x00,0x69,0x00,0x06,0x06,0x04,0x61,0x00,0x04,0x04,0x13,0x4d,0x00,0x0b,0x0b,0x0d,0x61,0x0e,
  0x01,0x0d,0x0d,0x18,0x0d,0x4e,0x00,0x00,0x00,0x4b,0x00,0x4a,0x44,0x42,0x40,0x3e,0x3b,0x39,0x35,0x33,
  0x24,0x23,0x22,0x26,0x23,0x24,0x22,0x24,0x23,0x0f,0x07,0x1f,0x2b,0x04,0x26,0x26,0x27,0x23,0x22,0x26,
  0x35,0x34,0x36,0x33,0x33,0x36,0x37,0x23,0x22,0x26,0x35,0x34,0x36,0x33,0x33,0x3e,0x02,0x33,0x32,0x16,
  0x17,0x16,0x15,0x14,0x06,0x23,0x22,0x27,0x26,0x23,0x22,0x06,0x06,0x07,0x33,0x32,0x16,0x15,0x14,0x06,
  0x23,0x23,0x06,0x07,0x17,0x32,0x16,0x15,0x14,0x06,0x23,0x23,0x1e,0x02,0x33,0x32,0x37,0x36,0x33,0x32,
  0x16,0x15,0x14,0x06,0x07,0x06,0x23,0x01,0x5c,0x7f,0x4f,0x03,0x2f,0x0d,0x12,0x12,0x0d,0x2d,0x01,0x07,
  0x35,0x0d,0x12,0x12,0x0d,0x47,0x0d,0x49,0x71,0x44,0x2e,0x4e,0x23,0x0a,0x11,0x0c,0x0b,0x0d,0x2f,0x49,
  0x2a,0x50,0x3e,0x0f,0xb8,0x0e,0x13,0x13,0x0e,0xcd,0x06,0x04,0xd7,0x0e,0x13,0x13,0x0e,0xd4,0x07,0x49,
  0x5f,0x28,0x3f,0x30,0x0e,0x03,0x0d,0x11,0x0a,0x08,0x41,0x47,0x06,0x49,0x76,0x40,0x12,0x0d,0x0d,0x13,
  0x12,0x2e,0x13,0x0d,0x0d,0x12,0x2d,0x71,0x55,0x1b,0x1d,0x09,0x0f,0x0b,0x12,0x0b,0x25,0x39,0x55,0x28,
  0x12,0x0d,0x0d,0x13,0x1c,0x24,0x01,0x12,0x0d,0x0d,0x13,0x3c,0x58,0x2d,0x18,0x04,0x11,0x0d,0x09,0x10,
  0x03,0x1f,0x00,0x00,0x00,0x01,0x00,0x32,0xff,0x41,0x01,0x58,0x02,0xea,0x00,0x12,0x00,0x1e,0x40,0x1b,
  0x0b,0x02,0x02,0x01,0x00,0x01,0x4c,0x00,0x00,0x01,0x00,0x85,0x02,0x01,0x01,0x01,0x76,0x00,0x00,0x00,
  0x12,0x00,0x11,0x27,0x03,0x06,0x17,0x2b,0x16,0x26,0x35,0x34,0x37,0x13,0x36,0x36,0x33,0x32,0x16,0x15,
  0x14,0x06,0x07,0x03,0x06,0x06,0x23,0x41,0x0f,0x04,0xf3,0x01,0x0e,0x07,0x0b,0x0e,0x05,0x01,0xf2,0x01,
  0x0d,0x06,0xbf,0x0d,0x0a,0x04,0x0c,0x03,0x74,0x06,0x08,0x0e,0x09,0x04,0x0f,0x03,0xfc,0x8f,0x05,0x06,
  0x00,0x01,0x00,0x42,0xff,0x48,0x01,0xc0,0x01,0xee,0x00,0x38,0x00,0x33,0x40,0x30,0x0a,0x01,0x04,0x03,
  0x0f,0x01,0x00,0x04,0x02,0x4c,0x06,0x05,0x02,0x03,0x03,0x14,0x4d,0x00,0x04,0x04,0x00,0x61,0x01,0x01,
  0x00,0x00,0x18,0x4d,0x00,0x02,0x02,0x16,0x02,0x4e,0x00,0x00,0x00,0x38,0x00,0x37,0x2a,0x2b,0x27,0x25,
  0x25,0x07,0x07,0x1b,0x2b,0x00,0x16,0x15,0x11,0x14,0x06,0x23,0x22,0x26,0x35,0x35,0x06,0x06,0x23,0x22,
  0x27,0x16,0x17,0x16,0x15,0x14,0x06,0x23,0x22,0x26,0x27,0x26,0x26,0x27,0x35,0x34,0x36,0x37,0x36,0x36,
  0x33,0x32,0x16,0x15,0x14,0x07,0x06,0x06,0x15,0x14,0x16,0x16,0x33,0x32,0x36,0x37,0x36,0x35,0x13,0x34,
  0x36,0x33,0x01,0xae,0x12,0x14,0x0d,0x0f,0x14,0x15,0x5a,0x33,0x33,0x1f,0x04,0x0c,0x07,0x10,0x0e,0x0b,
  0x12,0x02,0x0c,0x11,0x03,0x06,0x05,0x03,0x0e,0x0d,0x0d,0x12,0x03,0x01,0x08,0x14,0x29,0x23,0x2a,0x59,
  0x13,0x0c,0x05,0x11,0x0c,0x01,0xee,0x10,0x0c,0xfe,0x47,0x0c,0x13,0x14,0x0f,0x26,0x1e,0x2e,0x1b,0x2d,
  0x48,0x31,0x07,0x0c,0x11,0x0e,0x0b,0x4d,0xdd,0x59,0x1e,0x33,0x73,0x21,0x15,0x10,0x10,0x0c,0x0c,0x18,
  0x07,0x60,0x47,0x56,0x5a,0x21,0x2f,0x16,0x0e,0x23,0x01,0x2d,0x0c,0x10,0x00,0x00,0xff,0xff,0xfe,0xf7,
  0x02,0x4d,0x00,0x00,0x02,0xac,0x01,0x07,0x00,0x69,0xfe,0xf7,0xff,0xec,0x00,0x09,0xb1,0x00,0x02,0xb8,
  0xff,0xec,0xb0,0x35,0x2b,0x00,0x00,0x00,0xff,0xff,0xff,0x92,0x02,0x54,0x00,0x00,0x02,0xb4,0x00,0x02,
  0x01,0x04,0x90,0x00,0xff,0xff,0xff,0x4b,0x02,0x29,0x00,0x00,0x02,0xeb,0x00,0x03,0x00,0x43,0xff,0x4b,
  0x00,0x00,0x00,0x00,0xff,0xff,0xff,0x4b,0x02,0x29,0x00,0x00,0x02,0xeb,0x00,0x03,0x00,0x73,0xff,0x4b,
  0x00,0x00,0x00,0x00,0xff,0xff,0xfe,0x9a,0x02,0x2c,0xff,0xec,0x02,0xea,0x00,0x03,0x01,0x08,0xfe,0x9a,
  0x00,0x00,0x00,0x00,0x00,0x01,0xff,0xa4,0x02,0x03,0x00,0x00,0x02,0xb2,0x00,0x14,0x00,0x20,0x40,0x1d,
  0x05,0x02,0x02,0x01,0x00,0x01,0x4c,0x02,0x01,0x01,0x00,0x01,0x86,0x00,0x00,0x00,0x13,0x00,0x4e,0x00,
  0x00,0x00,0x14,0x00,0x13,0x29,0x03,0x07,0x17,0x2b,0x02,0x26,0x35,0x34,0x37,0x37,0x26,0x35,0x34,0x36,
  0x33,0x32,0x16,0x15,0x14,0x06,0x07,0x07,0x06,0x06,0x23,0x4c,0x10,0x02,0x17,0x0b,0x1a,0x11,0x0f,0x14,
  0x09,0x0c,0x0a,0x0b,0x0c,0x0b,0x02,0x03,0x0f,0x0a,0x04,0x06,0x3d,0x0f,0x10,0x13,0x1d,0x16,0x0e,0x0d,
  0x1d,0x1d,0x19,0x1a,0x11,0x00,0x00,0x00,0xff,0xff,0xfe,0xd2,0x02,0x36,0x00,0x00,0x02,0xdf,0x00,0x03,
  0x01,0x01,0xfe,0xd2,0x00,0x00,0x00,0x00,0xff,0xff,0xfe,0xd2,0x02,0x36,0x00,0x00,0x02,0xdf,0x00,0x03,
  0x01,0x02,0xfe,0xd2,0x00,0x00,0x00,0x00,0xff,0xff,0xfe,0xbf,0x02,0x40,0x00,0x00,0x02,0xd4,0x00,0x03,
  0x01,0x03,0xfe,0xbf,0x00,0x00,0x00,0x00,0xff,0xff,0xff,0x0f,0x02,0x21,0x00,0x00,0x02,0xf6,0x00,0x03,
  0x01,0x05,0xff,0x0f,0x00,0x00,0x00,0x00,0xff,0xff,0xfe,0x9b,0x02,0x31,0xff,0xfd,0x02,0xc9,0x01,0x07,
  0x01,0x07,0xfe,0x98,0xff,0xf6,0x00,0x09,0xb1,0x00,0x01,0xb8,0xff,0xf6,0xb0,0x35,0x2b,0x00,0x00,0x00,
  0xff,0xff,0xfe,0xf9,0x02,0x56,0x00,0x00,0x02,0x90,0x00,0x03,0x00,0x6e,0xfe,0xf9,0x00,0x00,0x00,0x00,
  0x00,0x01,0xff,0xa4,0xff,0x35,0x00,0x00,0xff,0xe4,0x00,0x14,0x00,0x26,0xb1,0x06,0x64,0x44,0x40,0x1b,
  0x05,0x02,0x02,0x01,0x00,0x01,0x4c,0x00,0x00,0x01,0x00,0x85,0x02,0x01,0x01,0x01,0x76,0x00,0x00,0x00,
  0x14,0x00,0x13,0x29,0x03,0x07,0x17,0x2b,0xb1,0x06,0x00,0x44,0x06,0x26,0x35,0x34,0x37,0x37,0x26,0x35,
  0x34,0x36,0x33,0x32,0x16,0x15,0x14,0x06,0x07,0x07,0x06,0x06,0x23,0x4c,0x10,0x02,0x17,0x0b,0x1a,0x11,
  0x0f,0x14,0x09,0x0c,0x0a,0x0b,0x0c,0x0b,0xcb,0x0f,0x0a,0x04,0x06,0x3d,0x0f,0x10,0x13,0x1d,0x16,0x0e,
  0x0d,0x1d,0x1d,0x19,0x1a,0x11,0x00,0x00,0xff,0xff,0xff,0x54,0xff,0x31,0x00,0x00,0x00,0x24,0x00,0x03,
  0x00,0x76,0xff,0x54,0x00,0x00,0x00,0x00,0xff,0xff,0xff,0x33,0xff,0x38,0x00,0x00,0x00,0x2b,0x00,0x03,
  0x01,0x06,0xff,0x33,0x00,0x00,0x00,0x00,0xff,0xff,0xfe,0xf7,0x02,0xee,0x00,0x00,0x03,0x4d,0x01,0x07,
  0x00,0x69,0xfe,0xf7,0x00,0x8d,0x00,0x08,0xb1,0x00,0x02,0xb0,0x8d,0xb0,0x35,0x2b,0xff,0xff,0xff,0x92,
  0x02,0xde,0x00,0x00,0x03,0x3e,0x01,0x07,0x01,0x04,0xff,0x90,0x00,0x8a,0x00,0x08,0xb1,0x00,0x01,0xb0,
  0x8a,0xb0,0x35,0x2b,0x00,0x01,0xff,0x38,0x02,0xd8,0x00,0x01,0x03,0x7f,0x00,0x0f,0x00,0x17,0x40,0x14,
  0x00,0x00,0x01,0x00,0x85,0x02,0x01,0x01,0x01,0x76,0x00,0x00,0x00,0x0f,0x00,0x0e,0x26,0x03,0x07,0x17,
  0x2b,0x02,0x27,0x27,0x26,0x35,0x34,0x36,0x33,0x32,0x17,0x17,0x16,0x15,0x14,0x06,0x23,0x28,0x0e,0x86,
  0x0c,0x15,0x10,0x0e,0x11,0x7b,0x0a,0x13,0x0b,0x02,0xd8,0x0b,0x5b,0x09,0x11,0x11,0x16,0x0f,0x65,0x07,
  0x0e,0x0c,0x12,0x00,0x00,0x01,0xff,0x49,0x02,0xd8,0x00,0x10,0x03,0x7f,0x00,0x10,0x00,0x17,0x40,0x14,
  0x00,0x00,0x01,0x00,0x85,0x02,0x01,0x01,0x01,0x76,0x00,0x00,0x00,0x10,0x00,0x0f,0x27,0x03,0x07,0x17,
  0x2b,0x02,0x26,0x35,0x34,0x37,0x37,0x36,0x36,0x33,0x32,0x16,0x15,0x14,0x07,0x07,0x06,0x23,0xa6,0x11,
  0x08,0x7b,0x0a,0x0d,0x08,0x10,0x15,0x0b,0x87,0x10,0x08,0x02,0xd8,0x12,0x0c,0x0e,0x07,0x65,0x07,0x08,
  0x16,0x11,0x12,0x08,0x5c,0x0a,0x00,0x00,0x00,0x02,0xfe,0x9a,0x02,0xdb,0x00,0x00,0x03,0x8c,0x00,0x0f,
  0x00,0x1f,0x00,0x3e,0x4b,0xb0,0x1a,0x50,0x58,0x40,0x0d,0x02,0x01,0x00,0x01,0x00,0x85,0x05,0x03,0x04,
  0x03,0x01,0x01,0x76,0x1b,0x40,0x11,0x00,0x00,0x02,0x00,0x85,0x00,0x02,0x01,0x02,0x85,0x05,0x03,0x04,
  0x03,0x01,0x01,0x76,0x59,0x40,0x12,0x10,0x10,0x00,0x00,0x10,0x1f,0x10,0x1e,0x18,0x16,0x00,0x0f,0x00,
  0x0e,0x26,0x06,0x07,0x17,0x2b,0x00,0x26,0x35,0x34,0x37,0x37,0x36,0x33,0x32,0x16,0x15,0x14,0x07,0x07,
  0x06,0x23,0x16,0x26,0x35,0x34,0x37,0x37,0x36,0x33,0x32,0x16,0x15,0x14,0x07,0x07,0x06,0x23,0xfe,0xac,
  0x12,0x0c,0x6d,0x13,0x10,0x0f,0x14,0x0e,0x79,0x0e,0x0d,0x93,0x12,0x08,0x7c,0x12,0x0d,0x10,0x15,0x0b,
  0x88,0x10,0x07,0x02,0xdc,0x10,0x0b,0x0f,0x0c,0x67,0x13,0x15,0x0e,0x14,0x0b,0x61,0x0d,0x01,0x12,0x0d,
  0x0e,0x05,0x66,0x10,0x17,0x11,0x12,0x07,0x5d,0x0a,0x00,0x00,0xff,0xff,0xfe,0xd2,0x02,0xd6,0x00,0x00,
  0x03,0x7f,0x01,0x07,0x01,0x01,0xfe,0xd2,0x00,0xa0,0x00,0x08,0xb1,0x00,0x01,0xb0,0xa0,0xb0,0x35,0x2b,
  0xff,0xff,0xfe,0xd2,0x02,0xd6,0x00,0x00,0x03,0x7f,0x01,0x07,0x01,0x02,0xfe,0xd2,0x00,0xa0,0x00,0x08,
  0xb1,0x00,0x01,0xb0,0xa0,0xb0,0x35,0x2b,0xff,0xff,0xfe,0xbf,0x02,0xdf,0x00,0x00,0x03,0x73,0x01,0x07,
  0x01,0x03,0xfe,0xbf,0x00,0x9f,0x00,0x08,0xb1,0x00,0x01,0xb0,0x9f,0xb0,0x35,0x2b,0xff,0xff,0xff,0x0f,
  0x02,0xcb,0x00,0x00,0x03,0xa0,0x01,0x07,0x01,0x05,0xff,0x0f,0x00,0xaa,0x00,0x08,0xb1,0x00,0x02,0xb0,
  0xaa,0xb0,0x35,0x2b,0xff,0xff,0xfe,0x9b,0x02,0xd4,0xff,0xfd,0x03,0x6c,0x01,0x07,0x01,0x07,0xfe,0x98,
  0x00,0x99,0x00,0x08,0xb1,0x00,0x01,0xb0,0x99,0xb0,0x35,0x2b,0xff,0xff,0xfe,0xf9,0x02,0xf8,0x00,0x00,
  0x03,0x32,0x01,0x07,0x00,0x6e,0xfe,0xf9,0x00,0xa2,0x00,0x08,0xb1,0x00,0x01,0xb0,0xa2,0xb0,0x35,0x2b,
  0xff,0xff,0xff,0x54,0xff,0x29,0x00,0x00,0x00,0x1c,0x01,0x07,0x00,0x76,0xff,0x54,0xff,0xf8,0x00,0x09,
  0xb1,0x00,0x01,0xb8,0xff,0xf8,0xb0,0x35,0x2b,0x00,0x00,0x00,0x00,0x01,0xff,0x33,0xff,0x38,0x00,0x01,
  0x00,0x35,0x00,0x1c,0x00,0x52,0xb5,0x09,0x01,0x02,0x00,0x01,0x4c,0x4b,0xb0,0x2a,0x50,0x58,0x40,0x16,
  0x00,0x00,0x02,0x00,0x85,0x00,0x02,0x01,0x02,0x85,0x00,0x01,0x01,0x03,0x62,0x04,0x01,0x03,0x03,0x16,
  0x03,0x4e,0x1b,0x40,0x1b,0x00,0x00,0x02,0x00,0x85,0x00,0x02,0x01,0x02,0x85,0x00,0x01,0x03,0x03,0x01,
  0x59,0x00,0x01,0x01,0x03,0x62,0x04,0x01,0x03,0x01,0x03,0x52,0x59,0x40,0x0c,0x00,0x00,0x00,0x1c,0x00,
  0x1b,0x22,0x2a,0x25,0x05,0x07,0x19,0x2b,0x06,0x26,0x35,0x34,0x37,0x36,0x33,0x32,0x16,0x15,0x14,0x06,
  0x07,0x06,0x06,0x15,0x14,0x16,0x33,0x32,0x37,0x36,0x33,0x32,0x16,0x15,0x14,0x06,0x23,0x91,0x3c,0x66,
  0x0e,0x08,0x09,0x0d,0x0b,0x0d,0x27,0x21,0x20,0x18,0x1f,0x1b,0x06,0x0a,0x09,0x11,0x48,0x1d,0xc7,0x3a,
  0x2c,0x4c,0x41,0x09,0x0e,0x0a,0x07,0x0d,0x0a,0x1e,0x29,0x19,0x17,0x1d,0x15,0x05,0x0f,0x09,0x15,0x20,
  0x00,0x00,0x00,0x19,0x01,0x32,0x00,0x01,0x00,0x00,0x00,0x00,0x00,0x00,0x00,0x56,0x00,0x00,0x00,0x01,
  0x00,0x00,0x00,0x00,0x00,0x01,0x00,0x0a,0x00,0x56,0x00,0x01,0x00,0x00,0x00,0x00,0x00,0x02,0x00,0x07,
  0x00,0x60,0x00,0x01,0x00,0x00,0x00,0x00,0x00,0x04,0x00,0x12,0x00,0x67,0x00,0x01,0x00,0x00,0x00,0x00,
  0x00,0x05,0x00,0x0d,0x00,0x79,0x00,0x01,0x00,0x00,0x00,0x00,0x00,0x06,0x00,0x11,0x00,0x86,0x00,0x01,
  0x00,0x00,0x00,0x00,0x00,0x08,0x00,0x0e,0x00,0x97,0x00,0x01,0x00,0x00,0x00,0x00,0x00,0x09,0x00,0x0e,
  0x00,0xa5,0x00,0x01,0x00,0x00,0x00,0x00,0x00,0x0b,0x00,0x18,0x00,0xb3,0x00,0x01,0x00,0x00,0x00,0x00,
  0x00,0x0c,0x00,0x1c,0x00,0xcb,0x00,0x01,0x00,0x00,0x00,0x00,0x00,0x0d,0x00,0x91,0x00,0xe7,0x00,0x01,
  0x00,0x00,0x00,0x00,0x00,0x0e,0x00,0x1b,0x01,0x78,0x00,0x03,0x00,0x01,0x04,0x09,0x00,0x00,0x00,0xac,
  0x01,0x93,0x00,0x03,0x00,0x01,0x04,0x09,0x00,0x01,0x00,0x14,0x02,0x3f,0x00,0x03,0x00,0x01,0x04,0x09,
  0x00,0x02,0x00,0x0e,0x02,0x53,0x00,0x03,0x00,0x01,0x04,0x09,0x00,0x03,0x00,0x2e,0x02,0x61,0x00,0x03,
  0x00,0x01,0x04,0x09,0x00,0x04,0x00,0x24,0x02,0x8f,0x00,0x03,0x00,0x01,0x04,0x09,0x00,0x05,0x00,0x1a,
  0x02,0xb3,0x00,0x03,0x00,0x01,0x04,0x09,0x00,0x06,0x00,0x22,0x02,0xcd,0x00,0x03,0x00,0x01,0x04,0x09,
  0x00,0x08,0x00,0x1c,0x02,0xef,0x00,0x03,0x00,0x01,0x04,0x09,0x00,0x09,0x00,0x1c,0x03,0x0b,0x00,0x03,
  0x00,0x01,0x04,0x09,0x00,0x0b,0x00,0x30,0x03,0x27,0x00,0x03,0x00,0x01,0x04,0x09,0x00,0x0c,0x00,0x38,
  0x03,0x57,0x00,0x03,0x00,0x01,0x04,0x09,0x00,0x0d,0x01,0x22,0x03,0x8f,0x00,0x03,0x00,0x01,0x04,0x09,
  0x00,0x0e,0x00,0x36,0x04,0xb1,0x43,0x6f,0x70,0x79,0x72,0x69,0x67,0x68,0x74,0x20,0x32,0x30,0x31,0x34,
  0x20,0x54,0x68,0x65,0x20,0x43,0x6f,0x6d,0x69,0x63,0x20,0x4e,0x65,0x75,0x65,0x20,0x50,0x72,0x6f,0x6a,
  0x65,0x63,0x74,0x20,0x41,0x75,0x74,0x68,0x6f,0x72,0x73,0x20,0x28,0x68,0x74,0x74,0x70,0x73,0x3a,0x2f,
  0x2f,0x67,0x69,0x74,0x68,0x75,0x62,0x2e,0x63,0x6f,0x6d,0x2f,0x63,0x72,0x6f,0x7a,0x79,0x6e,0x73,0x6b,
  0x69,0x2f,0x63,0x6f,0x6d,0x69,0x63,0x6e,0x65,0x75,0x65,0x29,0x43,0x6f,0x6d,0x69,0x63,0x20,0x4e,0x65,
  0x75,0x65,0x52,0x65,0x67,0x75,0x6c,0x61,0x72,0x43,0x6f,0x6d,0x69,0x63,0x20,0x4e,0x65,0x75,0x65,0x20,
  0x52,0x65,0x67,0x75,0x6c,0x61,0x72,0x56,0x65,0x72,0x73,0x69,0x6f,0x6e,0x20,0x32,0x2e,0x30,0x30,0x33,
  0x43,0x6f,0x6d,0x69,0x63,0x4e,0x65,0x75,0x65,0x2d,0x52,0x65,0x67,0x75,0x6c,0x61,0x72,0x43,0x72,0x61,
  0x69,0x67,0x20,0x52,0x6f,0x7a,0x79,0x6e,0x73,0x6b,0x69,0x43,0x72,0x61,0x69,0x67,0x20,0x52,0x6f,0x7a,
  0x79,0x6e,0x73,0x6b,0x69,0x68,0x74,0x74,0x70,0x3a,0x2f,0x2f,0x77,0x77,0x77,0x2e,0x63,0x6f,0x6d,0x69,
  0x63,0x6e,0x65,0x75,0x65,0x2e,0x63,0x6f,0x6d,0x68,0x74,0x74,0x70,0x3a,0x2f,0x2f,0x77,0x77,0x77,0x2e,
  0x63,0x72,0x61,0x69,0x67,0x72,0x6f,0x7a,0x79,0x6e,0x73,0x6b,0x69,0x2e,0x63,0x6f,0x6d,0x54,0x68,0x69,
  0x73,0x20,0x46,0x6f,0x6e,0x74,0x20,0x53,0x6f,0x66,0x74,0x77,0x61,0x72,0x65,0x20,0x69,0x73,0x20,0x6c,
  0x69,0x63,0x65,0x6e,0x73,0x65,0x64,0x20,0x75,0x6e,0x64,0x65,0x72,0x20,0x74,0x68,0x65,0x20,0x53,0x49,
  0x4c,0x20,0x4f,0x70,0x65,0x6e,0x20,0x46,0x6f,0x6e,0x74,0x20,0x4c,0x69,0x63,0x65,0x6e,0x73,0x65,0x2c,
  0x20,0x56,0x65,0x72,0x73,0x69,0x6f,0x6e,0x20,0x31,0x2e,0x31,0x2e,0x20,0x54,0x68,0x69,0x73,0x20,0x6c,
  0x69,0x63,0x65,0x6e,0x73,0x65,0x20,0x69,0x73,0x20,0x61,0x76,0x61,0x69,0x6c,0x61,0x62,0x6c,0x65,0x20,
  0x77,0x69,0x74,0x68,0x20,0x61,0x20,0x46,0x41,0x51,0x20,0x61,0x74,0x3a,0x20,0x68,0x74,0x74,0x70,0x73,
  0x3a,0x2f,0x2f,0x73,0x63,0x72,0x69,0x70,0x74,0x73,0x2e,0x73,0x69,0x6c,0x2e,0x6f,0x72,0x67,0x2f,0x4f,
  0x46,0x4c,0x68,0x74,0x74,0x70,0x73,0x3a,0x2f,0x2f,0x73,0x63,0x72,0x69,0x70,0x74,0x73,0x2e,0x73,0x69,
  0x6c,0x2e,0x6f,0x72,0x67,0x2f,0x4f,0x46,0x4c,0x00,0x43,0x00,0x6f,0x00,0x70,0x00,0x79,0x00,0x72,0x00,
  0x69,0x00,0x67,0x00,0x68,0x00,0x74,0x00,0x20,0x00,0x32,0x00,0x30,0x00,0x31,0x00,0x34,0x00,0x20,0x00,
  0x54,0x00,0x68,0x00,0x65,0x00,0x20,0x00,0x43,0x00,0x6f,0x00,0x6d,0x00,0x69,0x00,0x63,0x00,0x20,0x00,
  0x4e,0x00,0x65,0x00,0x75,0x00,0x65,0x00,0x20,0x00,0x50,0x00,0x72,0x00,0x6f,0x00,0x6a,0x00,0x65,0x00,
  0x63,0x00,0x74,0x00,0x20,0x00,0x41,0x00,0x75,0x00,0x74,0x00,0x68,0x00,0x6f,0x00,0x72,0x00,0x73,0x00,
  0x20,0x00,0x28,0x00,0x68,0x00,0x74,0x00,0x74,0x00,0x70,0x00,0x73,0x00,0x3a,0x00,0x2f,0x00,0x2f,0x00,
  0x67,0x00,0x69,0x00,0x74,0x00,0x68,0x00,0x75,0x00,0x62,0x00,0x2e,0x00,0x63,0x00,0x6f,0x00,0x6d,0x00,
  0x2f,0x00,0x63,0x00,0x72,0x00,0x6f,0x00,0x7a,0x00,0x79,0x00,0x6e,0x00,0x73,0x00,0x6b,0x00,0x69,0x00,
  0x2f,0x00,0x63,0x00,0x6f,0x00,0x6d,0x00,0x69,0x00,0x63,0x00,0x6e,0x00,0x65,0x00,0x75,0x00,0x65,0x00,
  0x29,0x00,0x43,0x00,0x6f,0x00,0x6d,0x00,0x69,0x00,0x63,0x00,0x20,0x00,0x4e,0x00,0x65,0x00,0x75,0x00,
  0x65,0x00,0x52,0x00,0x65,0x00,0x67,0x00,0x75,0x00,0x6c,0x00,0x61,0x00,0x72,0x00,0x32,0x00,0x2e,0x00,
  0x30,0x00,0x30,0x00,0x33,0x00,0x3b,0x00,0x3b,0x00,0x43,0x00,0x6f,0x00,0x6d,0x00,0x69,0x00,0x63,0x00,
  0x20,0x00,0x4e,0x00,0x65,0x00,0x75,0x00,0x65,0x00,0x20,0x00,0x4c,0x00,0x69,0x00,0x67,0x00,0x68,0x00,
  0x74,0x00,0x43,0x00,0x6f,0x00,0x6d,0x00,0x69,0x00,0x63,0x00,0x20,0x00,0x4e,0x00,0x65,0x00,0x75,0x00,
  0x65,0x00,0x20,0x00,0x52,0x00,0x65,0x00,0x67,0x00,0x75,0x00,0x6c,0x00,0x61,0x00,0x72,0x00,0x56,0x00,
  0x65,0x00,0x72,0x00,0x73,0x00,0x69,0x00,0x6f,0x00,0x6e,0x00,0x20,0x00,0x32,0x00,0x2e,0x00,0x30,0x00,
  0x30,0x00,0x33,0x00,0x43,0x00,0x6f,0x00,0x6d,0x00,0x69,0x00,0x63,0x00,0x4e,0x00,0x65,0x00,0x75,0x00,
  0x65,0x00,0x2d,0x00,0x52,0x00,0x65,0x00,0x67,0x00,0x75,0x00,0x6c,0x00,0x61,0x00,0x72,0x00,0x43,0x00,
  0x72,0x00,0x61,0x00,0x69,0x00,0x67,0x00,0x20,0x00,0x52,0x00,0x6f,0x00,0x7a,0x00,0x79,0x00,0x6e,0x00,
  0x73,0x00,0x6b,0x00,0x69,0x00,0x43,0x00,0x72,0x00,0x61,0x00,0x69,0x00,0x67,0x00,0x20,0x00,0x52,0x00,
  0x6f,0x00,0x7a,0x00,0x79,0x00,0x6e,0x00,0x73,0x00,0x6b,0x00,0x69,0x00,0x68,0x00,0x74,0x00,0x74,0x00,
  0x70,0x00,0x3a,0x00,0x2f,0x00,0x2f,0x00,0x77,0x00,0x77,0x00,0x77,0x00,0x2e,0x00,0x63,0x00,0x6f,0x00,
  0x6d,0x00,0x69,0x00,0x63,0x00,0x6e,0x00,0x65,0x00,0x75,0x00,0x65,0x00,0x2e,0x00,0x63,0x00,0x6f,0x00,
  0x6d,0x00,0x68,0x00,0x74,0x00,0x74,0x00,0x70,0x00,0x3a,0x00,0x2f,0x00,0x2f,0x00,0x77,0x00,0x77,0x00,
  0x77,0x00,0x2e,0x00,0x63,0x00,0x72,0x00,0x61,0x00,0x69,0x00,0x67,0x00,0x72,0x00,0x6f,0x00,0x7a,0x00,
  0x79,0x00,0x6e,0x00,0x73,0x00,0x6b,0x00,0x69,0x00,0x2e,0x00,0x63,0x00,0x6f,0x00,0x6d,0x00,0x54,0x00,
  0x68,0x00,0x69,0x00,0x73,0x00,0x20,0x00,0x46,0x00,0x6f,0x00,0x6e,0x00,0x74,0x00,0x20,0x00,0x53,0x00,
  0x6f,0x00,0x66,0x00,0x74,0x00,0x77,0x00,0x61,0x00,0x72,0x00,0x65,0x00,0x20,0x00,0x69,0x00,0x73,0x00,
  0x20,0x00,0x6c,0x00,0x69,0x00,0x63,0x00,0x65,0x00,0x6e,0x00,0x73,0x00,0x65,0x00,0x64,0x00,0x20,0x00,
  0x75,0x00,0x6e,0x00,0x64,0x00,0x65,0x00,0x72,0x00,0x20,0x00,0x74,0x00,0x68,0x00,0x65,0x00,0x20,0x00,
  0x53,0x00,0x49,0x00,0x4c,0x00,0x20,0x00,0x4f,0x00,0x70,0x00,0x65,0x00,0x6e,0x00,0x20,0x00,0x46,0x00,
  0x6f,0x00,0x6e,0x00,0x74,0x00,0x20,0x00,0x4c,0x00,0x69,0x00,0x63,0x00,0x65,0x00,0x6e,0x00,0x73,0x00,
  0x65,0x00,0x2c,0x00,0x20,0x00,0x56,0x00,0x65,0x00,0x72,0x00,0x73,0x00,0x69,0x00,0x6f,0x00,0x6e,0x00,
  0x20,0x00,0x31,0x00,0x2e,0x00,0x31,0x00,0x2e,0x00,0x20,0x00,0x54,0x00,0x68,0x00,0x69,0x00,0x73,0x00,
  0x20,0x00,0x6c,0x00,0x69,0x00,0x63,0x00,0x65,0x00,0x6e,0x00,0x73,0x00,0x65,0x00,0x20,0x00,0x69,0x00,
  0x73,0x00,0x20,0x00,0x61,0x00,0x76,0x00,0x61,0x00,0x69,0x00,0x6c,0x00,0x61,0x00,0x62,0x00,0x6c,0x00,
  0x65,0x00,0x20,0x00,0x77,0x00,0x69,0x00,0x74,0x00,0x68,0x00,0x20,0x00,0x61,0x00,0x20,0x00,0x46,0x00,
  0x41,0x00,0x51,0x00,0x20,0x00,0x61,0x00,0x74,0x00,0x3a,0x00,0x20,0x00,0x68,0x00,0x74,0x00,0x74,0x00,
  0x70,0x00,0x73,0x00,0x3a,0x00,0x2f,0x00,0x2f,0x00,0x73,0x00,0x63,0x00,0x72,0x00,0x69,0x00,0x70,0x00,
  0x74,0x00,0x73,0x00,0x2e,0x00,0x73,0x00,0x69,0x00,0x6c,0x00,0x2e,0x00,0x6f,0x00,0x72,0x00,0x67,0x00,
  0x2f,0x00,0x4f,0x00,0x46,0x00,0x4c,0x00,0x68,0x00,0x74,0x00,0x74,0x00,0x70,0x00,0x73,0x00,0x3a,0x00,
  0x2f,0x00,0x2f,0x00,0x73,0x00,0x63,0x00,0x72,0x00,0x69,0x00,0x70,0x00,0x74,0x00,0x73,0x00,0x2e,0x00,
  0x73,0x00,0x69,0x00,0x6c,0x00,0x2e,0x00,0x6f,0x00,0x72,0x00,0x67,0x00,0x2f,0x00,0x4f,0x00,0x46,0x00,
  0x4c,0x00,0x00,0x00,0x00,0x02,0x00,0x00,0x00,0x00,0x00,0x00,0xff,0xb5,0x00,0x32,0x00,0x00,0x00,0x00,
  0x00,0x00,0x00,0x00,0x00,0x00,0x00,0x00,0x00,0x00,0x00,0x00,0x00,0x00,0x00,0x00,0x01,0x48,0x00,0x00,
  0x01,0x02,0x00,0x02,0x00,0x03,0x00,0x04,0x00,0x05,0x00,0x06,0x00,0x07,0x00,0x08,0x00,0x09,0x00,0x0a,
  0x00,0x0b,0x00,0x0c,0x00,0x0d,0x00,0x0e,0x00,0x0f,0x00,0x10,0x00,0x11,0x00,0x12,0x00,0x13,0x00,0x14,
  0x00,0x15,0x00,0x16,0x00,0x17,0x00,0x18,0x00,0x19,0x00,0x1a,0x00,0x1b,0x00,0x1c,0x00,0x1d,0x00,0x1e,
  0x00,0x1f,0x00,0x20,0x00,0x21,0x00,0x22,0x00,0x23,0x00,0x24,0x00,0x25,0x00,0x26,0x00,0x27,0x00,0x28,
  0x00,0x29,0x00,0x2a,0x00,0x2b,0x00,0x2c,0x00,0x2d,0x00,0x2e,0x00,0x2f,0x00,0x30,0x00,0x31,0x00,0x32,
  0x00,0x33,0x00,0x34,0x00,0x35,0x00,0x36,0x00,0x37,0x00,0x38,0x00,0x39,0x00,0x3a,0x00,0x3b,0x00,0x3c,
  0x00,0x3d,0x00,0x3e,0x00,0x3f,0x00,0x40,0x00,0x41,0x00,0x42,0x00,0x43,0x00,0x44,0x00,0x45,0x00,0x46,
  0x00,0x47,0x00,0x48,0x00,0x49,0x00,0x4a,0x00,0x4b,0x00,0x4c,0x00,0x4d,0x00,0x4e,0x00,0x4f,0x00,0x50,
  0x00,0x51,0x00,0x52,0x00,0x53,0x00,0x54,0x00,0x55,0x00,0x56,0x00,0x57,0x00,0x58,0x00,0x59,0x00,0x5a,
  0x00,0x5b,0x00,0x5c,0x00,0x5d,0x00,0x5e,0x00,0x5f,0x00,0x60,0x00,0x61,0x00,0xa3,0x00,0x84,0x00,0x85,
  0x00,0xbd,0x00,0x96,0x00,0xe8,0x00,0x86,0x00,0x8e,0x00,0x8b,0x00,0x9d,0x00,0xa4,0x00,0x8a,0x00,0xda,
  0x00,0x83,0x00,0x93,0x01,0x03,0x01,0x04,0x00,0x8d,0x00,0x88,0x00,0xc3,0x00,0xde,0x01,0x05,0x00,0x9e,
  0x00,0xf5,0x00,0xf4,0x00,0xf6,0x00,0xa2,0x00,0xad,0x00,0xc9,0x00,0xc7,0x00,0xae,0x00,0x62,0x00,0x63,
  0x00,0x90,0x00,0x64,0x00,0xcb,0x00,0x65,0x00,0xc8,0x00,0xca,0x00,0xcf,0x00,0xcc,0x00,0xcd,0x00,0xce,
  0x00,0xe9,0x00,0x66,0x00,0xd3,0x00,0xd0,0x00,0xd1,0x00,0xaf,0x00,0x67,0x00,0xf0,0x00,0x91,0x00,0xd6,
  0x00,0xd4,0x00,0xd5,0x00,0x68,0x00,0xeb,0x00,0xed,0x00,0x89,0x00,0x6a,0x00,0x69,0x00,0x6b,0x00,0x6d,
  0x00,0x6c,0x00,0x6e,0x00,0xa0,0x00,0x6f,0x00,0x71,0x00,0x70,0x00,0x72,0x00,0x73,0x00,0x75,0x00,0x74,
  0x00,0x76,0x00,0x77,0x00,0xea,0x00,0x78,0x00,0x7a,0x00,0x79,0x00,0x7b,0x00,0x7d,0x00,0x7c,0x00,0xb8,
  0x00,0xa1,0x00,0x7f,0x00,0x7e,0x00,0x80,0x00,0x81,0x00,0xec,0x00,0xee,0x00,0xba,0x01,0x06,0x01,0x07,
  0x01,0x08,0x01,0x09,0x01,0x0a,0x00,0xfd,0x00,0xfe,0x01,0x0b,0x01,0x0c,0x00,0xff,0x01,0x00,0x01,0x0d,
  0x01,0x0e,0x01,0x0f,0x01,0x01,0x01,0x10,0x01,0x11,0x01,0x12,0x01,0x13,0x01,0x14,0x01,0x15,0x01,0x16,
  0x01,0x17,0x01,0x18,0x01,0x19,0x01,0x1a,0x01,0x1b,0x01,0x1c,0x01,0x1d,0x00,0xe2,0x00,0xe3,0x01,0x1e,
  0x01,0x1f,0x01,0x20,0x01,0x21,0x01,0x22,0x01,0x23,0x00,0xb0,0x00,0xb1,0x01,0x24,0x01,0x25,0x01,0x26,
  0x01,0x27,0x01,0x28,0x01,0x29,0x01,0x2a,0x01,0x2b,0x00,0xfb,0x00,0xfc,0x00,0xe4,0x00,0xe5,0x01,0x2c,
  0x01,0x2d,0x01,0x2e,0x01,0x2f,0x01,0x30,0x01,0x31,0x01,0x32,0x01,0x33,0x01,0x34,0x01,0x35,0x00,0xbb,
  0x01,0x36,0x01,0x37,0x01,0x38,0x01,0x39,0x00,0xe6,0x00,0xe7,0x00,0xd8,0x00,0xe1,0x00,0xdb,0x00,0xdc,
  0x00,0xdd,0x00,0xe0,0x00,0xd9,0x00,0xdf,0x00,0xb2,0x00,0xb3,0x00,0xb6,0x00,0xb7,0x00,0xc4,0x00,0xb4,
  0x00,0xb5,0x00,0xc5,0x00,0x87,0x00,0xab,0x00,0xbe,0x00,0xbf,0x00,0xbc,0x00,0x8c,0x00,0xef,0x01,0x3a,
  0x01,0x3b,0x01,0x3c,0x01,0x3d,0x01,0x3e,0x01,0x3f,0x01,0x40,0x01,0x41,0x01,0x42,0x01,0x43,0x00,0xd7,
  0x01,0x44,0x01,0x45,0x01,0x46,0x00,0xa9,0x00,0xaa,0x01,0x47,0x01,0x48,0x01,0x49,0x01,0x4a,0x01,0x4b,
  0x01,0x4c,0x01,0x4d,0x01,0x4e,0x01,0x4f,0x01,0x50,0x01,0x51,0x01,0x52,0x01,0x53,0x01,0x54,0x01,0x55,
  0x01,0x56,0x01,0x57,0x01,0x58,0x01,0x59,0x01,0x5a,0x01,0x5b,0x01,0x5c,0x01,0x5d,0x01,0x5e,0x01,0x5f,
  0x01,0x60,0x01,0x61,0x01,0x62,0x01,0x63,0x01,0x64,0x01,0x65,0x01,0x66,0x04,0x4e,0x55,0x4c,0x4c,0x07,
  0x75,0x6e,0x69,0x30,0x30,0x42,0x32,0x07,0x75,0x6e,0x69,0x30,0x30,0x42,0x33,0x07,0x75,0x6e,0x69,0x30,
  0x30,0x42,0x39,0x07,0x61,0x6d,0x61,0x63,0x72,0x6f,0x6e,0x06,0x41,0x62,0x72,0x65,0x76,0x65,0x06,0x61,
  0x62,0x72,0x65,0x76,0x65,0x07,0x41,0x6f,0x67,0x6f,0x6e,0x65,0x6b,0x07,0x61,0x6f,0x67,0x6f,0x6e,0x65,
  0x6b,0x0b,0x43,0x63,0x69,0x72,0x63,0x75,0x6d,0x66,0x6c,0x65,0x78,0x0b,0x63,0x63,0x69,0x72,0x63,0x75,
  0x6d,0x66,0x6c,0x65,0x78,0x06,0x44,0x63,0x61,0x72,0x6f,0x6e,0x06,0x64,0x63,0x61,0x72,0x6f,0x6e,0x06,
  0x44,0x63,0x72,0x6f,0x61,0x74,0x07,0x45,0x6f,0x67,0x6f,0x6e,0x65,0x6b,0x07,0x65,0x6f,0x67,0x6f,0x6e,
  0x65,0x6b,0x06,0x45,0x63,0x61,0x72,0x6f,0x6e,0x06,0x65,0x63,0x61,0x72,0x6f,0x6e,0x0b,0x47,0x63,0x69,
  0x72,0x63,0x75,0x6d,0x66,0x6c,0x65,0x78,0x0b,0x67,0x63,0x69,0x72,0x63,0x75,0x6d,0x66,0x6c,0x65,0x78,
  0x0b,0x48,0x63,0x69,0x72,0x63,0x75,0x6d,0x66,0x6c,0x65,0x78,0x0b,0x68,0x63,0x69,0x72,0x63,0x75,0x6d,
  0x66,0x6c,0x65,0x78,0x0b,0x4a,0x63,0x69,0x72,0x63,0x75,0x6d,0x66,0x6c,0x65,0x78,0x0b,0x6a,0x63,0x69,
  0x72,0x63,0x75,0x6d,0x66,0x6c,0x65,0x78,0x06,0x4c,0x61,0x63,0x75,0x74,0x65,0x06,0x6c,0x61,0x63,0x75,
  0x74,0x65,0x06,0x4c,0x63,0x61,0x72,0x6f,0x6e,0x06,0x6c,0x63,0x61,0x72,0x6f,0x6e,0x06,0x4e,0x61,0x63,
  0x75,0x74,0x65,0x06,0x6e,0x61,0x63,0x75,0x74,0x65,0x06,0x4e,0x63,0x61,0x72,0x6f,0x6e,0x06,0x6e,0x63,
  0x61,0x72,0x6f,0x6e,0x0d,0x4f,0x68,0x75,0x6e,0x67,0x61,0x72,0x75,0x6d,0x6c,0x61,0x75,0x74,0x0d,0x6f,
  0x68,0x75,0x6e,0x67,0x61,0x72,0x75,0x6d,0x6c,0x61,0x75,0x74,0x06,0x52,0x61,0x63,0x75,0x74,0x65,0x06,
  0x72,0x61,0x63,0x75,0x74,0x65,0x06,0x52,0x63,0x61,0x72,0x6f,0x6e,0x06,0x72,0x63,0x61,0x72,0x6f,0x6e,
  0x06,0x53,0x61,0x63,0x75,0x74,0x65,0x06,0x73,0x61,0x63,0x75,0x74,0x65,0x0b,0x53,0x63,0x69,0x72,0x63,
  0x75,0x6d,0x66,0x6c,0x65,0x78,0x0b,0x73,0x63,0x69,0x72,0x63,0x75,0x6d,0x66,0x6c,0x65,0x78,0x07,0x75,
  0x6e,0x69,0x30,0x32,0x31,0x41,0x07,0x75,0x6e,0x69,0x30,0x32,0x31,0x42,0x06,0x54,0x63,0x61,0x72,0x6f,
  0x6e,0x06,0x74,0x63,0x61,0x72,0x6f,0x6e,0x06,0x55,0x62,0x72,0x65,0x76,0x65,0x06,0x75,0x62,0x72,0x65,
  0x76,0x65,0x05,0x55,0x72,0x69,0x6e,0x67,0x05,0x75,0x72,0x69,0x6e,0x67,0x0d,0x55,0x68,0x75,0x6e,0x67,
  0x61,0x72,0x75,0x6d,0x6c,0x61,0x75,0x74,0x0d,0x75,0x68,0x75,0x6e,0x67,0x61,0x72,0x75,0x6d,0x6c,0x61,
  0x75,0x74,0x06,0x5a,0x61,0x63,0x75,0x74,0x65,0x06,0x7a,0x61,0x63,0x75,0x74,0x65,0x0a,0x5a,0x64,0x6f,
  0x74,0x61,0x63,0x63,0x65,0x6e,0x74,0x0a,0x7a,0x64,0x6f,0x74,0x61,0x63,0x63,0x65,0x6e,0x74,0x07,0x7a,
  0x65,0x72,0x6f,0x2e,0x74,0x66,0x06,0x6f,0x6e,0x65,0x2e,0x74,0x66,0x06,0x74,0x77,0x6f,0x2e,0x74,0x66,
  0x08,0x74,0x68,0x72,0x65,0x65,0x2e,0x74,0x66,0x07,0x66,0x6f,0x75,0x72,0x2e,0x74,0x66,0x07,0x66,0x69,
  0x76,0x65,0x2e,0x74,0x66,0x06,0x73,0x69,0x78,0x2e,0x74,0x66,0x08,0x73,0x65,0x76,0x65,0x6e,0x2e,0x74,
  0x66,0x08,0x65,0x69,0x67,0x68,0x74,0x2e,0x74,0x66,0x07,0x6e,0x69,0x6e,0x65,0x2e,0x74,0x66,0x07,0x75,
  0x6e,0x69,0x30,0x32,0x33,0x37,0x07,0x75,0x6e,0x69,0x32,0x30,0x37,0x34,0x07,0x75,0x6e,0x69,0x30,0x30,
  0x41,0x44,0x07,0x75,0x6e,0x69,0x30,0x30,0x41,0x30,0x04,0x45,0x75,0x72,0x6f,0x07,0x75,0x6e,0x69,0x32,
  0x32,0x31,0x35,0x07,0x75,0x6e,0x69,0x30,0x30,0x42,0x35,0x07,0x75,0x6e,0x69,0x30,0x33,0x30,0x38,0x07,
  0x75,0x6e,0x69,0x30,0x33,0x30,0x37,0x09,0x67,0x72,0x61,0x76,0x65,0x63,0x6f,0x6d,0x62,0x09,0x61,0x63,
  0x75,0x74,0x65,0x63,0x6f,0x6d,0x62,0x07,0x75,0x6e,0x69,0x30,0x33,0x30,0x42,0x0b,0x75,0x6e,0x69,0x30,
  0x33,0x30,0x43,0x2e,0x61,0x6c,0x74,0x07,0x75,0x6e,0x69,0x30,0x33,0x30,0x32,0x07,0x75,0x6e,0x69,0x30,
  0x33,0x30,0x43,0x07,0x75,0x6e,0x69,0x30,0x33,0x30,0x36,0x07,0x75,0x6e,0x69,0x30,0x33,0x30,0x41,0x09,
  0x74,0x69,0x6c,0x64,0x65,0x63,0x6f,0x6d,0x62,0x07,0x75,0x6e,0x69,0x30,0x33,0x30,0x34,0x07,0x75,0x6e,
  0x69,0x30,0x33,0x32,0x36,0x07,0x75,0x6e,0x69,0x30,0x33,0x32,0x37,0x07,0x75,0x6e,0x69,0x30,0x33,0x32,
  0x38,0x0c,0x75,0x6e,0x69,0x30,0x33,0x30,0x38,0x2e,0x63,0x61,0x73,0x65,0x0c,0x75,0x6e,0x69,0x30,0x33,
  0x30,0x37,0x2e,0x63,0x61,0x73,0x65,0x0e,0x67,0x72,0x61,0x76,0x65,0x63,0x6f,0x6d,0x62,0x2e,0x63,0x61,
  0x73,0x65,0x0e,0x61,0x63,0x75,0x74,0x65,0x63,0x6f,0x6d,0x62,0x2e,0x63,0x61,0x73,0x65,0x0c,0x75,0x6e,
  0x69,0x30,0x33,0x30,0x42,0x2e,0x63,0x61,0x73,0x65,0x0c,0x75,0x6e,0x69,0x30,0x33,0x30,0x32,0x2e,0x63,
  0x61,0x73,0x65,0x0c,0x75,0x6e,0x69,0x30,0x33,0x30,0x43,0x2e,0x63,0x61,0x73,0x65,0x0c,0x75,0x6e,0x69,
  0x30,0x33,0x30,0x36,0x2e,0x63,0x61,0x73,0x65,0x0c,0x75,0x6e,0x69,0x30,0x33,0x30,0x41,0x2e,0x63,0x61,
  0x73,0x65,0x0e,0x74,0x69,0x6c,0x64,0x65,0x63,0x6f,0x6d,0x62,0x2e,0x63,0x61,0x73,0x65,0x0c,0x75,0x6e,
  0x69,0x30,0x33,0x30,0x34,0x2e,0x63,0x61,0x73,0x65,0x0c,0x75,0x6e,0x69,0x30,0x33,0x32,0x37,0x2e,0x63,
  0x61,0x73,0x65,0x0c,0x75,0x6e,0x69,0x30,0x33,0x32,0x38,0x2e,0x63,0x61,0x73,0x65,0x00,0x01,0x00,0x01,
  0xff,0xff,0x00,0x0f,0x00,0x01,0x00,0x00,0x00,0x0c,0x00,0x00,0x00,0x00,0x00,0x00,0x00,0x02,0x00,0x1e,
  0x00,0x07,0x00,0x07,0x00,0x01,0x00,0x24,0x00,0x24,0x00,0x01,0x00,0x26,0x00,0x28,0x00,0x01,0x00,0x2a,
  0x00,0x32,0x00,0x01,0x00,0x35,0x00,0x38,0x00,0x01,0x00,0x3a,0x00,0x3a,0x00,0x01,0x00,0x3c,0x00,0x3d,
  0x00,0x01,0x00,0x44,0x00,0x44,0x00,0x01,0x00,0x46,0x00,0x48,0x00,0x01,0x00,0x4a,0x00,0x4b,0x00,0x01,
  0x00,0x4f,0x00,0x52,0x00,0x01,0x00,0x55,0x00,0x58,0x00,0x01,0x00,0x5a,0x00,0x5a,0x00,0x01,0x00,0x5c,
  0x00,0x5d,0x00,0x01,0x00,0x7d,0x00,0x82,0x00,0x01,0x00,0x84,0x00,0x8c,0x00,0x01,0x00,0x8e,0x00,0x93,
  0x00,0x01,0x00,0x96,0x00,0x9a,0x00,0x01,0x00,0x9d,0x00,0xa2,0x00,0x01,0x00,0xa4,0x00,0xac,0x00,0x01,
  0x00,0xae,0x00,0xb3,0x00,0x01,0x00,0xb6,0x00,0xba,0x00,0x01,0x00,0xbc,0x00,0xbf,0x00,0x01,0x00,0xc2,
  0x00,0xc9,0x00,0x01,0x00,0xcc,0x00,0xcc,0x00,0x01,0x00,0xce,0x00,0xda,0x00,0x01,0x00,0xdc,0x00,0xe1,
  0x00,0x01,0x00,0xe4,0x01,0x00,0x00,0x01,0x01,0x22,0x01,0x23,0x00,0x01,0x01,0x2c,0x01,0x47,0x00,0x03,
  0x00,0x01,0x00,0x00,0x00,0x0a,0x00,0x20,0x00,0x3e,0x00,0x01,0x44,0x46,0x4c,0x54,0x00,0x08,0x00,0x04,
  0x00,0x00,0x00,0x00,0xff,0xff,0x00,0x02,0x00,0x00,0x00,0x01,0x00,0x02,0x6b,0x65,0x72,0x6e,0x00,0x0e,
  0x6d,0x61,0x72,0x6b,0x00,0x16,0x00,0x00,0x00,0x02,0x00,0x00,0x00,0x01,0x00,0x00,0x00,0x02,0x00,0x02,
  0x00,0x03,0x00,0x04,0x00,0x0a,0x00,0x12,0x00,0x22,0x00,0x2a,0x00,0x02,0x00,0x08,0x00,0x01,0x00,0x28,
  0x00,0x02,0x00,0x08,0x00,0x05,0x00,0x8a,0x0a,0x70,0x0d,0x2c,0x0e,0xc2,0x0e,0xdc,0x00,0x04,0x00,0x00,
  0x00,0x01,0x0e,0xe0,0x00,0x04,0x00,0x00,0x00,0x01,0x0f,0xe6,0x00,0x01,0x17,0xe2,0x00,0x04,0x00,0x00,
  0x00,0x05,0x00,0x14,0x00,0x1a,0x00,0x38,0x00,0x3e,0x00,0x48,0x00,0x01,0x01,0x28,0xff,0xef,0x00,0x07,
  0x00,0x0f,0xff,0x6a,0x00,0x10,0xff,0x9c,0x00,0x11,0xff,0x6a,0x00,0x12,0xff,0x88,0x01,0x0d,0xff,0x6a,
  0x01,0x10,0xff,0x6a,0x01,0x12,0xff,0x6a,0x00,0x01,0x00,0x17,0xff,0xfe,0x00,0x02,0x00,0x17,0xff,0xfb,
  0x00,0x1a,0xff,0xfe,0x00,0x08,0x00,0x10,0xff,0xb0,0x00,0x17,0xff,0xb0,0x00,0x19,0xff,0xf9,0x00,0x1b,
  0xff,0xfb,0x00,0x1c,0xff,0xfd,0x01,0x09,0xff,0xb0,0x01,0x0a,0xff,0xb0,0x01,0x25,0xff,0xb0,0x00,0x01,
  0x17,0x86,0x00,0x04,0x00,0x00,0x00,0x21,0x00,0x4c,0x00,0x6a,0x01,0x34,0x01,0x4e,0x01,0x54,0x01,0x5a,
  0x01,0x80,0x01,0x86,0x01,0xbc,0x01,0xc2,0x02,0xa8,0x03,0x7a,0x04,0x10,0x04,0xd6,0x04,0xe0,0x05,0x7e,
  0x06,0x28,0x06,0x4a,0x06,0x50,0x06,0x56,0x06,0x5c,0x06,0x62,0x06,0x68,0x06,0x6e,0x06,0x74,0x07,0x3e,
  0x07,0x44,0x07,0x6e,0x07,0x74,0x08,0x12,0x08,0x2c,0x08,0x52,0x09,0x1c,0x00,0x07,0x00,0x37,0xff,0xc4,
  0x00,0x3a,0xff,0xe2,0x00,0x3c,0xff,0xc8,0x00,0x9a,0xff,0xce,0x00,0xf0,0xff,0xc4,0x00,0xf2,0xff,0xc4,
  0x00,0xfa,0xff,0xce,0x00,0x32,0x00,0x24,0xff,0xba,0x00,0x2d,0xff,0xb0,0x00,0x37,0xff,0xec,0x00,0x44,
  0xff,0x9c,0x00,0x46,0xff,0x9c,0x00,0x47,0xff,0xa6,0x00,0x48,0xff,0x9c,0x00,0x4a,0xff,0x9c,0x00,0x7d,
  0xff,0xba,0x00,0x7e,0xff,0xba,0x00,0x7f,0xff,0xba,0x00,0x80,0xff,0xba,0x00,0x81,0xff,0xba,0x00,0x82,
  0xff,0xba,0x00,0x83,0xff,0xa6,0x00,0x9d,0xff,0xb0,0x00,0x9e,0xff,0xa6,0x00,0x9f,0xff,0xb0,0x00,0xa0,
  0xff,0xc4,0x00,0xa1,0xff,0xba,0x00,0xa2,0xff,0xb0,0x00,0xa3,0xff,0x9c,0x00,0xa4,0xff,0x9c,0x00,0xa5,
  0xff,0xb0,0x00,0xa6,0xff,0xa6,0x00,0xa7,0xff,0xb0,0x00,0xa8,0xff,0xa6,0x00,0xaf,0xff,0xb0,0x00,0xb0,
  0xff,0xb0,0x00,0xb1,0xff,0xba,0x00,0xb2,0xff,0xc4,0x00,0xb3,0xff,0xba,0x00,0xb5,0xff,0x9c,0x00,0xbe,
  0xff,0xba,0x00,0xbf,0xff,0xb0,0x00,0xc0,0xff,0xba,0x00,0xc1,0xff,0x9c,0x00,0xc3,0xff,0xa6,0x00,0xc5,
  0xff,0xa4,0x00,0xc7,0xff,0xba,0x00,0xc9,0xff,0xa6,0x00,0xcb,0xff,0xa6,0x00,0xcd,0xff,0x9c,0x00,0xcf,
  0xff,0xba,0x00,0xd1,0xff,0xa4,0x00,0xd4,0xff,0xad,0x00,0xe1,0xff,0xba,0x00,0xe3,0xff,0x9c,0x00,0xf0,
  0xff,0xec,0x00,0xf2,0xff,0xec,0x00,0x06,0x00,0x10,0xff,0xdc,0x00,0x3c,0xff,0xc4,0x00,0x9a,0xff,0xe2,
  0x00,0xf0,0xff,0xc4,0x00,0xf2,0xff,0xc4,0x00,0xfa,0xff,0xe2,0x00,0x01,0x00,0x11,0xff,0xda,0x00,0x01,
  0x00,0x11,0xff,0xd3,0x00,0x09,0x00,0x10,0xff,0xb0,0x00,0x2d,0xff,0xe2,0x00,0x37,0xff,0xa6,0x00,0x3c,
  0xff,0xb0,0x00,0x9a,0xff,0xb0,0x00,0xd4,0xff,0xe2,0x00,0xf0,0xff,0xa6,0x00,0xf2,0xff,0xa6,0x00,0xfa,
  0xff,0xb0,0x00,0x01,0x00,0x11,0xff,0xda,0x00,0x0d,0x00,0x12,0xff,0xb0,0x00,0x24,0xff,0xd8,0x00,0x2d,
  0xff,0xba,0x00,0x7d,0xff,0xd8,0x00,0x7e,0xff,0xd8,0x00,0x7f,0xff,0xd8,0x00,0x80,0xff,0xd8,0x00,0x81,
  0xff,0xd8,0x00,0x82,0xff,0xd8,0x00,0x83,0xff,0x92,0x00,0xbe,0xff,0xd8,0x00,0xc0,0xff,0xd8,0x00,0xd4,
  0xff,0xba,0x00,0x01,0x00,0x11,0xff,0xda,0x00,0x39,0x00,0x10,0xff,0xba,0x00,0x11,0xff,0xa4,0x00,0x12,
  0xff,0xa6,0x00,0x24,0xff,0xa9,0x00,0x2d,0xff,0xc4,0x00,0x37,0x00,0x14,0x00,0x44,0xff,0xa3,0x00,0x46,
  0xff,0xb0,0x00,0x47,0xff,0xba,0x00,0x48,0xff,0xb0,0x00,0x4a,0xff,0xb0,0x00,0x52,0xff,0xa3,0x00,0x7d,
  0xff,0xce,0x00,0x7e,0xff,0xce,0x00,0x7f,0xff,0xce,0x00,0x80,0xff,0xce,0x00,0x81,0xff,0xce,0x00,0x82,
  0xff,0xce,0x00,0x83,0xff,0x9c,0x00,0x9d,0xff,0xce,0x00,0x9e,0xff,0xc4,0x00,0x9f,0xff,0xe2,0x00,0xa0,
  0xff,0xec,0x00,0xa1,0xff,0xec,0x00,0xa2,0xff,0xe2,0x00,0xa3,0xff,0xb0,0x00,0xa4,0xff,0xb0,0x00,0xa5,
  0xff,0xce,0x00,0xa6,0xff,0xc4,0x00,0xa7,0xff,0xe2,0x00,0xa8,0xff,0xec,0x00,0xaf,0xff,0xce,0x00,0xb0,
  0xff,0xc4,0x00,0xb1,0xff,0xe2,0x00,0xb2,0xff,0xec,0x00,0xb3,0xff,0xec,0x00,0xb5,0xff,0xb0,0x00,0xbe,
  0xff,0xce,0x00,0xbf,0xff,0xec,0x00,0xc0,0xff,0xce,0x00,0xc1,0xff,0xb0,0x00,0xc3,0xff,0xc4,0x00,0xc5,
  0xff,0xb8,0x00,0xc7,0xff,0xe2,0x00,0xc9,0xff,0xba,0x00,0xcb,0xff,0xba,0x00,0xcd,0xff,0xb0,0x00,0xcf,
  0xff,0xe2,0x00,0xd1,0xff,0xb8,0x00,0xd4,0xff,0xc4,0x00,0xe1,0xff,0xe2,0x00,0xe3,0xff,0xb0,0x00,0xf0,
  0x00,0x14,0x00,0xf2,0x00,0x14,0x01,0x0d,0xff,0x9c,0x01,0x10,0xff,0x9c,0x01,0x12,0xff,0x9c,0x00,0x34,
  0x00,0x10,0xff,0xba,0x00,0x11,0xff,0x9c,0x00,0x12,0xff,0xc4,0x00,0x24,0xff,0xc2,0x00,0x2d,0xff,0xce,
  0x00,0x44,0xff,0xc7,0x00,0x46,0xff,0xd8,0x00,0x47,0xff,0xe2,0x00,0x4a,0xff,0xd8,0x00,0x7d,0xff,0xec,
  0x00,0x7e,0xff,0xec,0x00,0x7f,0xff,0xec,0x00,0x80,0xff,0xec,0x00,0x81,0xff,0xec,0x00,0x82,0xff,0xec,
  0x00,0x83,0xff,0xb0,0x00,0x9d,0xff,0xec,0x00,0x9e,0xff,0xe2,0x00,0x9f,0xff,0xe2,0x00,0xa0,0xff,0xf6,
  0x00,0xa1,0xff,0xf6,0x00,0xa2,0xff,0xec,0x00,0xa3,0xff,0xd8,0x00,0xa4,0xff,0xd8,0x00,0xa5,0xff,0xec,
  0x00,0xa6,0xff,0xe2,0x00,0xa7,0xff,0xec,0x00,0xa8,0xff,0xec,0x00,0xaf,0xff,0xe2,0x00,0xb0,0xff,0xe2,
  0x00,0xb1,0xff,0xec,0x00,0xb2,0xff,0xf6,0x00,0xb3,0xff,0xec,0x00,0xb5,0xff,0xd8,0x00,0xbe,0xff,0xec,
  0x00,0xbf,0xff,0xec,0x00,0xc0,0xff,0xec,0x00,0xc1,0xff,0xd8,0x00,0xc3,0xff,0xe2,0x00,0xc5,0xff,0xd8,
  0x00,0xc7,0xff,0xec,0x00,0xc9,0xff,0xe2,0x00,0xcb,0xff,0xe2,0x00,0xcd,0xff,0xd8,0x00,0xcf,0xff,0xec,
  0x00,0xd1,0xff,0xd8,0x00,0xd4,0xff,0xce,0x00,0xe1,0xff,0xec,0x00,0xe3,0xff,0xd8,0x01,0x0d,0xff,0xb0,
  0x01,0x10,0xff,0xb0,0x01,0x12,0xff,0xb0,0x00,0x25,0x00,0x10,0xff,0xce,0x00,0x11,0xff,0xae,0x00,0x12,
  0xff,0xba,0x00,0x2d,0xff,0xd8,0x00,0x46,0xff,0xd8,0x00,0x47,0xff,0xd8,0x00,0x4a,0xff,0xd8,0x00,0x52,
  0xff,0xd8,0x00,0x83,0xff,0xc4,0x00,0x9d,0xff,0xe2,0x00,0x9e,0xff,0xe2,0x00,0x9f,0xff,0xec,0x00,0xa1,
  0xff,0xec,0x00,0xa2,0xff,0xe2,0x00,0xa3,0xff,0xd8,0x00,0xa4,0xff,0xd8,0x00,0xa5,0xff,0xe2,0x00,0xa6,
  0xff,0xe2,0x00,0xa7,0xff,0xec,0x00,0xa8,0xff,0xe2,0x00,0xaf,0xff,0xe2,0x00,0xb0,0xff,0xe2,0x00,0xb1,
  0xff,0xec,0x00,0xb2,0xff,0xec,0x00,0xb3,0xff,0xe2,0x00,0xb5,0xff,0xd8,0x00,0xbf,0xff,0xec,0x00,0xc1,
  0xff,0xd8,0x00,0xc3,0xff,0xe2,0x00,0xc7,0xff,0xec,0x00,0xc9,0xff,0xe2,0x00,0xcb,0xff,0xe2,0x00,0xcd,
  0xff,0xd8,0x00,0xcf,0xff,0xec,0x00,0xe1,0xff,0xec,0x00,0xe3,0xff,0xd8,0x01,0x12,0xff,0xb0,0x00,0x31,
  0x00,0x10,0xff,0xab,0x00,0x11,0xff,0x70,0x00,0x12,0xff,0xba,0x00,0x24,0xff,0xa3,0x00,0x2d,0xff,0xd8,
  0x00,0x44,0xff,0xc4,0x00,0x46,0xff,0xc4,0x00,0x47,0xff,0xce,0x00,0x48,0xff,0xc4,0x00,0x4a,0xff,0xc4,
  0x00,0x52,0xff,0xc4,0x00,0x7d,0xff,0xe2,0x00,0x7e,0xff,0xe2,0x00,0x7f,0xff,0xe2,0x00,0x80,0xff,0xe2,
  0x00,0x81,0xff,0xe2,0x00,0x82,0xff,0xe2,0x00,0x83,0xff,0xa6,0x00,0x9d,0xff,0xd8,0x00,0x9e,0xff,0xd8,
  0x00,0x9f,0xff,0xe2,0x00,0xa0,0xff,0xec,0x00,0xa1,0xff,0xe2,0x00,0xa2,0xff,0xd8,0x00,0xa3,0xff,0xc4,
  0x00,0xa4,0xff,0xc4,0x00,0xa5,0xff,0xd8,0x00,0xa6,0xff,0xd8,0x00,0xa7,0xff,0xec,0x00,0xa8,0xff,0xe2,
  0x00,0xaf,0xff,0xce,0x00,0xb0,0xff,0xe2,0x00,0xb1,0xff,0xec,0x00,0xb2,0xff,0xec,0x00,0xb3,0xff,0xd8,
  0x00,0xb5,0xff,0xc4,0x00,0xbe,0xff,0xe2,0x00,0xbf,0xff,0xe2,0x00,0xc0,0xff,0xe2,0x00,0xc1,0xff,0xc4,
  0x00,0xc3,0xff,0xce,0x00,0xc7,0xff,0xe2,0x00,0xc9,0xff,0xce,0x00,0xcb,0xff,0xce,0x00,0xcd,0xff,0xc4,
  0x00,0xcf,0xff,0xe2,0x00,0xe1,0xff,0xec,0x00,0xe3,0xff,0xc4,0x01,0x12,0xff,0x88,0x00,0x02,0x00,0x4d,
  0x00,0x3c,0x00,0xd5,0x00,0x3c,0x00,0x27,0x00,0x0f,0xff,0xb0,0x00,0x10,0xff,0xba,0x00,0x11,0xff,0xb0,
  0x00,0x12,0xff,0xce,0x00,0x46,0xff,0xd8,0x00,0x47,0xff,0xe2,0x00,0x9d,0xff,0xe2,0x00,0x9e,0xff,0xe2,
  0x00,0x9f,0xff,0xec,0x00,0xa0,0xff,0xf6,0x00,0xa1,0xff,0xec,0x00,0xa2,0xff,0xec,0x00,0xa3,0xff,0xd8,
  0x00,0xa4,0xff,0xd8,0x00,0xa5,0xff,0xe2,0x00,0xa6,0xff,0xe2,0x00,0xa7,0xff,0xec,0x00,0xa8,0xff,0xec,
  0x00,0xaf,0xff,0xe2,0x00,0xb0,0xff,0xe2,0x00,0xb1,0xff,0xec,0x00,0xb2,0xff,0xf6,0x00,0xb3,0xff,0xec,
  0x00,0xb5,0xff,0xd8,0x00,0xbf,0xff,0xf6,0x00,0xc1,0xff,0xd8,0x00,0xc3,0xff,0xe2,0x00,0xc5,0xff,0xe2,
  0x00,0xc7,0xff,0xec,0x00,0xc9,0xff,0xe2,0x00,0xcb,0xff,0xe2,0x00,0xcd,0xff,0xd8,0x00,0xcf,0xff,0xec,
  0x00,0xd1,0xff,0xda,0x00,0xe1,0xff,0xec,0x00,0xe3,0xff,0xd8,0x01,0x0d,0xff,0x9f,0x01,0x10,0xff,0x9f,
  0x01,0x12,0xff,0xb0,0x00,0x2a,0x00,0x0f,0xff,0x9c,0x00,0x10,0xff,0xd8,0x00,0x11,0xff,0x9c,0x00,0x12,
  0xff,0xc4,0x00,0x44,0xff,0xed,0x00,0x46,0xff,0xe2,0x00,0x47,0xff,0xe2,0x00,0x48,0xff,0xed,0x00,0x4a,
  0xff,0xe2,0x00,0x9d,0xff,0xe2,0x00,0x9e,0xff,0xe2,0x00,0x9f,0xff,0xe2,0x00,0xa0,0xff,0xe2,0x00,0xa1,
  0xff,0xe2,0x00,0xa2,0xff,0xe2,0x00,0xa3,0xff,0xe2,0x00,0xa4,0xff,0xe2,0x00,0xa5,0xff,0xe2,0x00,0xa6,
  0xff,0xe2,0x00,0xa7,0xff,0xe2,0x00,0xa8,0xff,0xe2,0x00,0xaf,0xff,0xe2,0x00,0xb0,0xff,0xe2,0x00,0xb1,
  0xff,0xe2,0x00,0xb2,0xff,0xe2,0x00,0xb3,0xff,0xe2,0x00,0xb5,0xff,0xe2,0x00,0xbf,0xff,0xe2,0x00,0xc1,
  0xff,0xe2,0x00,0xc3,0xff,0xe2,0x00,0xc5,0xff,0xe2,0x00,0xc7,0xff,0xe2,0x00,0xc9,0xff,0xe2,0x00,0xcb,
  0xff,0xe2,0x00,0xcd,0xff,0xe2,0x00,0xcf,0xff,0xe2,0x00,0xd1,0xff,0xe2,0x00,0xe1,0xff,0xe2,0x00,0xe3,
  0xff,0xe2,0x01,0x0d,0xff,0x9c,0x01,0x10,0xff,0x9c,0x01,0x12,0xff,0x9c,0x00,0x08,0x00,0x10,0xff,0xd8,
  0x00,0x37,0xff,0xc4,0x00,0x39,0xff,0xe2,0x00,0x3c,0xff,0xe2,0x00,0x9a,0xff,0xe2,0x00,0xf0,0xff,0xc4,
  0x00,0xf2,0xff,0xc4,0x00,0xfa,0xff,0xe2,0x00,0x01,0x00,0x11,0xff,0xda,0x00,0x01,0x00,0x11,0xff,0xda,
  0x00,0x01,0x00,0x11,0xff,0xda,0x00,0x01,0x00,0x11,0xff,0xda,0x00,0x01,0x00,0x11,0xff,0xda,0x00,0x01,
  0x00,0x11,0xff,0xda,0x00,0x01,0x00,0x11,0xff,0xda,0x00,0x32,0x00,0x0f,0xff,0x88,0x00,0x10,0xff,0xb0,
  0x00,0x11,0xff,0x88,0x00,0x12,0xff,0xba,0x00,0x24,0xff,0xe2,0x00,0x2d,0xff,0xd8,0x00,0x44,0xff,0xc4,
  0x00,0x46,0xff,0xc4,0x00,0x47,0xff,0xce,0x00,0x48,0xff,0xc4,0x00,0x4a,0xff,0xc4,0x00,0x52,0xff,0xc4,
  0x00,0x7d,0xff,0xe2,0x00,0x7e,0xff,0xe2,0x00,0x7f,0xff,0xe2,0x00,0x80,0xff,0xe2,0x00,0x81,0xff,0xe2,
  0x00,0x82,0xff,0xe2,0x00,0x83,0xff,0xa6,0x00,0x9d,0xff,0xd8,0x00,0x9e,0xff,0xd8,0x00,0x9f,0xff,0xe2,
  0x00,0xa0,0xff,0xec,0x00,0xa1,0xff,0xe2,0x00,0xa2,0xff,0xd8,0x00,0xa3,0xff,0xc4,0x00,0xa4,0xff,0xc4,
  0x00,0xa5,0xff,0xd8,0x00,0xa6,0xff,0xd8,0x00,0xa7,0xff,0xec,0x00,0xa8,0xff,0xe2,0x00,0xaf,0xff,0xce,
  0x00,0xb0,0xff,0xe2,0x00,0xb1,0xff,0xec,0x00,0xb2,0xff,0xec,0x00,0xb3,0xff,0xd8,0x00,0xb5,0xff,0xc4,
  0x00,0xbe,0xff,0xe2,0x00,0xbf,0xff,0xe2,0x00,0xc0,0xff,0xe2,0x00,0xc1,0xff,0xc4,0x00,0xc3,0xff,0xce,
  0x00,0xc7,0xff,0xe2,0x00,0xc9,0xff,0xce,0x00,0xcb,0xff,0xce,0x00,0xcd,0xff,0xc4,0x00,0xcf,0xff,0xe2,
  0x00,0xe1,0xff,0xec,0x00,0xe3,0xff,0xc4,0x01,0x12,0xff,0x88,0x00,0x01,0x00,0x11,0xff,0xda,0x00,0x0a,
  0x00,0x10,0xff,0xb0,0x00,0x2d,0xff,0xe2,0x00,0x37,0xff,0xa6,0x00,0x39,0xff,0xce,0x00,0x3a,0xff,0xd8,
  0x00,0x3c,0xff,0xb0,0x00,0x9a,0xff,0xb0,0x00,0xf0,0xff,0xa6,0x00,0xf2,0xff,0xa6,0x00,0xfa,0xff,0xb0,
  0x00,0x01,0x00,0x11,0xff,0xda,0x00,0x27,0x00,0x0f,0xff,0x9c,0x00,0x10,0xff,0xd8,0x00,0x11,0xff,0x9c,
  0x00,0x12,0xff,0xc4,0x00,0x44,0xff,0xe2,0x00,0x46,0xff,0xe2,0x00,0x47,0xff,0xe2,0x00,0x48,0xff,0xe2,
  0x00,0x4a,0xff,0xe2,0x00,0x52,0xff,0xe2,0x00,0x9d,0xff,0xe2,0x00,0x9e,0xff,0xe2,0x00,0x9f,0xff,0xe2,
  0x00,0xa0,0xff,0xe2,0x00,0xa1,0xff,0xe2,0x00,0xa2,0xff,0xe2,0x00,0xa3,0xff,0xe2,0x00,0xa4,0xff,0xe2,
  0x00,0xa5,0xff,0xe2,0x00,0xa6,0xff,0xe2,0x00,0xa7,0xff,0xe2,0x00,0xa8,0xff,0xe2,0x00,0xaf,0xff,0xe2,
  0x00,0xb0,0xff,0xe2,0x00,0xb1,0xff,0xe2,0x00,0xb2,0xff,0xe2,0x00,0xb3,0xff,0xe2,0x00,0xb5,0xff,0xe2,
  0x00,0xbf,0xff,0xe2,0x00,0xc1,0xff,0xe2,0x00,0xc3,0xff,0xe2,0x00,0xc7,0xff,0xe2,0x00,0xc9,0xff,0xe2,
  0x00,0xcb,0xff,0xe2,0x00,0xcd,0xff,0xe2,0x00,0xcf,0xff,0xe2,0x00,0xe1,0xff,0xe2,0x00,0xe3,0xff,0xe2,
  0x01,0x12,0xff,0x9c,0x00,0x06,0x00,0x44,0xff,0xe2,0x00,0x48,0xff,0xe2,0x00,0x4a,0xff,0xe2,0x00,0x52,
  0xff,0xe2,0x00,0xa3,0xff,0xe2,0x00,0xe3,0xff,0xe2,0x00,0x09,0x00,0x11,0xff,0xce,0x00,0x24,0xff,0xa9,
  0x00,0x44,0xff,0xb0,0x00,0x48,0xff,0xb0,0x00,0x4a,0xff,0xba,0x00,0x52,0xff,0xb0,0x00,0xa3,0xff,0xb0,
  0x00,0xcb,0xff,0xc4,0x00,0xe3,0xff,0xb0,0x00,0x32,0x00,0x0f,0xff,0x9c,0x00,0x10,0xff,0xba,0x00,0x11,
  0xff,0x9c,0x00,0x12,0xff,0xa6,0x00,0x24,0xff,0xce,0x00,0x2d,0xff,0xc4,0x00,0x44,0xff,0xb0,0x00,0x46,
  0xff,0xb0,0x00,0x47,0xff,0xba,0x00,0x48,0xff,0xb0,0x00,0x4a,0xff,0xb0,0x00,0x52,0xff,0xb0,0x00,0x7d,
  0xff,0xce,0x00,0x7e,0xff,0xce,0x00,0x7f,0xff,0xce,0x00,0x80,0xff,0xce,0x00,0x81,0xff,0xce,0x00,0x82,
  0xff,0xce,0x00,0x83,0xff,0x9c,0x00,0x9d,0xff,0xce,0x00,0x9e,0xff,0xc4,0x00,0x9f,0xff,0xe2,0x00,0xa0,
  0xff,0xec,0x00,0xa1,0xff,0xec,0x00,0xa2,0xff,0xe2,0x00,0xa3,0xff,0xb0,0x00,0xa4,0xff,0xb0,0x00,0xa5,
  0xff,0xce,0x00,0xa6,0xff,0xc4,0x00,0xa7,0xff,0xe2,0x00,0xa8,0xff,0xec,0x00,0xaf,0xff,0xce,0x00,0xb0,
  0xff,0xc4,0x00,0xb1,0xff,0xe2,0x00,0xb2,0xff,0xec,0x00,0xb3,0xff,0xec,0x00,0xb5,0xff,0xb0,0x00,0xbe,
  0xff,0xce,0x00,0xbf,0xff,0xec,0x00,0xc0,0xff,0xce,0x00,0xc1,0xff,0xb0,0x00,0xc3,0xff,0xc4,0x00,0xc7,
  0xff,0xe2,0x00,0xc9,0xff,0xba,0x00,0xcb,0xff,0xba,0x00,0xcd,0xff,0xb0,0x00,0xcf,0xff,0xe2,0x00,0xe1,
  0xff,0xe2,0x00,0xe3,0xff,0xb0,0x01,0x12,0xff,0x9c,0x00,0x32,0x00,0x0f,0xff,0x88,0x00,0x10,0xff,0xb0,
  0x00,0x11,0xff,0x88,0x00,0x12,0xff,0xba,0x00,0x24,0xff,0xe2,0x00,0x2d,0xff,0xd8,0x00,0x44,0xff,0xc4,
  0x00,0x46,0xff,0xc4,0x00,0x47,0xff,0xce,0x00,0x48,0xff,0xc4,0x00,0x4a,0xff,0xc4,0x00,0x52,0xff,0xc4,
  0x00,0x7d,0xff,0xe2,0x00,0x7e,0xff,0xe2,0x00,0x7f,0xff,0xe2,0x00,0x80,0xff,0xe2,0x00,0x81,0xff,0xe2,
  0x00,0x82,0xff,0xe2,0x00,0x83,0xff,0xa6,0x00,0x9d,0xff,0xd8,0x00,0x9e,0xff,0xd8,0x00,0x9f,0xff,0xe2,
  0x00,0xa0,0xff,0xec,0x00,0xa1,0xff,0xe2,0x00,0xa2,0xff,0xd8,0x00,0xa3,0xff,0xc4,0x00,0xa4,0xff,0xc4,
  0x00,0xa5,0xff,0xd8,0x00,0xa6,0xff,0xd8,0x00,0xa7,0xff,0xec,0x00,0xa8,0xff,0xe2,0x00,0xaf,0xff,0xce,
  0x00,0xb0,0xff,0xe2,0x00,0xb1,0xff,0xec,0x00,0xb2,0xff,0xec,0x00,0xb3,0xff,0xd8,0x00,0xb5,0xff,0xc4,
  0x00,0xbe,0xff,0xe2,0x00,0xbf,0xff,0xe2,0x00,0xc0,0xff,0xe2,0x00,0xc1,0xff,0xc4,0x00,0xc3,0xff,0xce,
  0x00,0xc7,0xff,0xe2,0x00,0xc9,0xff,0xce,0x00,0xcb,0xff,0xce,0x00,0xcd,0xff,0xc4,0x00,0xcf,0xff,0xe2,
  0x00,0xe1,0xff,0xec,0x00,0xe3,0xff,0xc4,0x01,0x12,0xff,0x88,0x00,0x02,0x0d,0xe6,0x00,0x04,0x00,0x00,
  0x0f,0xba,0x11,0x14,0x00,0x13,0x00,0x12,0x00,0x00,0xff,0xfd,0xff,0xb5,0xff,0xd5,0xff,0xd2,0xff,0xfd,
  0xff,0xce,0x00,0x00,0x00,0x00,0x00,0x00,0x00,0x00,0x00,0x00,0x00,0x00,0x00,0x00,0x00,0x00,0x00,0x00,
  0x00,0x00,0x00,0x00,0x00,0x00,0xff,0xe7,0x00,0x00,0x00,0x00,0x00,0x00,0xff,0xeb,0x00,0x00,0xff,0xf5,
  0xff,0xf5,0xff,0xc2,0xff,0xc7,0x00,0x00,0x00,0x00,0x00,0x00,0x00,0x00,0x00,0x00,0x00,0x00,0x00,0x00,
  0x00,0x00,0x00,0x00,0x00,0x00,0x00,0x00,0x00,0x00,0x00,0x00,0x00,0x00,0x00,0x00,0x00,0x00,0x00,0x00,
  0x00,0x00,0xff,0xdf,0x00,0x00,0x00,0x00,0x00,0x00,0x00,0x00,0x00,0x00,0x00,0x00,0x00,0x00,0xff,0xe3,
  0x00,0x00,0x00,0x00,0x00,0x00,0x00,0x00,0x00,0x00,0x00,0x00,0x00,0x00,0x00,0x00,0x00,0x00,0x00,0x00,
  0x00,0x00,0x00,0x00,0x00,0x00,0x00,0x00,0x00,0x00,0x00,0x00,0x00,0x00,0xff,0xd8,0x00,0x00,0x00,0x00,
  0x00,0x00,0xff,0xd7,0x00,0x00,0x00,0x00,0x00,0x00,0x00,0x00,0x00,0x00,0x00,0x00,0x00,0x00,0x00,0x00,
  0x00,0x00,0x00,0x00,0x00,0x00,0x00,0x00,0x00,0x00,0xff,0xe1,0xff,0xf1,0xff,0xb8,0xff,0xc4,0x00,0x00,
  0x00,0x00,0x00,0x00,0x00,0x00,0x00,0x00,0xff,0xef,0x00,0x00,0xff,0xe1,0xff,0xf4,0x00,0x00,0x00,0x00,
  0x00,0x00,0x00,0x00,0x00,0x00,0xff,0xfd,0xff,0xc4,0x00,0x00,0x00,0x00,0x00,0x00,0x00,0x00,0x00,0x00,
  0x00,0x00,0x00,0x00,0x00,0x00,0x00,0x00,0xff,0xfd,0x00,0x00,0x00,0x00,0x00,0x00,0x00,0x00,0x00,0x00,
  0x00,0x00,0x00,0x00,0xff,0xcf,0xff,0xec,0xff,0xea,0x00,0x00,0xff,0xe0,0xff,0xff,0xff,0xfc,0xff,0xda,
  0x00,0x00,0x00,0x00,0x00,0x00,0x00,0x00,0xff,0xe3,0xff,0xd9,0x00,0x00,0x00,0x00,0x00,0x00,0x00,0x00,
  0x00,0x00,0x00,0x00,0x00,0x00,0xff,0xe2,0x00,0x00,0x00,0x00,0xff,0xfc,0xff,0xc9,0xff,0xd6,0x00,0x00,
  0x00,0x00,0x00,0x00,0x00,0x00,0x00,0x00,0xff,0xbf,0xff,0xfd,0x00,0x00,0xff,0xc8,0x00,0x00,0x00,0x00,
  0x00,0x00,0x00,0x00,0x00,0x00,0xff,0xb7,0xff,0xc2,0xff,0xb5,0xff,0xb1,0x00,0x00,0x00,0x00,0x00,0x00,
  0x00,0x00,0x00,0x00,0x00,0x00,0x00,0x00,0x00,0x00,0xff,0xda,0x00,0x00,0x00,0x00,0x00,0x00,0xff,0xc4,
  0x00,0x00,0xff,0xf4,0x00,0x00,0xff,0x96,0xff,0xc4,0x00,0x00,0x00,0x00,0xff,0xe6,0x00,0x00,0x00,0x00,
  0x00,0x00,0x00,0x00,0x00,0x00,0xff,0xd9,0x00,0x00,0x00,0x00,0x00,0x00,0xff,0xf6,0x00,0x00,0xff,0xcc,
  0x00,0x00,0xff,0xb6,0xff,0xbc,0x00,0x00,0x00,0x00,0x00,0x00,0x00,0x00,0x00,0x00,0x00,0x00,0x00,0x00,
  0x00,0x00,0xff,0xd3,0x00,0x00,0x00,0x00,0x00,0x00,0xff,0xee,0x00,0x00,0x00,0x00,0x00,0x00,0xff,0x70,
  0x00,0x00,0x00,0x00,0x00,0x00,0x00,0x00,0x00,0x00,0x00,0x00,0x00,0x00,0x00,0x00,0x00,0x00,0xff,0xe2,
  0x00,0x00,0x00,0x00,0x00,0x00,0x00,0x00,0x00,0x00,0x00,0x00,0x00,0x00,0x00,0x00,0x00,0x00,0x00,0x00,
  0x00,0x00,0x00,0x00,0x00,0x00,0x00,0x00,0x00,0x00,0x00,0x00,0x00,0x00,0x00,0x00,0x00,0x00,0x00,0x00,
  0x00,0x00,0xff,0xfc,0x00,0x00,0x00,0x00,0x00,0x00,0x00,0x00,0x00,0x00,0x00,0x00,0x00,0x00,0x00,0x00,
  0x00,0x00,0x00,0x00,0x00,0x00,0x00,0x00,0x00,0x00,0xff,0xf6,0x00,0x00,0x00,0x00,0x00,0x00,0xff,0xf7,
  0x00,0x00,0x00,0x00,0x00,0x00,0x00,0x00,0x00,0x00,0x00,0x00,0x00,0x00,0x00,0x00,0x00,0x00,0x00,0x00,
  0x00,0x00,0x00,0x00,0x00,0x00,0x00,0x00,0x00,0x00,0x00,0x00,0x00,0x00,0x00,0x00,0x00,0x00,0x00,0x00,
  0x00,0x00,0x00,0x00,0x00,0x00,0x00,0x00,0xff,0xfc,0x00,0x00,0x00,0x00,0x00,0x00,0x00,0x00,0x00,0x00,
  0x00,0x00,0x00,0x00,0x00,0x00,0x00,0x00,0x00,0x00,0x00,0x00,0x00,0x00,0x00,0x00,0x00,0x00,0x00,0x00,
  0xff,0xf4,0x00,0x00,0x00,0x00,0x00,0x00,0x00,0x00,0x00,0x00,0x00,0x00,0x00,0x00,0x00,0x00,0x00,0x00,
  0x00,0x00,0x00,0x00,0x00,0x00,0x00,0x00,0x00,0x00,0xff,0xf1,0x00,0x00,0x00,0x00,0x00,0x00,0x00,0x00,
  0x00,0x00,0x00,0x00,0x00,0x00,0x00,0x00,0x00,0x00,0x00,0x00,0x00,0x02,0x0b,0xcc,0x00,0x04,0x00,0x00,
  0x10,0x12,0x10,0xca,0x00,0x0f,0x00,0x0d,0x00,0x00,0xff,0xee,0x00,0x00,0x00,0x00,0x00,0x00,0x00,0x00,
  0x00,0x00,0x00,0x00,0x00,0x00,0x00,0x00,0x00,0x00,0x00,0x00,0x00,0x00,0x00,0x00,0xff,0xeb,0x00,0x00,
  0x00,0x00,0x00,0x00,0x00,0x00,0x00,0x00,0x00,0x00,0x00,0x00,0x00,0x00,0x00,0x00,0x00,0x00,0x00,0x00,
  0x00,0x00,0x00,0x00,0xff,0xfc,0xff,0xf7,0xff,0xf5,0xff,0xe7,0xff,0xfb,0xff,0xe3,0xff,0xfb,0xff,0xe7,
  0xff,0xf9,0xff,0xf8,0x00,0x00,0x00,0x00,0xff,0xef,0x00,0x00,0x00,0x00,0x00,0x00,0x00,0x00,0x00,0x00,
  0x00,0x00,0x00,0x00,0x00,0x00,0x00,0x00,0x00,0x00,0x00,0x00,0x00,0x00,0xff,0xfd,0x00,0x00,0x00,0x00,
  0x00,0x00,0x00,0x00,0x00,0x00,0x00,0x00,0x00,0x00,0x00,0x00,0x00,0x00,0x00,0x00,0x00,0x00,0x00,0x00,
  0xff,0xec,0x00,0x00,0x00,0x00,0x00,0x00,0x00,0x00,0x00,0x00,0x00,0x00,0x00,0x00,0x00,0x00,0x00,0x00,
  0x00,0x00,0x00,0x00,0x00,0x00,0xff,0xeb,0x00,0x00,0x00,0x00,0x00,0x00,0x00,0x00,0x00,0x00,0x00,0x00,
  0x00,0x00,0x00,0x00,0x00,0x00,0x00,0x00,0x00,0x00,0x00,0x00,0xff,0xf1,0x00,0x00,0x00,0x00,0x00,0x00,
  0x00,0x00,0x00,0x00,0x00,0x00,0x00,0x00,0x00,0x00,0x00,0x00,0x00,0x00,0x00,0x00,0x00,0x00,0xff,0xe9,
  0x00,0x00,0x00,0x00,0x00,0x00,0x00,0x00,0x00,0x00,0x00,0x00,0x00,0x00,0x00,0x00,0x00,0x00,0x00,0x00,
  0x00,0x00,0x00,0x00,0xff,0xe3,0x00,0x00,0x00,0x00,0x00,0x00,0x00,0x00,0x00,0x00,0x00,0x00,0x00,0x00,
  0x00,0x00,0x00,0x00,0x00,0x00,0x00,0x00,0x00,0x00,0xff,0xd9,0x00,0x00,0x00,0x00,0x00,0x00,0x00,0x00,
  0x00,0x00,0x00,0x00,0x00,0x00,0x00,0x00,0x00,0x00,0x00,0x00,0x00,0x00,0x00,0x00,0x00,0x00,0x00,0x00,
  0x00,0x00,0x00,0x00,0x00,0x00,0x00,0x00,0x00,0x00,0x00,0x00,0x00,0x00,0x00,0x00,0x00,0x00,0xff,0xfc,
  0x00,0x00,0xff,0xfd,0x00,0x08,0x00,0x00,0x00,0x00,0x00,0x00,0x00,0x00,0x00,0x00,0x00,0x00,0x00,0x00,
  0x00,0x00,0x00,0x00,0x00,0x00,0x00,0x00,0xff,0xee,0x00,0x00,0x00,0x00,0x00,0x00,0x00,0x00,0x00,0x00,
  0x00,0x00,0x00,0x00,0x00,0x00,0x00,0x00,0x00,0x00,0x00,0x00,0x00,0x00,0xff,0xfa,0x00,0x00,0x00,0x00,
  0x00,0x00,0x00,0x00,0x00,0x00,0x00,0x00,0x00,0x00,0x00,0x00,0x00,0x00,0x00,0x00,0x00,0x00,0x00,0x02,
  0x0a,0x84,0x00,0x04,0x00,0x00,0x10,0x64,0x10,0x68,0x00,0x01,0x00,0x05,0x00,0x00,0x00,0x02,0xff,0xd1,
  0xff,0xf5,0xff,0xf1,0x00,0x02,0x0a,0x76,0x00,0x04,0x00,0x00,0x10,0x4a,0x10,0x88,0x00,0x01,0x00,0x02,
  0x00,0x00,0xff,0xf8,0x00,0x01,0x0a,0x68,0x0a,0x7e,0x00,0x02,0x00,0x0c,0x00,0x72,0x00,0x19,0x00,0x01,
  0x00,0x7e,0x00,0x01,0x00,0x84,0x00,0x01,0x00,0x8a,0x00,0x01,0x00,0x90,0x00,0x01,0x00,0x96,0x00,0x01,
  0x00,0x9c,0x00,0x01,0x00,0x9c,0x00,0x01,0x00,0xa2,0x00,0x01,0x00,0x90,0x00,0x01,0x00,0xa8,0x00,0x01,
  0x00,0xae,0x00,0x00,0x00,0x6c,0x00,0x00,0x00,0x72,0x00,0x01,0x00,0xb4,0x00,0x01,0x00,0xba,0x00,0x01,
  0x00,0xc0,0x00,0x01,0x00,0xc6,0x00,0x01,0x00,0xcc,0x00,0x01,0x00,0xd2,0x00,0x01,0x00,0xd8,0x00,0x01,
  0x00,0xde,0x00,0x01,0x00,0xe4,0x00,0x01,0x00,0xea,0x00,0x01,0x00,0xf0,0x00,0x00,0x00,0x78,0x00,0x01,
  0x00,0x90,0x00,0x96,0x00,0x01,0xff,0xd9,0x00,0x00,0x00,0x01,0xff,0x89,0x00,0x00,0x00,0x01,0xff,0x8a,
  0x00,0x00,0x00,0x01,0xff,0x7c,0x01,0xe7,0x00,0x01,0xff,0xc9,0x01,0xe7,0x00,0x01,0xff,0xc3,0x01,0xe7,
  0x00,0x01,0xff,0x88,0x01,0xe7,0x00,0x01,0xff,0x12,0x01,0xe7,0x00,0x01,0xff,0x69,0x01,0xe7,0x00,0x01,
  0xff,0x60,0x01,0xe7,0x00,0x01,0xff,0x4c,0x01,0xe7,0x00,0x01,0xff,0x7d,0x01,0xe7,0x00,0x01,0xff,0x7c,
  0x02,0x9e,0x00,0x01,0xff,0xc9,0x02,0x9e,0x00,0x01,0xff,0xbd,0x02,0x9e,0x00,0x01,0xff,0x86,0x02,0x9e,
  0x00,0x01,0xff,0x11,0x02,0x9e,0x00,0x01,0xff,0x67,0x02,0x9e,0x00,0x01,0xff,0x5f,0x02,0x9e,0x00,0x01,
  0xff,0x60,0x02,0x9e,0x00,0x01,0xff,0x88,0x02,0x9e,0x00,0x01,0xff,0x4c,0x02,0x9e,0x00,0x01,0xff,0x7d,
  0x02,0x9e,0x00,0x01,0x01,0x27,0x00,0x05,0x00,0x01,0x01,0x34,0x02,0x95,0x00,0x01,0x09,0x76,0x09,0x80,
  0x00,0x04,0x00,0x0c,0x00,0x7e,0x00,0x1c,0x00,0x02,0x05,0x52,0x00,0x02,0x05,0x58,0x00,0x02,0x05,0x5e,
  0x00,0x02,0x05,0x64,0x00,0x02,0x05,0x6a,0x00,0x03,0x05,0xca,0x00,0x02,0x05,0x70,0x00,0x02,0x05,0x70,
  0x00,0x02,0x05,0x76,0x00,0x02,0x05,0x64,0x00,0x02,0x05,0x7c,0x00,0x02,0x05,0x82,0x00,0x00,0x05,0x34,
  0x00,0x00,0x05,0x3a,0x00,0x01,0x05,0x46,0x00,0x02,0x05,0x88,0x00,0x02,0x05,0x8e,0x00,0x02,0x05,0x94,
  0x00,0x02,0x05,0x9a,0x00,0x02,0x05,0xa0,0x00,0x02,0x05,0xa6,0x00,0x02,0x05,0xac,0x00,0x02,0x05,0xb2,
  0x00,0x02,0x05,0xb8,0x00,0x02,0x05,0xbe,0x00,0x02,0x05,0xc4,0x00,0x00,0x05,0x40,0x00,0x01,0x05,0x4c,
  0x00,0x98,0x05,0x5e,0x05,0x64,0x05,0x6a,0x00,0x00,0x05,0x70,0x00,0x00,0x05,0x76,0x00,0x00,0x05,0x7c,
  0x00,0x00,0x05,0x82,0x00,0x00,0x05,0x88,0x05,0x8e,0x05,0x94,0x00,0x00,0x05,0x9a,0x00,0x00,0x05,0xa0,
  0x00,0x00,0x05,0xa6,0x00,0x00,0x05,0xac,0x00,0x00,0x05,0xb2,0x05,0xb8,0x05,0xbe,0x00,0x00,0x05,0xc4,
  0x00,0x00,0x05,0xca,0x00,0x00,0x05,0xd0,0x00,0x00,0x05,0xd6,0x00,0x00,0x05,0xdc,0x00,0x00,0x05,0xe2,
  0x05,0xe8,0x05,0xee,0x00,0x00,0x05,0xf4,0x00,0x00,0x05,0xfa,0x00,0x00,0x06,0x00,0x00,0x00,0x06,0x06,
  0x06,0x0c,0x06,0x12,0x00,0x00,0x06,0x18,0x00,0x00,0x06,0x1e,0x00,0x00,0x06,0x24,0x00,0x00,0x06,0x2a,
  0x00,0x00,0x06,0x30,0x00,0x00,0x06,0x36,0x00,0x00,0x06,0x3c,0x06,0x42,0x06,0x48,0x00,0x00,0x06,0x4e,
  0x00,0x00,0x06,0x54,0x00,0x00,0x06,0x18,0x00,0x00,0x06,0x1e,0x00,0x00,0x05,0x5e,0x00,0x00,0x06,0x5a,
  0x00,0x00,0x06,0x60,0x06,0x66,0x06,0x6c,0x00,0x00,0x06,0x72,0x00,0x00,0x06,0x78,0x00,0x00,0x00,0x00,
  0x00,0x00,0x00,0x00,0x06,0x7e,0x06,0x84,0x06,0x8a,0x06,0x90,0x00,0x00,0x06,0x96,0x00,0x00,0x06,0x9c,
  0x00,0x00,0x06,0xa2,0x00,0x00,0x06,0xa8,0x00,0x00,0x06,0xae,0x00,0x00,0x06,0xb4,0x06,0xba,0x06,0xc0,
  0x00,0x00,0x06,0xc6,0x00,0x00,0x06,0xcc,0x00,0x00,0x06,0xd2,0x00,0x00,0x06,0xd8,0x06,0xde,0x06,0xe4,
  0x00,0x00,0x06,0xae,0x00,0x00,0x06,0xea,0x00,0x00,0x06,0xf0,0x00,0x00,0x06,0xf6,0x00,0x00,0x06,0xfc,
  0x00,0x00,0x00,0x00,0x07,0x02,0x06,0x30,0x07,0x08,0x07,0x0e,0x00,0x00,0x07,0x14,0x00,0x00,0x07,0x1a,
  0x00,0x00,0x07,0x20,0x00,0x00,0x07,0x26,0x00,0x00,0x07,0x2c,0x00,0x00,0x07,0x32,0x00,0x00,0x05,0x5e,
  0x05,0x64,0x05,0x6a,0x00,0x00,0x05,0x5e,0x05,0x64,0x05,0x6a,0x00,0x00,0x05,0x5e,0x05,0x64,0x05,0x6a,
  0x00,0x00,0x05,0x5e,0x05,0x64,0x05,0x6a,0x00,0x00,0x05,0x5e,0x05,0x64,0x05,0x6a,0x00,0x00,0x05,0x5e,
  0x05,0x64,0x05,0x6a,0x00,0x00,0x05,0x70,0x00,0x00,0x05,0x76,0x00,0x00,0x05,0x88,0x05,0x8e,0x05,0x94,
  0x00,0x00,0x05,0x88,0x05,0x8e,0x05,0x94,0x00,0x00,0x05,0x88,0x05,0x8e,0x05,0x94,0x00,0x00,0x05,0x88,
  0x05,0x8e,0x05,0x94,0x00,0x00,0x05,0xb2,0x05,0xb8,0x05,0xbe,0x00,0x00,0x05,0xb2,0x05,0xb8,0x05,0xbe,
  0x00,0x00,0x05,0xb2,0x05,0xb8,0x05,0xbe,0x00,0x00,0x05,0xb2,0x05,0xb8,0x05,0xbe,0x00,0x00,0x05,0xfa,
  0x00,0x00,0x06,0x00,0x00,0x00,0x06,0x06,0x06,0x0c,0x06,0x12,0x00,0x00,0x06,0x06,0x06,0x0c,0x06,0x12,
  0x00,0x00,0x06,0x06,0x06,0x0c,0x06,0x12,0x00,0x00,0x06,0x06,0x06,0x0c,0x06,0x12,0x00,0x00,0x06,0x06,
  0x06,0x0c,0x06,0x12,0x00,0x00,0x06,0x3c,0x06,0x42,0x06,0x48,0x00,0x00,0x06,0x3c,0x06,0x42,0x06,0x48,
  0x00,0x00,0x06,0x3c,0x06,0x42,0x06,0x48,0x00,0x00,0x06,0x3c,0x06,0x42,0x06,0x48,0x00,0x00,0x06,0x18,
  0x00,0x00,0x06,0x1e,0x00,0x00,0x06,0x60,0x06,0x66,0x06,0x6c,0x00,0x00,0x06,0x60,0x06,0x66,0x06,0x6c,
  0x00,0x00,0x06,0x60,0x06,0x66,0x06,0x6c,0x00,0x00,0x06,0x60,0x06,0x66,0x06,0x6c,0x00,0x00,0x06,0x60,
  0x06,0x66,0x06,0x6c,0x00,0x00,0x06,0x60,0x06,0x66,0x06,0x6c,0x00,0x00,0x06,0x72,0x00,0x00,0x06,0x78,
  0x00,0x00,0x06,0x84,0x06,0x8a,0x06,0x90,0x00,0x00,0x06,0x84,0x06,0x8a,0x06,0x90,0x00,0x00,0x06,0x84,
  0x06,0x8a,0x06,0x90,0x00,0x00,0x06,0x84,0x06,0x8a,0x06,0x90,0x00,0x00,0x07,0x38,0x07,0x3e,0x07,0x44,
  0x00,0x00,0x07,0x38,0x07,0x3e,0x07,0x44,0x00,0x00,0x07,0x38,0x07,0x3e,0x07,0x44,0x00,0x00,0x07,0x38,
  0x07,0x3e,0x07,0x44,0x00,0x00,0x06,0xcc,0x00,0x00,0x06,0xd2,0x00,0x00,0x06,0xd8,0x06,0xde,0x06,0xe4,
  0x00,0x00,0x06,0xd8,0x06,0xde,0x06,0xe4,0x00,0x00,0x06,0xd8,0x06,0xde,0x06,0xe4,0x00,0x00,0x06,0xd8,
  0x06,0xde,0x06,0xe4,0x00,0x00,0x06,0xd8,0x06,0xde,0x06,0xe4,0x00,0x00,0x06,0x30,0x07,0x08,0x07,0x0e,
  0x00,0x00,0x06,0x30,0x07,0x08,0x07,0x0e,0x00,0x00,0x06,0x30,0x07,0x08,0x07,0x0e,0x00,0x00,0x06,0x30,
  0x07,0x08,0x07,0x0e,0x00,0x00,0x07,0x20,0x00,0x00,0x07,0x26,0x00,0x00,0x07,0x20,0x00,0x00,0x07,0x26,
  0x00,0x00,0x06,0x60,0x06,0x66,0x06,0x6c,0x00,0x00,0x05,0x5e,0x05,0x64,0x05,0x6a,0x00,0x00,0x06,0x60,
  0x06,0x66,0x06,0x6c,0x00,0x00,0x05,0x70,0x00,0x00,0x05,0x76,0x00,0x00,0x06,0x72,0x00,0x00,0x06,0x78,
  0x00,0x00,0x05,0x70,0x00,0x00,0x05,0x76,0x00,0x00,0x06,0x72,0x00,0x00,0x06,0x78,0x00,0x00,0x05,0x70,
  0x00,0x00,0x05,0x76,0x00,0x00,0x06,0x72,0x00,0x00,0x06,0x78,0x00,0x00,0x05,0x7c,0x00,0x00,0x05,0x82,
  0x00,0x00,0x00,0x00,0x00,0x00,0x00,0x00,0x07,0x4a,0x05,0x88,0x05,0x8e,0x05,0x94,0x00,0x00,0x05,0x88,
  0x05,0x8e,0x05,0x94,0x00,0x00,0x06,0x84,0x06,0x8a,0x06,0x90,0x00,0x00,0x05,0x9a,0x00,0x00,0x05,0xa0,
  0x00,0x00,0x06,0x96,0x00,0x00,0x06,0x9c,0x00,0x00,0x05,0xa6,0x00,0x00,0x05,0xac,0x00,0x00,0x06,0xa2,
  0x00,0x00,0x06,0xa8,0x00,0x00,0x05,0xc4,0x00,0x00,0x05,0xca,0x00,0x00,0x07,0x50,0x00,0x00,0x07,0x56,
  0x00,0x00,0x05,0xdc,0x00,0x00,0x05,0xe2,0x05,0xe8,0x06,0xae,0x00,0x00,0x06,0xb4,0x06,0xba,0x05,0xdc,
  0x00,0x00,0x05,0xe2,0x05,0xe8,0x07,0x38,0x00,0x00,0x07,0x5c,0x07,0x62,0x07,0x68,0x00,0x00,0x07,0x6e,
  0x07,0x74,0x05,0xfa,0x00,0x00,0x06,0x00,0x00,0x00,0x06,0xcc,0x00,0x00,0x06,0xd2,0x00,0x00,0x05,0xfa,
  0x00,0x00,0x06,0x00,0x00,0x00,0x06,0xcc,0x00,0x00,0x06,0xd2,0x00,0x00,0x06,0x06,0x06,0x0c,0x06,0x12,
  0x00,0x00,0x06,0xd8,0x06,0xde,0x06,0xe4,0x00,0x00,0x06,0x18,0x00,0x00,0x06,0x1e,0x00,0x00,0x06,0xae,
  0x00,0x00,0x06,0xea,0x00,0x00,0x06,0x18,0x00,0x00,0x06,0x1e,0x00,0x00,0x06,0xae,0x00,0x00,0x06,0xea,
  0x00,0x00,0x06,0x24,0x00,0x00,0x06,0x2a,0x00,0x00,0x06,0xf0,0x00,0x00,0x06,0xf6,0x00,0x00,0x06,0x24,
  0x00,0x00,0x06,0x2a,0x00,0x00,0x06,0xf0,0x00,0x00,0x06,0xf6,0x00,0x00,0x06,0x24,0x00,0x00,0x06,0x2a,
  0x00,0x00,0x06,0xf0,0x00,0x00,0x06,0xf6,0x00,0x00,0x06,0x24,0x00,0x00,0x06,0x2a,0x00,0x00,0x06,0xf0,
  0x00,0x00,0x06,0xf6,0x00,0x00,0x06,0x30,0x00,0x00,0x06,0x36,0x00,0x00,0x06,0xfc,0x00,0x00,0x00,0x00,
  0x07,0x02,0x06,0x30,0x00,0x00,0x06,0x36,0x00,0x00,0x07,0x7a,0x00,0x00,0x00,0x00,0x07,0x80,0x06,0x3c,
  0x06,0x42,0x06,0x48,0x00,0x00,0x06,0x30,0x07,0x08,0x07,0x0e,0x00,0x00,0x06,0x3c,0x06,0x42,0x06,0x48,
  0x00,0x00,0x06,0x30,0x07,0x08,0x07,0x0e,0x00,0x00,0x06,0x3c,0x06,0x42,0x06,0x48,0x00,0x00,0x06,0x30,
  0x07,0x08,0x07,0x0e,0x00,0x00,0x06,0x18,0x00,0x00,0x06,0x1e,0x00,0x00,0x05,0x5e,0x00,0x00,0x06,0x5a,
  0x00,0x00,0x07,0x2c,0x00,0x00,0x07,0x32,0x00,0x00,0x05,0x5e,0x00,0x00,0x06,0x5a,0x00,0x00,0x07,0x2c,
  0x00,0x00,0x07,0x32,0x00,0x00,0x05,0x5e,0x00,0x00,0x06,0x5a,0x00,0x00,0x07,0x2c,0x00,0x00,0x07,0x32,
  0x00,0x00,0x07,0x38,0x07,0x3e,0x07,0x44,0x00,0x00,0x07,0x50,0x00,0x00,0x07,0x56,0x00,0x00,0x00,0x01,
  0xff,0xd9,0x00,0x00,0x00,0x01,0xff,0x89,0x00,0x00,0x00,0x01,0xff,0x8a,0x00,0x00,0x00,0x01,0xff,0xb3,
  0x00,0x1d,0x00,0x01,0xff,0xb3,0x00,0x1f,0x00,0x01,0xff,0x7c,0x01,0xe7,0x00,0x01,0xff,0xc9,0x01,0xe7,
  0x00,0x01,0xff,0xc3,0x01,0xe7,0x00,0x01,0xff,0x88,0x01,0xe7,0x00,0x01,0xff,0x12,0x01,0xe7,0x00,0x01,
  0xff,0x69,0x01,0xe7,0x00,0x01,0xff,0x60,0x01,0xe7,0x00,0x01,0xff,0x4c,0x01,0xe7,0x00,0x01,0xff,0x7d,
  0x01,0xe7,0x00,0x01,0xff,0x7c,0x02,0x9e,0x00,0x01,0xff,0xc9,0x02,0x9e,0x00,0x01,0xff,0xbd,0x02,0x9e,
  0x00,0x01,0xff,0x86,0x02,0x9e,0x00,0x01,0xff,0x11,0x02,0x9e,0x00,0x01,0xff,0x67,0x02,0x9e,0x00,0x01,
  0xff,0x5f,0x02,0x9e,0x00,0x01,0xff,0x60,0x02,0x9e,0x00,0x01,0xff,0x88,0x02,0x9e,0x00,0x01,0xff,0x4c,
  0x02,0x9e,0x00,0x01,0xff,0x7d,0x02,0x9e,0x00,0x01,0xff,0xa5,0x02,0x9e,0x00,0x01,0x01,0x23,0x00,0x00,
  0x00,0x01,0x02,0x1c,0x00,0x18,0x00,0x01,0x01,0x2d,0x02,0x9e,0x00,0x01,0x01,0x4e,0x00,0x00,0x00,0x01,
  0x01,0x57,0x02,0x9e,0x00,0x01,0x01,0x3a,0x00,0x00,0x00,0x01,0x01,0x3a,0x02,0x9e,0x00,0x01,0x01,0x46,
  0x00,0x00,0x00,0x01,0x01,0xfb,0x00,0x1e,0x00,0x01,0x01,0x46,0x02,0x9e,0x00,0x01,0x01,0x67,0x00,0x00,
  0x00,0x01,0x01,0x69,0x02,0x9e,0x00,0x01,0x01,0x6a,0x00,0x00,0x00,0x01,0x01,0x6a,0x02,0x9e,0x00,0x01,
  0x00,0xc5,0x00,0x00,0x00,0x01,0x01,0x4b,0x00,0x14,0x00,0x01,0x00,0xc5,0x02,0x9e,0x00,0x01,0x00,0xe1,
  0x00,0x00,0x00,0x01,0x01,0x1d,0x02,0x9e,0x00,0x01,0x01,0x18,0x00,0x00,0x00,0x01,0x01,0x18,0x02,0x9e,
  0x00,0x01,0x01,0x30,0x00,0x00,0x00,0x01,0x00,0x85,0x02,0x9e,0x00,0x01,0x01,0x62,0x02,0x9e,0x00,0x01,
  0x01,0xa3,0x00,0x00,0x00,0x01,0x01,0xa3,0x02,0x9e,0x00,0x01,0x01,0x49,0x00,0x00,0x00,0x01,0x01,0x49,
  0x02,0x9e,0x00,0x01,0x01,0x43,0x00,0x00,0x00,0x01,0x01,0x46,0x00,0x15,0x00,0x01,0x01,0x43,0x02,0x9e,
  0x00,0x01,0x01,0x29,0x00,0x00,0x00,0x01,0x01,0x29,0x02,0x9e,0x00,0x01,0x01,0x16,0x00,0x00,0x00,0x01,
  0x01,0x23,0x02,0x9e,0x00,0x01,0x01,0x00,0x00,0x00,0x00,0x01,0x01,0x05,0x02,0x9e,0x00,0x01,0x01,0x5b,
  0x00,0x00,0x00,0x01,0x01,0x71,0x00,0x13,0x00,0x01,0x01,0x5b,0x02,0x9e,0x00,0x01,0x01,0xb2,0x00,0x00,
  0x00,0x01,0x01,0xb2,0x02,0x9e,0x00,0x01,0x01,0x27,0x02,0x9e,0x00,0x01,0x00,0xfc,0x00,0x00,0x00,0x01,
  0x01,0xc8,0x00,0x04,0x00,0x01,0x01,0x22,0x01,0xe7,0x00,0x01,0x00,0xfd,0x00,0x00,0x00,0x01,0x01,0x0e,
  0x01,0xe7,0x00,0x01,0x01,0xf6,0x02,0x9e,0x00,0x01,0x01,0x03,0x00,0x00,0x00,0x01,0x01,0x52,0x00,0x18,
  0x00,0x01,0x01,0x09,0x01,0xe7,0x00,0x01,0x01,0x08,0xff,0x00,0x00,0x01,0x01,0x08,0x01,0xe7,0x00,0x01,
  0x01,0x0c,0x00,0x00,0x00,0x01,0x00,0x6d,0x02,0x9e,0x00,0x01,0x00,0x6e,0x00,0x00,0x00,0x01,0x00,0x6e,
  0x02,0x9e,0x00,0x01,0x00,0xbf,0x02,0x9e,0x00,0x01,0x01,0xaf,0x00,0x00,0x00,0x01,0x01,0xcb,0x01,0xe7,
  0x00,0x01,0x01,0x13,0x00,0x00,0x00,0x01,0x01,0x13,0x01,0xe7,0x00,0x01,0x01,0x06,0x00,0x00,0x00,0x01,
  0x01,0x18,0x00,0x16,0x00,0x01,0x01,0x0b,0x01,0xe7,0x00,0x01,0x00,0xc9,0x01,0xe7,0x00,0x01,0x00,0xd1,
  0x00,0x00,0x00,0x01,0x00,0xd0,0x01,0xe7,0x00,0x01,0x00,0x84,0xff,0xff,0x00,0x01,0x00,0xef,0x02,0xf0,
  0x00,0x01,0x01,0xa6,0x00,0x04,0x00,0x01,0x01,0x00,0x01,0xe7,0x00,0x01,0x01,0x2b,0x00,0x00,0x00,0x01,
  0x01,0x2b,0x01,0xe7,0x00,0x01,0x00,0xe0,0x00,0x00,0x00,0x01,0x00,0xe0,0x01,0xe7,0x00,0x01,0x00,0xd9,
  0x00,0x00,0x00,0x01,0x00,0xdc,0x01,0xe7,0x00,0x01,0x00,0x6e,0xff,0xfa,0x00,0x01,0x00,0x81,0x00,0x18,
  0x00,0x01,0x00,0x71,0x01,0xee,0x00,0x01,0x01,0xf6,0x02,0x98,0x00,0x01,0x00,0x77,0xff,0x00,0x00,0x01,
  0x00,0x77,0x01,0xee,0x00,0x01,0x00,0x6e,0x02,0x98,0x00,0x01,0x00,0xbf,0x02,0x98,0x00,0x01,0x01,0x31,
  0xff,0xfa,0x00,0x01,0x00,0x86,0x02,0x98,0x00,0x01,0x01,0x63,0x02,0x98,0x00,0x01,0x00,0x84,0xff,0xf9,
  0x00,0x01,0x00,0xef,0x02,0xea,0x00,0x01,0x00,0x05,0x00,0x0c,0x00,0x12,0x00,0x14,0x00,0x15,0x00,0x1a,
  0x00,0x01,0x00,0x21,0x00,0x10,0x00,0x12,0x00,0x24,0x00,0x27,0x00,0x29,0x00,0x2f,0x00,0x32,0x00,0x33,
  0x00,0x34,0x00,0x37,0x00,0x39,0x00,0x3a,0x00,0x3c,0x00,0x42,0x00,0x49,0x00,0x55,0x00,0x7d,0x00,0x8d,
  0x00,0x8f,0x00,0x90,0x00,0x91,0x00,0x92,0x00,0x93,0x00,0x95,0x00,0x9a,0x00,0xca,0x00,0xda,0x00,0xe0,
  0x00,0xe5,0x00,0xe7,0x00,0xf0,0x00,0xf2,0x00,0xfa,0x00,0x01,0x00,0x4f,0x00,0x24,0x00,0x26,0x00,0x27,
  0x00,0x28,0x00,0x29,0x00,0x2b,0x00,0x2c,0x00,0x2d,0x00,0x2e,0x00,0x2f,0x00,0x30,0x00,0x31,0x00,0x32,
  0x00,0x33,0x00,0x34,0x00,0x35,0x00,0x37,0x00,0x38,0x00,0x39,0x00,0x3a,0x00,0x3c,0x00,0x3d,0x00,0x7d,
  0x00,0x7e,0x00,0x7f,0x00,0x80,0x00,0x81,0x00,0x82,0x00,0x83,0x00,0x84,0x00,0x85,0x00,0x86,0x00,0x87,
  0x00,0x88,0x00,0x89,0x00,0x8a,0x00,0x8b,0x00,0x8c,0x00,0x8d,0x00,0x8e,0x00,0x8f,0x00,0x90,0x00,0x91,
  0x00,0x92,0x00,0x93,0x00,0x95,0x00,0x96,0x00,0x97,0x00,0x98,0x00,0x99,0x00,0x9a,0x00,0xbe,0x00,0xc0,
  0x00,0xc2,0x00,0xc4,0x00,0xc6,0x00,0xca,0x00,0xcc,0x00,0xce,0x00,0xd2,0x00,0xd4,0x00,0xd6,0x00,0xd8,
  0x00,0xda,0x00,0xdc,0x00,0xde,0x00,0xe0,0x00,0xe2,0x00,0xe4,0x00,0xe6,0x00,0xf0,0x00,0xf2,0x00,0xf4,
  0x00,0xf6,0x00,0xf8,0x00,0xfa,0x00,0xfb,0x00,0xfd,0x00,0xff,0x00,0x01,0x00,0x25,0x00,0x45,0x00,0x49,
  0x00,0x4e,0x00,0x52,0x00,0x53,0x00,0x54,0x00,0x55,0x00,0x56,0x00,0x57,0x00,0x59,0x00,0x5a,0x00,0x5b,
  0x00,0x5c,0x00,0x5d,0x00,0xae,0x00,0xaf,0x00,0xb0,0x00,0xb1,0x00,0xb2,0x00,0xb3,0x00,0xb5,0x00,0xba,
  0x00,0xbb,0x00,0xbc,0x00,0xdb,0x00,0xe1,0x00,0xe5,0x00,0xe7,0x00,0xe9,0x00,0xeb,0x00,0xed,0x00,0xef,
  0x00,0xf1,0x00,0xf3,0x00,0xfc,0x00,0xfe,0x01,0x00,0x00,0x01,0x00,0x04,0x00,0x10,0x01,0x09,0x01,0x0a,
  0x01,0x17,0x00,0x01,0x00,0x01,0x00,0x74,0x00,0x02,0x00,0x03,0x01,0x2c,0x01,0x30,0x00,0x00,0x01,0x32,
  0x01,0x39,0x00,0x05,0x01,0x3b,0x01,0x46,0x00,0x0d,0x00,0x01,0x00,0x01,0x00,0x07,0x00,0x02,0x00,0x01,
  0x01,0x2c,0x01,0x47,0x00,0x00,0x00,0x02,0x00,0x1c,0x00,0x24,0x00,0x24,0x00,0x00,0x00,0x26,0x00,0x28,
  0x00,0x01,0x00,0x2a,0x00,0x32,0x00,0x04,0x00,0x35,0x00,0x38,0x00,0x0d,0x00,0x3a,0x00,0x3a,0x00,0x11,
  0x00,0x3c,0x00,0x3d,0x00,0x12,0x00,0x44,0x00,0x44,0x00,0x14,0x00,0x46,0x00,0x48,0x00,0x15,0x00,0x4a,
  0x00,0x4b,0x00,0x18,0x00,0x4f,0x00,0x52,0x00,0x1a,0x00,0x55,0x00,0x58,0x00,0x1e,0x00,0x5a,0x00,0x5a,
  0x00,0x22,0x00,0x5c,0x00,0x5d,0x00,0x23,0x00,0x7d,0x00,0x82,0x00,0x25,0x00,0x84,0x00,0x8c,0x00,0x2b,
  0x00,0x8e,0x00,0x93,0x00,0x34,0x00,0x96,0x00,0x9a,0x00,0x3a,0x00,0x9d,0x00,0xa2,0x00,0x3f,0x00,0xa4,
  0x00,0xac,0x00,0x45,0x00,0xae,0x00,0xb3,0x00,0x4e,0x00,0xb6,0x00,0xba,0x00,0x54,0x00,0xbc,0x00,0xbf,
  0x00,0x59,0x00,0xc2,0x00,0xc9,0x00,0x5d,0x00,0xcc,0x00,0xcc,0x00,0x65,0x00,0xce,0x00,0xda,0x00,0x66,
  0x00,0xdc,0x00,0xe1,0x00,0x73,0x00,0xe4,0x01,0x00,0x00,0x79,0x01,0x22,0x01,0x23,0x00,0x96,0x00,0x02,
  0x00,0x39,0x00,0x26,0x00,0x26,0x00,0x0e,0x00,0x27,0x00,0x27,0x00,0x07,0x00,0x28,0x00,0x28,0x00,0x0f,
  0x00,0x29,0x00,0x29,0x00,0x01,0x00,0x2b,0x00,0x2b,0x00,0x02,0x00,0x2c,0x00,0x2c,0x00,0x03,0x00,0x2d,
  0x00,0x2d,0x00,0x10,0x00,0x2e,0x00,0x2e,0x00,0x04,0x00,0x2f,0x00,0x2f,0x00,0x05,0x00,0x30,0x00,0x30,
  0x00,0x06,0x00,0x31,0x00,0x31,0x00,0x02,0x00,0x32,0x00,0x32,0x00,0x07,0x00,0x33,0x00,0x33,0x00,0x08,
  0x00,0x34,0x00,0x34,0x00,0x07,0x00,0x35,0x00,0x35,0x00,0x11,0x00,0x37,0x00,0x37,0x00,0x09,0x00,0x38,
  0x00,0x38,0x00,0x12,0x00,0x39,0x00,0x39,0x00,0x0a,0x00,0x3a,0x00,0x3a,0x00,0x0b,0x00,0x3c,0x00,0x3c,
  0x00,0x0c,0x00,0x3d,0x00,0x3d,0x00,0x0d,0x00,0x83,0x00,0x83,0x00,0x0f,0x00,0x84,0x00,0x84,0x00,0x0e,
  0x00,0x85,0x00,0x88,0x00,0x0f,0x00,0x89,0x00,0x8c,0x00,0x03,0x00,0x8d,0x00,0x8d,0x00,0x07,0x00,0x8e,
  0x00,0x8e,0x00,0x02,0x00,0x8f,0x00,0x93,0x00,0x07,0x00,0x95,0x00,0x95,0x00,0x07,0x00,0x96,0x00,0x99,
  0x00,0x12,0x00,0x9a,0x00,0x9a,0x00,0x0c,0x00,0xc2,0x00,0xc2,0x00,0x0e,0x00,0xc4,0x00,0xc4,0x00,0x0e,
  0x00,0xc6,0x00,0xc6,0x00,0x0e,0x00,0xca,0x00,0xca,0x00,0x07,0x00,0xcc,0x00,0xcc,0x00,0x0f,0x00,0xce,
  0x00,0xce,0x00,0x0f,0x00,0xd2,0x00,0xd2,0x00,0x02,0x00,0xd4,0x00,0xd4,0x00,0x10,0x00,0xd6,0x00,0xd6,
  0x00,0x05,0x00,0xd8,0x00,0xd8,0x00,0x05,0x00,0xda,0x00,0xda,0x00,0x05,0x00,0xdc,0x00,0xdc,0x00,0x02,
  0x00,0xde,0x00,0xde,0x00,0x02,0x00,0xe0,0x00,0xe0,0x00,0x07,0x00,0xe2,0x00,0xe2,0x00,0x0f,0x00,0xe4,
  0x00,0xe4,0x00,0x11,0x00,0xe6,0x00,0xe6,0x00,0x11,0x00,0xf0,0x00,0xf0,0x00,0x09,0x00,0xf2,0x00,0xf2,
  0x00,0x09,0x00,0xf4,0x00,0xf4,0x00,0x12,0x00,0xf6,0x00,0xf6,0x00,0x12,0x00,0xf8,0x00,0xf8,0x00,0x12,
  0x00,0xfa,0x00,0xfa,0x00,0x0c,0x00,0xfb,0x00,0xfb,0x00,0x0d,0x00,0xfd,0x00,0xfd,0x00,0x0d,0x00,0xff,
  0x00,0xff,0x00,0x0d,0x00,0x02,0x00,0x49,0x00,0x0f,0x00,0x0f,0x00,0x09,0x00,0x10,0x00,0x10,0x00,0x05,
  0x00,0x11,0x00,0x11,0x00,0x10,0x00,0x1d,0x00,0x1d,0x00,0x11,0x00,0x1e,0x00,0x1e,0x00,0x09,0x00,0x24,
  0x00,0x24,0x00,0x07,0x00,0x26,0x00,0x26,0x00,0x01,0x00,0x2a,0x00,0x2a,0x00,0x01,0x00,0x2c,0x00,0x2c,
  0x00,0x0e,0x00,0x30,0x00,0x30,0x00,0x08,0x00,0x32,0x00,0x32,0x00,0x01,0x00,0x34,0x00,0x34,0x00,0x01,
  0x00,0x37,0x00,0x37,0x00,0x02,0x00,0x38,0x00,0x38,0x00,0x0c,0x00,0x39,0x00,0x39,0x00,0x03,0x00,0x3a,
  0x00,0x3a,0x00,0x04,0x00,0x3c,0x00,0x3c,0x00,0x06,0x00,0x3d,0x00,0x3d,0x00,0x0f,0x00,0x44,0x00,0x44,
  0x00,0x0a,0x00,0x46,0x00,0x48,0x00,0x0a,0x00,0x4a,0x00,0x4a,0x00,0x0a,0x00,0x52,0x00,0x52,0x00,0x0a,
  0x00,0x54,0x00,0x54,0x00,0x0a,0x00,0x58,0x00,0x58,0x00,0x0d,0x00,0x74,0x00,0x74,0x00,0x0b,0x00,0x7d,
  0x00,0x82,0x00,0x07,0x00,0x84,0x00,0x84,0x00,0x01,0x00,0x89,0x00,0x8c,0x00,0x0e,0x00,0x8f,0x00,0x93,
  0x00,0x01,0x00,0x95,0x00,0x95,0x00,0x01,0x00,0x96,0x00,0x99,0x00,0x0c,0x00,0x9a,0x00,0x9a,0x00,0x06,
  0x00,0x9d,0x00,0xa8,0x00,0x0a,0x00,0xae,0x00,0xb3,0x00,0x0a,0x00,0xb5,0x00,0xb5,0x00,0x0a,0x00,0xb6,
  0x00,0xb9,0x00,0x0d,0x00,0xbd,0x00,0xbd,0x00,0x0a,0x00,0xbe,0x00,0xbe,0x00,0x07,0x00,0xbf,0x00,0xbf,
  0x00,0x0a,0x00,0xc0,0x00,0xc0,0x00,0x07,0x00,0xc1,0x00,0xc1,0x00,0x0a,0x00,0xc2,0x00,0xc2,0x00,0x01,
  0x00,0xc3,0x00,0xc3,0x00,0x0a,0x00,0xc4,0x00,0xc4,0x00,0x01,0x00,0xc5,0x00,0xc5,0x00,0x0a,0x00,0xc6,
  0x00,0xc6,0x00,0x01,0x00,0xc7,0x00,0xc7,0x00,0x0a,0x00,0xc9,0x00,0xc9,0x00,0x0a,0x00,0xcb,0x00,0xcb,
  0x00,0x0a,0x00,0xcd,0x00,0xcd,0x00,0x0a,0x00,0xcf,0x00,0xcf,0x00,0x0a,0x00,0xd0,0x00,0xd0,0x00,0x01,
  0x00,0xd1,0x00,0xd1,0x00,0x0a,0x00,0xe0,0x00,0xe0,0x00,0x01,0x00,0xe1,0x00,0xe1,0x00,0x0a,0x00,0xe2,
  0x00,0xe2,0x00,0x01,0x00,0xe3,0x00,0xe3,0x00,0x0a,0x00,0xf0,0x00,0xf0,0x00,0x02,0x00,0xf2,0x00,0xf2,
  0x00,0x02,0x00,0xf4,0x00,0xf4,0x00,0x0c,0x00,0xf5,0x00,0xf5,0x00,0x0d,0x00,0xf6,0x00,0xf6,0x00,0x0c,
  0x00,0xf7,0x00,0xf7,0x00,0x0d,0x00,0xf8,0x00,0xf8,0x00,0x0c,0x00,0xf9,0x00,0xf9,0x00,0x0d,0x00,0xfa,
  0x00,0xfa,0x00,0x06,0x00,0xfb,0x00,0xfb,0x00,0x0f,0x00,0xfd,0x00,0xfd,0x00,0x0f,0x00,0xff,0x00,0xff,
  0x00,0x0f,0x01,0x09,0x01,0x0a,0x00,0x05,0x01,0x12,0x01,0x12,0x00,0x10,0x01,0x17,0x01,0x17,0x00,0x05,
  0x01,0x25,0x01,0x25,0x00,0x05,0x00,0x02,0x00,0x1e,0x00,0x45,0x00,0x45,0x00,0x02,0x00,0x4e,0x00,0x4e,
  0x00,0x01,0x00,0x52,0x00,0x53,0x00,0x02,0x00,0x54,0x00,0x54,0x00,0x0b,0x00,0x55,0x00,0x55,0x00,0x03,
  0x00,0x56,0x00,0x56,0x00,0x0c,0x00,0x57,0x00,0x57,0x00,0x09,0x00,0x59,0x00,0x59,0x00,0x05,0x00,0x5a,
  0x00,0x5a,0x00,0x0d,0x00,0x5b,0x00,0x5b,0x00,0x06,0x00,0x5c,0x00,0x5c,0x00,0x07,0x00,0x5d,0x00,0x5d,
  0x00,0x08,0x00,0xae,0x00,0xb3,0x00,0x02,0x00,0xb5,0x00,0xb5,0x00,0x02,0x00,0xba,0x00,0xba,0x00,0x07,
  0x00,0xbb,0x00,0xbb,0x00,0x02,0x00,0xbc,0x00,0xbc,0x00,0x07,0x00,0xdb,0x00,0xdb,0x00,0x0e,0x00,0xe1,
  0x00,0xe1,0x00,0x02,0x00,0xe5,0x00,0xe5,0x00,0x03,0x00,0xe7,0x00,0xe7,0x00,0x03,0x00,0xe9,0x00,0xe9,
  0x00,0x0c,0x00,0xeb,0x00,0xeb,0x00,0x0c,0x00,0xed,0x00,0xed,0x00,0x0c,0x00,0xef,0x00,0xef,0x00,0x0c,
  0x00,0xf1,0x00,0xf1,0x00,0x04,0x00,0xf3,0x00,0xf3,0x00,0x0a,0x00,0xfc,0x00,0xfc,0x00,0x08,0x00,0xfe,
  0x00,0xfe,0x00,0x08,0x01,0x00,0x01,0x00,0x00,0x08,0x00,0x02,0x00,0x32,0x00,0x11,0x00,0x11,0x00,0x09,
  0x00,0x44,0x00,0x44,0x00,0x01,0x00,0x46,0x00,0x48,0x00,0x01,0x00,0x49,0x00,0x49,0x00,0x02,0x00,0x4a,
  0x00,0x4a,0x00,0x01,0x00,0x4d,0x00,0x4d,0x00,0x08,0x00,0x52,0x00,0x52,0x00,0x01,0x00,0x54,0x00,0x54,
  0x00,0x01,0x00,0x56,0x00,0x56,0x00,0x0a,0x00,0x57,0x00,0x57,0x00,0x03,0x00,0x58,0x00,0x58,0x00,0x0c,
  0x00,0x59,0x00,0x59,0x00,0x04,0x00,0x5a,0x00,0x5a,0x00,0x0b,0x00,0x5b,0x00,0x5b,0x00,0x05,0x00,0x5c,
  0x00,0x5c,0x00,0x06,0x00,0x5d,0x00,0x5d,0x00,0x07,0x00,0x9d,0x00,0xa8,0x00,0x01,0x00,0xae,0x00,0xb3,
  0x00,0x01,0x00,0xb5,0x00,0xb5,0x00,0x01,0x00,0xb6,0x00,0xb9,0x00,0x0c,0x00,0xba,0x00,0xba,0x00,0x06,
  0x00,0xbc,0x00,0xbc,0x00,0x06,0x00,0xbd,0x00,0xbd,0x00,0x01,0x00,0xbf,0x00,0xbf,0x00,0x01,0x00,0xc1,
  0x00,0xc1,0x00,0x01,0x00,0xc3,0x00,0xc3,0x00,0x01,0x00,0xc5,0x00,0xc5,0x00,0x01,0x00,0xc7,0x00,0xc7,
  0x00,0x01,0x00,0xc9,0x00,0xc9,0x00,0x01,0x00,0xcb,0x00,0xcb,0x00,0x01,0x00,0xcd,0x00,0xcd,0x00,0x01,
  0x00,0xcf,0x00,0xcf,0x00,0x01,0x00,0xd1,0x00,0xd1,0x00,0x01,0x00,0xd5,0x00,0xd5,0x00,0x08,0x00,0xe1,
  0x00,0xe1,0x00,0x01,0x00,0xe3,0x00,0xe3,0x00,0x01,0x00,0xe9,0x00,0xe9,0x00,0x0a,0x00,0xeb,0x00,0xeb,
  0x00,0x0a,0x00,0xed,0x00,0xed,0x00,0x0a,0x00,0xef,0x00,0xef,0x00,0x0a,0x00,0xf1,0x00,0xf1,0x00,0x03,
  0x00,0xf3,0x00,0xf3,0x00,0x03,0x00,0xf5,0x00,0xf5,0x00,0x0c,0x00,0xf7,0x00,0xf7,0x00,0x0c,0x00,0xf9,
  0x00,0xf9,0x00,0x0c,0x00,0xfc,0x00,0xfc,0x00,0x07,0x00,0xfe,0x00,0xfe,0x00,0x07,0x01,0x00,0x01,0x00,
  0x00,0x07,0x01,0x12,0x01,0x12,0x00,0x09,0x01,0x23,0x01,0x23,0x00,0x08,0x00,0x02,0x00,0x00,0x00,0x02,
  0x00,0x09,0x00,0x24,0x00,0x24,0x00,0x01,0x00,0x39,0x00,0x39,0x00,0x02,0x00,0x3a,0x00,0x3a,0x00,0x03,
  0x00,0x3c,0x00,0x3c,0x00,0x04,0x00,0x7d,0x00,0x82,0x00,0x01,0x00,0x9a,0x00,0x9a,0x00,0x04,0x00,0xbe,
  0x00,0xbe,0x00,0x01,0x00,0xc0,0x00,0xc0,0x00,0x01,0x00,0xfa,0x00,0xfa,0x00,0x04,0x00,0x02,0x00,0x15,
  0x00,0x25,0x00,0x25,0x00,0x01,0x00,0x28,0x00,0x29,0x00,0x01,0x00,0x2b,0x00,0x2b,0x00,0x01,0x00,0x2e,
  0x00,0x2f,0x00,0x01,0x00,0x31,0x00,0x31,0x00,0x01,0x00,0x33,0x00,0x33,0x00,0x01,0x00,0x35,0x00,0x35,
  0x00,0x01,0x00,0x85,0x00,0x88,0x00,0x01,0x00,0x8d,0x00,0x8e,0x00,0x01,0x00,0x9b,0x00,0x9b,0x00,0x01,
  0x00,0xc8,0x00,0xc8,0x00,0x01,0x00,0xca,0x00,0xca,0x00,0x01,0x00,0xcc,0x00,0xcc,0x00,0x01,0x00,0xce,
  0x00,0xce,0x00,0x01,0x00,0xd2,0x00,0xd2,0x00,0x01,0x00,0xd6,0x00,0xd6,0x00,0x01,0x00,0xd8,0x00,0xd8,
  0x00,0x01,0x00,0xdc,0x00,0xdc,0x00,0x01,0x00,0xde,0x00,0xde,0x00,0x01,0x00,0xe4,0x00,0xe4,0x00,0x01,
  0x00,0xe6,0x00,0xe6,0x00,0x01,0x00,0x00,0x00,0x01,0x00,0x00,0x00,0x0a,0x00,0x28,0x00,0x74,0x00,0x01,
  0x44,0x46,0x4c,0x54,0x00,0x08,0x00,0x04,0x00,0x00,0x00,0x00,0xff,0xff,0x00,0x06,0x00,0x00,0x00,0x01,
  0x00,0x02,0x00,0x03,0x00,0x04,0x00,0x05,0x00,0x06,0x61,0x61,0x6c,0x74,0x00,0x26,0x63,0x61,0x73,0x65,
  0x00,0x2c,0x63,0x63,0x6d,0x70,0x00,0x32,0x66,0x72,0x61,0x63,0x00,0x3a,0x6f,0x72,0x64,0x6e,0x00,0x40,
  0x73,0x75,0x70,0x73,0x00,0x46,0x00,0x00,0x00,0x01,0x00,0x00,0x00,0x00,0x00,0x01,0x00,0x06,0x00,0x00,
  0x00,0x02,0x00,0x01,0x00,0x02,0x00,0x00,0x00,0x01,0x00,0x04,0x00,0x00,0x00,0x01,0x00,0x05,0x00,0x00,
  0x00,0x01,0x00,0x03,0x00,0x09,0x00,0x14,0x00,0x1c,0x00,0x2a,0x00,0x34,0x00,0x3c,0x00,0x44,0x00,0x4e,
  0x00,0x56,0x00,0x5e,0x00,0x01,0x00,0x00,0x00,0x01,0x01,0x3e,0x00,0x06,0x00,0x00,0x00,0x04,0x00,0x4a,
  0x00,0x5c,0x00,0x70,0x00,0x82,0x00,0x06,0x00,0x00,0x00,0x02,0x00,0x86,0x00,0x98,0x00,0x01,0x00,0x00,
  0x00,0x01,0x00,0xa0,0x00,0x04,0x00,0x00,0x00,0x01,0x00,0xa6,0x00,0x06,0x00,0x00,0x00,0x02,0x00,0xca,
  0x00,0xdc,0x00,0x01,0x00,0x00,0x00,0x01,0x00,0xe4,0x00,0x01,0x00,0x00,0x00,0x01,0x01,0x2c,0x00,0x01,
  0x00,0x00,0x00,0x01,0x01,0x48,0x00,0x03,0x00,0x00,0x00,0x01,0x01,0x4e,0x00,0x01,0x01,0x56,0x00,0x01,
  0x00,0x00,0x00,0x07,0x00,0x03,0x00,0x00,0x00,0x01,0x01,0x3c,0x00,0x02,0x01,0x54,0x01,0x44,0x00,0x01,
  0x00,0x00,0x00,0x07,0x00,0x03,0x00,0x01,0x01,0x48,0x00,0x01,0x01,0x48,0x00,0x00,0x00,0x01,0x00,0x00,
  0x00,0x07,0x00,0x03,0x00,0x01,0x01,0x4c,0x00,0x01,0x01,0x36,0x00,0x00,0x00,0x01,0x00,0x00,0x00,0x07,
  0x00,0x03,0x00,0x00,0x00,0x01,0x01,0x24,0x00,0x01,0x01,0xf2,0x00,0x01,0x00,0x00,0x00,0x07,0x00,0x03,
  0x00,0x01,0x01,0xe0,0x00,0x01,0x01,0x12,0x00,0x00,0x00,0x01,0x00,0x00,0x00,0x07,0x00,0x02,0x01,0xd8,
  0x00,0x04,0x00,0x77,0x00,0x71,0x00,0x72,0x01,0x24,0x00,0x01,0x01,0xd4,0x00,0x02,0x00,0x0a,0x00,0x20,
  0x00,0x02,0x00,0x06,0x00,0x0e,0x00,0x7a,0x00,0x03,0x00,0x12,0x00,0x15,0x00,0x79,0x00,0x03,0x00,0x12,
  0x00,0x17,0x00,0x01,0x00,0x04,0x00,0x7b,0x00,0x03,0x00,0x12,0x00,0x17,0x00,0x03,0x00,0x01,0x01,0xb0,
  0x00,0x01,0x01,0xba,0x00,0x00,0x00,0x01,0x00,0x00,0x00,0x08,0x00,0x03,0x00,0x01,0x01,0x9e,0x00,0x01,
  0x01,0xb0,0x00,0x00,0x00,0x01,0x00,0x00,0x00,0x08,0x00,0x02,0x00,0xa2,0x00,0x0d,0x01,0x3b,0x01,0x3c,
  0x01,0x3d,0x01,0x3e,0x01,0x3f,0x01,0x40,0x01,0x41,0x01,0x42,0x01,0x43,0x01,0x44,0x01,0x45,0x01,0x46,
  0x01,0x47,0x00,0x02,0x01,0x86,0x00,0x15,0x00,0x77,0x00,0x71,0x00,0x72,0x01,0x24,0x00,0x6b,0x00,0x78,
  0x00,0x6b,0x00,0x78,0x01,0x3b,0x01,0x3c,0x01,0x3d,0x01,0x3e,0x01,0x3f,0x01,0x40,0x01,0x41,0x01,0x42,
  0x01,0x43,0x01,0x44,0x01,0x45,0x01,0x46,0x01,0x47,0x00,0x02,0x01,0x84,0x00,0x0f,0x01,0x22,0x01,0x23,
  0x01,0x3b,0x01,0x3c,0x01,0x3d,0x01,0x3e,0x01,0x3f,0x01,0x40,0x01,0x41,0x01,0x42,0x01,0x43,0x01,0x44,
  0x01,0x45,0x01,0x46,0x01,0x47,0x00,0x02,0x01,0x7c,0x00,0x04,0x00,0x6b,0x00,0x78,0x00,0x6b,0x00,0x78,
  0x00,0x01,0x00,0x02,0x00,0x4c,0x00,0x4d,0x00,0x02,0x00,0x02,0x01,0x2c,0x01,0x30,0x00,0x00,0x01,0x32,
  0x01,0x37,0x00,0x05,0x00,0x01,0x00,0x02,0x01,0x39,0x01,0x3a,0x00,0x02,0x00,0x03,0x01,0x2c,0x01,0x30,
  0x00,0x00,0x01,0x32,0x01,0x37,0x00,0x05,0x01,0x39,0x01,0x3a,0x00,0x0b,0x00,0x01,0x00,0x5a,0x00,0x24,
  0x00,0x25,0x00,0x26,0x00,0x27,0x00,0x28,0x00,0x29,0x00,0x2a,0x00,0x2b,0x00,0x2c,0x00,0x2d,0x00,0x2e,
  0x00,0x2f,0x00,0x30,0x00,0x31,0x00,0x32,0x00,0x33,0x00,0x34,0x00,0x35,0x00,0x36,0x00,0x37,0x00,0x38,
  0x00,0x39,0x00,0x3a,0x00,0x3b,0x00,0x3c,0x00,0x3d,0x00,0x7d,0x00,0x7e,0x00,0x7f,0x00,0x80,0x00,0x81,
  0x00,0x82,0x00,0x83,0x00,0x84,0x00,0x85,0x00,0x86,0x00,0x87,0x00,0x88,0x00,0x89,0x00,0x8a,0x00,0x8b,
  0x00,0x8c,0x00,0x8d,0x00,0x8e,0x00,0x8f,0x00,0x90,0x00,0x91,0x00,0x92,0x00,0x93,0x00,0x95,0x00,0x96,
  0x00,0x97,0x00,0x98,0x00,0x99,0x00,0x9a,0x00,0x9b,0x00,0xbe,0x00,0xc0,0x00,0xc2,0x00,0xc4,0x00,0xc6,
  0x00,0xc8,0x00,0xca,0x00,0xcc,0x00,0xce,0x00,0xd0,0x00,0xd2,0x00,0xd4,0x00,0xd6,0x00,0xd8,0x00,0xda,
  0x00,0xdc,0x00,0xde,0x00,0xe0,0x00,0xe2,0x00,0xe4,0x00,0xe6,0x00,0xe8,0x00,0xea,0x00,0xec,0x00,0xee,
  0x00,0xf0,0x00,0xf2,0x00,0xf4,0x00,0xf6,0x00,0xf8,0x00,0xfa,0x00,0xfb,0x00,0xfd,0x00,0xff,0x00,0x02,
  0x00,0x01,0x01,0x3b,0x01,0x47,0x00,0x00,0x00,0x02,0x00,0x01,0x00,0x14,0x00,0x17,0x00,0x00,0x00,0x01,
  0x00,0x02,0x00,0x14,0x00,0x16,0x00,0x02,0x00,0x01,0x00,0x13,0x00,0x1c,0x00,0x00,0x00,0x01,0x00,0x02,
  0x00,0x24,0x00,0x44,0x00,0x01,0x00,0x02,0x00,0x32,0x00,0x52,0x00,0x01,0x00,0x15,0x00,0x14,0x00,0x15,
  0x00,0x16,0x00,0x17,0x00,0x24,0x00,0x32,0x00,0x44,0x00,0x52,0x01,0x2c,0x01,0x2d,0x01,0x2e,0x01,0x2f,
  0x01,0x30,0x01,0x32,0x01,0x33,0x01,0x34,0x01,0x35,0x01,0x36,0x01,0x37,0x01,0x39,0x01,0x3a,0x00,0x02,
  0x00,0x04,0x00,0x4c,0x00,0x4d,0x00,0x00,0x01,0x2c,0x01,0x30,0x00,0x02,0x01,0x32,0x01,0x37,0x00,0x07,
  0x01,0x39,0x01,0x3a,0x00,0x0d,0x00,0x01,0x00,0x04,0x00,0x24,0x00,0x32,0x00,0x44,0x00,0x52,0x00,0x00,
  0x00,0x00,0x00,0x01,0x00,0x00,0x00,0x00,
};
static const unsigned int comicneue_ttf_len = 57248;
#endif /* COMICNEUE_TTF_H */
